FrogID,treatgp,treatgp2,date,ZE
89979,control,control,27/2/2017,0
89682,control,control,27/2/2017,0
89949,control,control,27/2/2017,0
89842,control,control,27/2/2017,0
89510,control,control,27/2/2017,0
89788,control,control,27/2/2017,0
89937,control,control,27/2/2017,0
89955,control,control,27/2/2017,0
89871,control,control,27/2/2017,0
89547,control,control,27/2/2017,0
89744,control,control,27/2/2017,0
89868,control,control,27/2/2017,0
89614,control,control,27/2/2017,0
89718,control,control,27/2/2017,0
89550,control,control,27/2/2017,0
89959,control,control,27/2/2017,0
89802,control,control,27/2/2017,0
89617,control,control,27/2/2017,0
89810,control,control,27/2/2017,0
89654,2x,naive,27/2/2017,20
89629,2x,naive,27/2/2017,976
89611,2x,naive,27/2/2017,72
89589,2x,naive,27/2/2017,40
89702,2x,naive,27/2/2017,70.67
89578,2x,naive,27/2/2017,62.67
89672,2x,naive,27/2/2017,80
89606,2x,naive,27/2/2017,172.5
89857,2x,naive,27/2/2017,180
89582,2x,naive,27/2/2017,388
89828,2x,naive,27/2/2017,317.33
89894,2x,naive,27/2/2017,242.67
89566,2x,naive,27/2/2017,18.67
89939,2x,naive,27/2/2017,54.17
89976,2x,naive,27/2/2017,306.67
89852,2x,naive,27/2/2017,10.67
89507,2x,naive,27/2/2017,9.45
89638,2x,naive,27/2/2017,314.67
89754,2x,naive,27/2/2017,66.95
89979,control,control,6/3/2017,0
89682,control,control,6/3/2017,0
89949,control,control,6/3/2017,0
89842,control,control,6/3/2017,0
89510,control,control,6/3/2017,0
89788,control,control,6/3/2017,0
89937,control,control,6/3/2017,0
89955,control,control,6/3/2017,0
89871,control,control,6/3/2017,0
89547,control,control,6/3/2017,0
89744,control,control,6/3/2017,0
89868,control,control,6/3/2017,0
89614,control,control,6/3/2017,0
89718,control,control,6/3/2017,0
89550,control,control,6/3/2017,0
89959,control,control,6/3/2017,0
89802,control,control,6/3/2017,0
89617,control,control,6/3/2017,0
89810,control,control,6/3/2017,0
89654,2x,naive,6/3/2017,349.33
89629,2x,naive,6/3/2017,2850.67
89611,2x,naive,6/3/2017,1317.33
89589,2x,naive,6/3/2017,157.33
89702,2x,naive,6/3/2017,886.67
89578,2x,naive,6/3/2017,1006.67
89672,2x,naive,6/3/2017,898.67
89606,2x,naive,6/3/2017,881.33
89857,2x,naive,6/3/2017,472
89582,2x,naive,6/3/2017,2105.33
89828,2x,naive,6/3/2017,780
89894,2x,naive,6/3/2017,3804
89566,2x,naive,6/3/2017,346.67
89939,2x,naive,6/3/2017,0
89976,2x,naive,6/3/2017,608
89852,2x,naive,6/3/2017,954.67
89507,2x,naive,6/3/2017,65.33
89638,2x,naive,6/3/2017,3005.33
89754,2x,naive,6/3/2017,3098.67
89979,control,control,13/3/2017,0
89682,control,control,13/3/2017,0
89949,control,control,13/3/2017,0
89842,control,control,13/3/2017,0
89510,control,control,13/3/2017,0
89788,control,control,13/3/2017,0
89937,control,control,13/3/2017,0
89955,control,control,13/3/2017,0
89871,control,control,13/3/2017,0
89547,control,control,13/3/2017,0
89744,control,control,13/3/2017,0
89868,control,control,13/3/2017,0
89614,control,control,13/3/2017,0
89718,control,control,13/3/2017,0
89550,control,control,13/3/2017,0
89959,control,control,13/3/2017,0
89802,control,control,13/3/2017,0
89617,control,control,13/3/2017,0
89810,control,control,13/3/2017,0
89654,2x,naive,13/3/2017,690.67
89629,2x,naive,13/3/2017,2746.67
89611,2x,naive,13/3/2017,837.33
89589,2x,naive,13/3/2017,33.33
89702,2x,naive,13/3/2017,977.33
89578,2x,naive,13/3/2017,926.67
89672,2x,naive,13/3/2017,1028
89606,2x,naive,13/3/2017,2802.67
89857,2x,naive,13/3/2017,274.67
89582,2x,naive,13/3/2017,1960
89828,2x,naive,13/3/2017,1752
89894,2x,naive,13/3/2017,125.33
89566,2x,naive,13/3/2017,97.33
89939,2x,naive,13/3/2017,0
89976,2x,naive,13/3/2017,176
89852,2x,naive,13/3/2017,846.67
89507,2x,naive,13/3/2017,29.33
89638,2x,naive,13/3/2017,6354.67
89754,2x,naive,13/3/2017,1157.33
89979,control,control,27/4/2017,0
89682,control,control,27/4/2017,0
89949,control,control,27/4/2017,0
89842,control,control,27/4/2017,0
89510,control,control,27/4/2017,0
89788,control,control,27/4/2017,0
89937,control,control,27/4/2017,0
89955,control,control,27/4/2017,0
89871,control,control,27/4/2017,0
89547,control,control,27/4/2017,0
89744,control,control,27/4/2017,0
89868,control,control,27/4/2017,0
89614,control,control,27/4/2017,0
89718,control,control,27/4/2017,0
89550,control,control,27/4/2017,0
89959,control,control,27/4/2017,0
89802,control,control,27/4/2017,0
89617,control,control,27/4/2017,0
89810,control,control,27/4/2017,0
89847,1x,naive,27/4/2017,153.33
89663,1x,naive,27/4/2017,0
89708,1x,naive,27/4/2017,1433.33
89649,1x,naive,27/4/2017,45.33
89998,1x,naive,27/4/2017,14.67
89616,1x,naive,27/4/2017,1109.33
89706,1x,naive,27/4/2017,162.67
89849,1x,naive,27/4/2017,0
89576,1x,naive,27/4/2017,28
89686,1x,naive,27/4/2017,105.33
89758,1x,naive,27/4/2017,1470.67
89659,1x,naive,27/4/2017,352
89997,1x,naive,27/4/2017,453.33
89749,1x,naive,27/4/2017,61.33
89909,1x,naive,27/4/2017,500
89936,1x,naive,27/4/2017,2932
89552,1x,naive,27/4/2017,522.67
89654,2x,reinfected,27/4/2017,0
89629,2x,reinfected,27/4/2017,12
89611,2x,reinfected,27/4/2017,0
89589,2x,reinfected,27/4/2017,0
89702,2x,reinfected,27/4/2017,32
89578,2x,reinfected,27/4/2017,2.67
89672,2x,reinfected,27/4/2017,18.67
89606,2x,reinfected,27/4/2017,0
89857,2x,reinfected,27/4/2017,0
89582,2x,reinfected,27/4/2017,5.33
89828,2x,reinfected,27/4/2017,0
89894,2x,reinfected,27/4/2017,61.33
89566,2x,reinfected,27/4/2017,9.33
89939,2x,reinfected,27/4/2017,185.33
89976,2x,reinfected,27/4/2017,29.33
89852,2x,reinfected,27/4/2017,36
89507,2x,reinfected,27/4/2017,0
89638,2x,reinfected,27/4/2017,10.67
89754,2x,reinfected,27/4/2017,32
89979,control,control,3/5/2017,0
89682,control,control,3/5/2017,0
89949,control,control,3/5/2017,0
89842,control,control,3/5/2017,0
89510,control,control,3/5/2017,0
89788,control,control,3/5/2017,0
89937,control,control,3/5/2017,0
89955,control,control,3/5/2017,0
89871,control,control,3/5/2017,0
89547,control,control,3/5/2017,0
89744,control,control,3/5/2017,0
89868,control,control,3/5/2017,0
89614,control,control,3/5/2017,0
89718,control,control,3/5/2017,0
89550,control,control,3/5/2017,0
89959,control,control,3/5/2017,0
89802,control,control,3/5/2017,0
89617,control,control,3/5/2017,0
89810,control,control,3/5/2017,0
89847,1x,naive,3/5/2017,9.33
89663,1x,naive,3/5/2017,0
89708,1x,naive,3/5/2017,0
89649,1x,naive,3/5/2017,0
89998,1x,naive,3/5/2017,13.33
89616,1x,naive,3/5/2017,0
89706,1x,naive,3/5/2017,17.33
89849,1x,naive,3/5/2017,1.87
89576,1x,naive,3/5/2017,9.33
89686,1x,naive,3/5/2017,0
89758,1x,naive,3/5/2017,0
89659,1x,naive,3/5/2017,12.93
89997,1x,naive,3/5/2017,0
89749,1x,naive,3/5/2017,4
89909,1x,naive,3/5/2017,2.27
89936,1x,naive,3/5/2017,13.33
89552,1x,naive,3/5/2017,557.33
89654,2x,reinfected,3/5/2017,0
89629,2x,reinfected,3/5/2017,2.4
89611,2x,reinfected,3/5/2017,0
89589,2x,reinfected,3/5/2017,0
89702,2x,reinfected,3/5/2017,0
89578,2x,reinfected,3/5/2017,0
89672,2x,reinfected,3/5/2017,0
89606,2x,reinfected,3/5/2017,0
89857,2x,reinfected,3/5/2017,0
89582,2x,reinfected,3/5/2017,0
89828,2x,reinfected,3/5/2017,5.33
89894,2x,reinfected,3/5/2017,0
89566,2x,reinfected,3/5/2017,0
89939,2x,reinfected,3/5/2017,0
89976,2x,reinfected,3/5/2017,0
89852,2x,reinfected,3/5/2017,0
89507,2x,reinfected,3/5/2017,5.5
89638,2x,reinfected,3/5/2017,0
89754,2x,reinfected,3/5/2017,2.67
37007,control,control,16/4/2018,0
37011,1x,naive,16/4/2018,1950.88
37023,control,control,16/4/2018,0
37041,1x,naive,16/4/2018,663.27
37052,1x,naive,16/4/2018,8519.67
37061,1x,naive,16/4/2018,1160.65
37069,1x,naive,16/4/2018,194.62
37071,1x,naive,16/4/2018,10212.93
37075,1x,naive,16/4/2018,565.25
37087,1x,naive,16/4/2018,2212.12
37113,1x,naive,16/4/2018,4143.15
37124,1x,naive,16/4/2018,1335.75
37144,1x,naive,16/4/2018,2028.72
37146,1x,naive,16/4/2018,1390.07
37152,1x,naive,16/4/2018,440.1
37160,1x,naive,16/4/2018,1144.25
37169,1x,naive,16/4/2018,421.32
37175,control,control,16/4/2018,0
37201,1x,naive,16/4/2018,1342.95
37202,1x,naive,16/4/2018,1040.57
37205,1x,naive,16/4/2018,5565.48
37209,1x,naive,16/4/2018,1110.05
37222,1x,naive,16/4/2018,1428.27
37224,1x,naive,16/4/2018,2524.88
37232,1x,naive,16/4/2018,1863.32
37244,1x,naive,16/4/2018,5156.23
37245,control,control,16/4/2018,0
37271,1x,naive,16/4/2018,4647.05
37281,1x,naive,16/4/2018,375.42
37284,1x,naive,16/4/2018,149.45
37293,control,control,16/4/2018,0
37298,1x,naive,16/4/2018,518.32
37331,control,control,16/4/2018,0
37335,control,control,16/4/2018,0
37342,1x,naive,16/4/2018,990.75
37366,1x,naive,16/4/2018,1536.78
37383,1x,naive,16/4/2018,128.75
37390,control,control,16/4/2018,0
37400,1x,naive,16/4/2018,207.15
37408,1x,naive,16/4/2018,1931.22
37417,1x,naive,16/4/2018,724.23
37444,control,control,16/4/2018,0
37452,control,control,16/4/2018,0
37472,1x,naive,16/4/2018,2236.37
37487,1x,naive,16/4/2018,540.7
37490,1x,naive,16/4/2018,1010.93
89576,2x,reinfected,16/4/2018,842.15
89578,3x,reinfected,16/4/2018,275.18
89582,3x,reinfected,16/4/2018,99.8
89589,3x,reinfected,16/4/2018,1312.3
89606,3x,reinfected,16/4/2018,106.3
89638,3x,reinfected,16/4/2018,386.23
89649,2x,reinfected,16/4/2018,1121.9
89654,3x,reinfected,16/4/2018,159.38
89663,2x,reinfected,16/4/2018,536.43
89686,2x,reinfected,16/4/2018,840.92
89708,2x,reinfected,16/4/2018,869.88
89754,3x,reinfected,16/4/2018,862.9
89849,2x,reinfected,16/4/2018,255.97
89857,3x,reinfected,16/4/2018,86.38
89875,2x,reinfected,16/4/2018,209.2
89909,2x,reinfected,16/4/2018,670.43
89939,3x,reinfected,16/4/2018,552.82
89998,2x,reinfected,16/4/2018,1102.77
37007,control,control,24/4/2018,0
37011,1x,naive,24/4/2018,274.58
37023,control,control,24/4/2018,0
37041,1x,naive,24/4/2018,1022.15
37052,1x,naive,24/4/2018,2243.15
37061,1x,naive,24/4/2018,0
37069,1x,naive,24/4/2018,223.7
37071,1x,naive,24/4/2018,1.23
37075,1x,naive,24/4/2018,405.92
37087,1x,naive,24/4/2018,1941.95
37113,1x,naive,24/4/2018,1775.8
37124,1x,naive,24/4/2018,2149.43
37144,1x,naive,24/4/2018,2301.38
37146,1x,naive,24/4/2018,76.82
37152,1x,naive,24/4/2018,0
37160,1x,naive,24/4/2018,168.55
37169,1x,naive,24/4/2018,1547
37175,control,control,24/4/2018,0
37201,1x,naive,24/4/2018,156.95
37202,1x,naive,24/4/2018,302.35
37205,1x,naive,24/4/2018,4652.33
37209,1x,naive,24/4/2018,5.82
37222,1x,naive,24/4/2018,1297
37224,1x,naive,24/4/2018,175.28
37232,1x,naive,24/4/2018,864.13
37244,1x,naive,24/4/2018,13.85
37245,control,control,24/4/2018,0
37271,1x,naive,24/4/2018,1936.38
37281,1x,naive,24/4/2018,285.35
37284,1x,naive,24/4/2018,194.08
37293,control,control,24/4/2018,0
37298,1x,naive,24/4/2018,516.37
37331,control,control,24/4/2018,0
37335,control,control,24/4/2018,0
37342,1x,naive,24/4/2018,63.22
37366,1x,naive,24/4/2018,3655.13
37383,1x,naive,24/4/2018,250.8
37390,control,control,24/4/2018,0
37400,1x,naive,24/4/2018,7.12
37408,1x,naive,24/4/2018,401.95
37417,1x,naive,24/4/2018,1662.38
37444,control,control,24/4/2018,0
37452,control,control,24/4/2018,0
37472,1x,naive,24/4/2018,1465.18
37487,1x,naive,24/4/2018,74.37
37490,1x,naive,24/4/2018,148.9
89576,2x,reinfected,24/4/2018,3.35
89578,3x,reinfected,24/4/2018,68.05
89582,3x,reinfected,24/4/2018,19.58
89589,3x,reinfected,24/4/2018,346.65
89606,3x,reinfected,24/4/2018,0
89638,3x,reinfected,24/4/2018,91.73
89649,2x,reinfected,24/4/2018,14.38
89654,3x,reinfected,24/4/2018,28.82
89663,2x,reinfected,24/4/2018,118.6
89686,2x,reinfected,24/4/2018,210.97
89708,2x,reinfected,24/4/2018,541.48
89754,3x,reinfected,24/4/2018,10.43
89849,2x,reinfected,24/4/2018,155.35
89857,3x,reinfected,24/4/2018,211.95
89875,2x,reinfected,24/4/2018,0
89909,2x,reinfected,24/4/2018,36.45
89939,3x,reinfected,24/4/2018,82.47
89998,2x,reinfected,24/4/2018,227.47
37007,control,control,1/5/2018,0
37011,1x,naive,1/5/2018,440.32
37023,control,control,1/5/2018,0
37041,1x,naive,1/5/2018,126.95
37052,1x,naive,1/5/2018,17492.47
37061,1x,naive,1/5/2018,1.57
37069,1x,naive,1/5/2018,267.17
37071,1x,naive,1/5/2018,3.62
37075,1x,naive,1/5/2018,9502.9
37087,1x,naive,1/5/2018,2013.88
37113,1x,naive,1/5/2018,26.05
37124,1x,naive,1/5/2018,3214.7
37144,1x,naive,1/5/2018,2176.92
37146,1x,naive,1/5/2018,0
37152,1x,naive,1/5/2018,81.85
37160,1x,naive,1/5/2018,1030.07
37169,1x,naive,1/5/2018,259.47
37175,control,control,1/5/2018,0
37201,1x,naive,1/5/2018,1304.6
37202,1x,naive,1/5/2018,114.22
37205,1x,naive,1/5/2018,65.83
37209,1x,naive,1/5/2018,143.32
37222,1x,naive,1/5/2018,3935.75
37224,1x,naive,1/5/2018,3928.3
37232,1x,naive,1/5/2018,1032.35
37244,1x,naive,1/5/2018,0
37245,control,control,1/5/2018,0
37271,1x,naive,1/5/2018,933.33
37281,1x,naive,1/5/2018,562.27
37284,1x,naive,1/5/2018,1246.85
37293,control,control,1/5/2018,0
37298,1x,naive,1/5/2018,481.08
37331,control,control,1/5/2018,0
37335,control,control,1/5/2018,0
37342,1x,naive,1/5/2018,265.72
37366,1x,naive,1/5/2018,4467.55
37383,1x,naive,1/5/2018,294.37
37390,control,control,1/5/2018,0
37400,1x,naive,1/5/2018,0
37408,1x,naive,1/5/2018,1320.32
37417,1x,naive,1/5/2018,1012.18
37444,control,control,1/5/2018,0
37452,control,control,1/5/2018,0
37472,1x,naive,1/5/2018,2864.93
37487,1x,naive,1/5/2018,1.85
37490,1x,naive,1/5/2018,33.92
89576,2x,reinfected,1/5/2018,311.83
89578,3x,reinfected,1/5/2018,5.95
89582,3x,reinfected,1/5/2018,103.75
89589,3x,reinfected,1/5/2018,67.82
89606,3x,reinfected,1/5/2018,0
89638,3x,reinfected,1/5/2018,16.6
89649,2x,reinfected,1/5/2018,104.88
89654,3x,reinfected,1/5/2018,7.83
89663,2x,reinfected,1/5/2018,81.8
89686,2x,reinfected,1/5/2018,1257.1
89708,2x,reinfected,1/5/2018,431.43
89754,3x,reinfected,1/5/2018,48.33
89849,2x,reinfected,1/5/2018,245.88
89857,3x,reinfected,1/5/2018,51.83
89875,2x,reinfected,1/5/2018,2
89909,2x,reinfected,1/5/2018,99.85
89939,3x,reinfected,1/5/2018,4065.05
89998,2x,reinfected,1/5/2018,550.13