Species,Code,Group,Death,Status,Pathogen,day_7,day_14,day_21,day_28,day_35,day_42,day_49,day_56,day_63,day_70,day_77,day_84,day_91,day_98,day_105,day_112,day_119,day_126,day_133,day_140,day_147,day_154,day_161,day_168,day_175,day_182,day_189,day_196,day_203,day_210,day_217,day_224,day_231
Salamandra salamandra,V1,bd-bsal,34,Dead,Bsal,NA,NA,NA,0,36,132,968,,,,,,,,,,,,,,,,,,,,,,,,,,
Salamandra salamandra,V2,bd-bsal,26,Dead,Bsal,NA,NA,NA,0,194,310,,,,,,,,,,,,,,,,,,,,,,,,,,,
Salamandra salamandra,V3,bd-bsal,31,Dead,Bsal,NA,NA,NA,0,183,46,75,,,,,,,,,,,,,,,,,,,,,,,,,,
Salamandra salamandra,V5,bd-bsal,43,Dead,Bsal,NA,NA,NA,0,0,153,618,133.8,896,,,,,,,,,,,,,,,,,,,,,,,,
Salamandra salamandra,V6,bd-bsal,35,Dead,Bsal,NA,NA,NA,0,0,20,128,1258,,,,,,,,,,,,,,,,,,,,,,,,,
Salamandra salamandra,V7,bd-bsal,29,Dead,Bsal,NA,NA,NA,0,20,63,1598,,,,,,,,,,,,,,,,,,,,,,,,,,
Salamandra salamandra,V8,bd-bsal,57,Dead,Bsal,NA,NA,NA,0,0,52,20,41,73,618,0,,,,,,,,,,,,,,,,,,,,,,
Salamandra salamandra,V9,bd-bsal,25,Dead,Bsal,NA,NA,NA,0,1122,556,,,,,,,,,,,,,,,,,,,,,,,,,,,
Salamandra salamandra,V10,bd-bsal,38,Dead,Bsal,NA,NA,NA,0,0,20,364,832,,,,,,,,,,,,,,,,,,,,,,,,,
Salamandra salamandra,V21,bsal,22,Dead,Bsal,NA,NA,NA,0,754,418,,,,,,,,,,,,,,,,,,,,,,,,,,,
Salamandra salamandra,V22,bsal,30,Dead,Bsal,NA,NA,NA,0,190,52,1410,,,,,,,,,,,,,,,,,,,,,,,,,,
Salamandra salamandra,V23,bsal,39,Dead,Bsal,NA,NA,NA,0,0,65,106,692,,,,,,,,,,,,,,,,,,,,,,,,,
Salamandra salamandra,V24,bsal,49,Dead,Bsal,NA,NA,NA,0,0,0,21,340,268,67,,,,,,,,,,,,,,,,,,,,,,,
Salamandra salamandra,V25,bsal,39,Dead,Bsal,NA,NA,NA,0,0,0,256,1808,,,,,,,,,,,,,,,,,,,,,,,,,
Salamandra salamandra,V26,bsal,28,Dead,Bsal,NA,NA,NA,0,0,68,352,,,,,,,,,,,,,,,,,,,,,,,,,,
Salamandra salamandra,V27,bsal,65,Dead,Bsal,NA,NA,NA,0,0,0,104,2,60,486,172,268,,,,,,,,,,,,,,,,,,,,,
Salamandra salamandra,V28,bsal,23,Dead,Bsal,NA,NA,NA,0,268,254,,,,,,,,,,,,,,,,,,,,,,,,,,,
Salamandra salamandra,V29,bsal,19,Dead,Bsal,NA,NA,NA,0,428,,,,,,,,,,,,,,,,,,,,,,,,,,,,
Pleurodeles waltl,P1,bd-bsal,210,Alive,Bsal,NA,NA,NA,0,0,0,0,0,4,9,0,0,7,1,6,0,0,1,0,64,0,0,0,3,0,0,0,0,0,0,0,0,0
Pleurodeles waltl,P2,bd-bsal,210,Alive,Bsal,NA,NA,NA,0,0,2,0,1,19,45,19,1,128,89,23,15,7,1,0,192,0,0,0,0,5,0,0,0,0,10,0,0,3
Pleurodeles waltl,P3,bd-bsal,210,Alive,Bsal,NA,NA,NA,0,0,0,0,0,19,0,1,5,2,143,4,19,26,1,0,184,0,0,0,0,0,0,0,0,0,0,0,5,0
Pleurodeles waltl,P4,bd-bsal,210,Alive,Bsal,NA,NA,NA,0,0,0,0,0,0,0,0,3,0,0,0,0,0,0,0,0,0,0,0,0,0,0,0,0,0,0,0,0,0
Pleurodeles waltl,P5,bd-bsal,210,Alive,Bsal,NA,NA,NA,0,0,4,13,13,23,0,4,3,8,3,3,0,0,0,13,2,0,1,0,1,0,0,0,0,0,0,0,0,0
Pleurodeles waltl,P6,bd-bsal,210,Alive,Bsal,NA,NA,NA,0,26,12,7,32,51,10,31,37,85,53,68,67,24,14,540,272,86,1,35,23,28,38,1,0,0,1,0,0,1
Pleurodeles waltl,P7,bd-bsal,210,Alive,Bsal,NA,NA,NA,0,0,0,0,2,0,1,0,4,85,123,121,32,32,12,157,5,9,24,446,21,38,5,96,8,0,5,17,67,5
Pleurodeles waltl,P8,bd-bsal,210,Alive,Bsal,NA,NA,NA,0,0,2,26,11,54,115,114,16,90,346,59,6,6,4,242,21,0,24,0,66,14,48,0,0,2,68,0,0,0
Pleurodeles waltl,P17,bsal,210,Alive,Bsal,NA,NA,NA,0,105,25,144,47,2040,472,390,39,1066,36,344,7,24,188,130,15,2,0,77,27,9,39,15,0,1,2,0,42,12
Pleurodeles waltl,P18,bsal,210,Alive,Bsal,NA,NA,NA,0,37,58,26,187,140,154,52,7,11,57,12,3,0,25,26,4,2,1,9,2,1,20,16,6,1,4,0,10,11
Pleurodeles waltl,P19,bsal,210,Alive,Bsal,NA,NA,NA,0,75,2,27,106,230,104,71,8,33,204,208,7,0,31,3,8,0,2,1,37,10,10,1,1,14,35,3,0,13
Pleurodeles waltl,P20,bsal,210,Alive,Bsal,NA,NA,NA,3,7,111,63,342,71,37,3,4,49,86,5,0,1,44,1,1,0,0,2,13,2,1,8,0,7,15,2,0,5
Pleurodeles waltl,P21,bsal,64,Dead,Bsal,NA,NA,NA,2,57,38,85,444,4540,1760,181,10,,,,,,,,,,,,,,,,,,,,,
Pleurodeles waltl,P22,bsal,44,Dead,Bsal,NA,NA,NA,0,442,726,612,2900,3320,,,,,,,,,,,,,,,,,,,,,,,,
Pleurodeles waltl,P23,bsal,59,Dead,Bsal,NA,NA,NA,0,496,85,250,522,2920,626,101,,,,,,,,,,,,,,,,,,,,,,
Pleurodeles waltl,P24,bsal,210,Alive,Bsal,NA,NA,NA,0,40,105,282,434,1068,1022,272,4,48,14,0,11,0,62,40,26,17,12,44,20,14,50,5,10,10,10,0,1,0
Triturus marmoratus,M1,bd-bsal,109,Dead,Bsal,NA,NA,NA,0,0,0,0,0,0,332,66,0,486,4460,1656,516,1718,49,,,,,,,,,,,,,,,
Triturus marmoratus,M2,bd-bsal,101,Dead,Bsal,NA,NA,NA,0,0,0,20,0,23,380,2120,20,37,218,136,141,0,,,,,,,,,,,,,,,,
Triturus marmoratus,M3,bd-bsal,210,Alive,Bsal,NA,NA,NA,0,0,0,0,0,0,0,0,32,424,1452,326,456,866,64,84,138,0,73,45,0,33,26,0,0,0,0,0,0,0
Triturus marmoratus,M4,bd-bsal,119,Alive,Bsal,NA,NA,NA,0,0,0,0,0,0,0,0,0,0,0,0,0,0,0,0,0,,,,,,,,,,,,,
Triturus marmoratus,M5,bd-bsal,119,Alive,Bsal,NA,NA,NA,0,0,0,0,0,0,0,0,0,0,0,0,0,0,0,0,0,,,,,,,,,,,,,
Triturus marmoratus,M6,bd-bsal,112,Dead,Bsal,NA,NA,NA,0,0,74,20,0,105,66,508,800,304,888,702,712,1464,3500,1110, ,,,,,,,,,,,,,
Triturus marmoratus,M7,bd-bsal,119,Alive,Bsal,NA,NA,NA,0,0,0,0,0,0,0,0,0,0,0,0,0,0,0,0,0,,,,,,,,,,,,,
Triturus marmoratus,M14,bsal,33,Dead,Bsal,NA,NA,NA,0,518,502,332,,,,,,,, ,,,,,,,,,,,,,,,,,,
Triturus marmoratus,M15,bsal,31,Dead,Bsal,NA,NA,NA,0,1806,3980,4460,,,,,,,,,,,,,,,,,,,,,,,,,,
Triturus marmoratus,M16,bsal,38,Dead,Bsal,NA,NA,NA,0,554,52,0,2760,,,,,,,,,,,,,,,,,,,,,,,,,
Triturus marmoratus,M17,bsal,59,Dead,Bsal,NA,NA,NA,0,0,0,37,272,606,514000,538,,,,,,,,,,,,,,,,,,,,,,
Triturus marmoratus,M18,bsal,38,Dead,Bsal,NA,NA,NA,0,1006,1206,202,582,,,,,,,,,,,,,,,,,,,,,,,,,
Triturus marmoratus,M19,bsal,27,Dead,Bsal,NA,NA,NA,0,3760,212,,,,,,,,,,,,,,,,,,,,,,,,,,,
Triturus marmoratus,M20,bsal,33,Dead,Bsal,NA,NA,NA,0,630,7,3020,,,,,,,,,,,,,,,,,,,,,,,,,,