Ind_ID,Isolate,Load_dec,Time,Death,infected_at_beginning
1,BdBE1,34,0,84,yes_excluded
1,BdBE1,718,7,84,yes_excluded
1,BdBE1,188,14,84,yes_excluded
1,BdBE1,34,21,84,yes_excluded
1,BdBE1,80,28,84,yes_excluded
1,BdBE1,940,35,84,yes_excluded
1,BdBE1,70,42,84,yes_excluded
1,BdBE1,206,49,84,yes_excluded
1,BdBE1,1012,56,84,yes_excluded
1,BdBE1,4900,63,84,yes_excluded
1,BdBE1,2340,70,84,yes_excluded
1,BdBE1,95,77,84,yes_excluded
1,BdBE1,0,84,84,yes_excluded
3,BdBE1,0,0,84,focal_animals
3,BdBE1,338,7,84,focal_animals
3,BdBE1,38,14,84,focal_animals
3,BdBE1,21,21,84,focal_animals
3,BdBE1,71,28,84,focal_animals
3,BdBE1,0,35,84,focal_animals
3,BdBE1,50,42,84,focal_animals
3,BdBE1,96,49,84,focal_animals
3,BdBE1,400,56,84,focal_animals
3,BdBE1,0,63,84,focal_animals
3,BdBE1,0,70,84,focal_animals
3,BdBE1,78,77,84,focal_animals
3,BdBE1,0,84,84,focal_animals
4,BdBE1,195,0,57,yes_excluded
4,BdBE1,2100,7,57,yes_excluded
4,BdBE1,1092,14,57,yes_excluded
4,BdBE1,4760,21,57,yes_excluded
4,BdBE1,13680,28,57,yes_excluded
4,BdBE1,3920,35,57,yes_excluded
4,BdBE1,2740,42,57,yes_excluded
4,BdBE1,12600,49,57,yes_excluded
4,BdBE1,3360,56,57,yes_excluded
4,BdBE1,2940,63,57,yes_excluded
5,BdBE1,22,0,37,yes_excluded
5,BdBE1,492,7,37,yes_excluded
5,BdBE1,926,14,37,yes_excluded
5,BdBE1,3560,21,37,yes_excluded
5,BdBE1,3060,28,37,yes_excluded
5,BdBE1,1846,35,37,yes_excluded
5,BdBE1,12400,42,37,yes_excluded
6,BdBE1,0,0,84,focal_animals
6,BdBE1,128,7,84,focal_animals
6,BdBE1,145,14,84,focal_animals
6,BdBE1,0,21,84,focal_animals
6,BdBE1,0,28,84,focal_animals
6,BdBE1,158,35,84,focal_animals
6,BdBE1,74,42,84,focal_animals
6,BdBE1,682,49,84,focal_animals
6,BdBE1,1330,56,84,focal_animals
6,BdBE1,68,63,84,focal_animals
6,BdBE1,1320,70,84,focal_animals
6,BdBE1,456,77,84,focal_animals
6,BdBE1,208,84,84,focal_animals
7,BdBE3,21,0,84,yes_excluded
7,BdBE3,183,7,84,yes_excluded
7,BdBE3,488,14,84,yes_excluded
7,BdBE3,42,21,84,yes_excluded
7,BdBE3,100,28,84,yes_excluded
7,BdBE3,156,35,84,yes_excluded
7,BdBE3,34,42,84,yes_excluded
7,BdBE3,820,49,84,yes_excluded
7,BdBE3,191,56,84,yes_excluded
7,BdBE3,80,63,84,yes_excluded
7,BdBE3,116,70,84,yes_excluded
7,BdBE3,786,77,84,yes_excluded
7,BdBE3,115,84,84,yes_excluded
8,BdBE3,0,0,84,focal_animals
8,BdBE3,1162,7,84,focal_animals
8,BdBE3,460,14,84,focal_animals
8,BdBE3,1168,21,84,focal_animals
8,BdBE3,143,28,84,focal_animals
8,BdBE3,2480,35,84,focal_animals
8,BdBE3,47,42,84,focal_animals
8,BdBE3,954,49,84,focal_animals
8,BdBE3,124,56,84,focal_animals
8,BdBE3,93,63,84,focal_animals
8,BdBE3,1556,70,84,focal_animals
8,BdBE3,1642,77,84,focal_animals
8,BdBE3,3380,84,84,focal_animals
9,BdBE3,0,0,84,focal_animals
9,BdBE3,988,7,84,focal_animals
9,BdBE3,55,14,84,focal_animals
9,BdBE3,0,21,84,focal_animals
9,BdBE3,0,28,84,focal_animals
9,BdBE3,0,35,84,focal_animals
9,BdBE3,46,42,84,focal_animals
9,BdBE3,62,49,84,focal_animals
9,BdBE3,384,56,84,focal_animals
9,BdBE3,0,63,84,focal_animals
9,BdBE3,80,70,84,focal_animals
9,BdBE3,70,77,84,focal_animals
9,BdBE3,0,84,84,focal_animals
10,BdBE3,0,0,21,focal_animals
10,BdBE3,18260,7,21,focal_animals
10,BdBE3,758,14,21,focal_animals
10,BdBE3,5720,21,21,focal_animals
11,BdBE3,26,0,84,yes_excluded
11,BdBE3,6740,7,84,yes_excluded
11,BdBE3,3760,14,84,yes_excluded
11,BdBE3,354,21,84,yes_excluded
11,BdBE3,2180,28,84,yes_excluded
11,BdBE3,12260,35,84,yes_excluded
11,BdBE3,256,42,84,yes_excluded
11,BdBE3,388,49,84,yes_excluded
11,BdBE3,2900,56,84,yes_excluded
11,BdBE3,570,63,84,yes_excluded
11,BdBE3,422,70,84,yes_excluded
11,BdBE3,908,77,84,yes_excluded
11,BdBE3,1938,84,84,yes_excluded
12,BdBE3,0,0,84,focal_animals
12,BdBE3,1494,7,84,focal_animals
12,BdBE3,6600,14,84,focal_animals
12,BdBE3,346,21,84,focal_animals
12,BdBE3,99,28,84,focal_animals
12,BdBE3,234,35,84,focal_animals
12,BdBE3,2320,42,84,focal_animals
12,BdBE3,666,49,84,focal_animals
12,BdBE3,76,56,84,focal_animals
12,BdBE3,360,63,84,focal_animals
12,BdBE3,4940,70,84,focal_animals
12,BdBE3,3960,77,84,focal_animals
12,BdBE3,14800,84,84,focal_animals
13,BdBE4,0,0,37,focal_animals
13,BdBE4,18440,7,37,focal_animals
13,BdBE4,1690,14,37,focal_animals
13,BdBE4,2540,21,37,focal_animals
13,BdBE4,1348,28,37,focal_animals
13,BdBE4,854,35,37,focal_animals
13,BdBE4,1072,42,37,focal_animals
15,BdBE4,120,0,73,yes_excluded
15,BdBE4,16104,7,73,yes_excluded
15,BdBE4,736,14,73,yes_excluded
15,BdBE4,1342,21,73,yes_excluded
15,BdBE4,1256,28,73,yes_excluded
15,BdBE4,552,35,73,yes_excluded
15,BdBE4,362,42,73,yes_excluded
15,BdBE4,27400,49,73,yes_excluded
15,BdBE4,36000,56,73,yes_excluded
15,BdBE4,832,63,73,yes_excluded
15,BdBE4,1988,70,73,yes_excluded
16,BdBE4,0,0,84,focal_animals
16,BdBE4,11240,7,84,focal_animals
16,BdBE4,1370,14,84,focal_animals
16,BdBE4,4640,21,84,focal_animals
16,BdBE4,1260,28,84,focal_animals
16,BdBE4,93,35,84,focal_animals
16,BdBE4,78,42,84,focal_animals
16,BdBE4,418,49,84,focal_animals
16,BdBE4,414,56,84,focal_animals
16,BdBE4,576,63,84,focal_animals
16,BdBE4,4480,70,84,focal_animals
16,BdBE4,1424,77,84,focal_animals
16,BdBE4,4100,84,84,focal_animals
17,BdBE4,0,0,46,focal_animals
17,BdBE4,19540,7,46,focal_animals
17,BdBE4,482,14,46,focal_animals
17,BdBE4,5500,21,46,focal_animals
17,BdBE4,1800,28,46,focal_animals
17,BdBE4,4980,35,46,focal_animals
17,BdBE4,141400,42,46,focal_animals
17,BdBE4,17820,49,46,focal_animals
18,BdBE4,38,0,67,yes_excluded
18,BdBE4,123,7,67,yes_excluded
18,BdBE4,1630,14,67,yes_excluded
18,BdBE4,9720,21,67,yes_excluded
18,BdBE4,948,28,67,yes_excluded
18,BdBE4,260,35,67,yes_excluded
18,BdBE4,1310,42,67,yes_excluded
18,BdBE4,7940,49,67,yes_excluded
18,BdBE4,612,56,67,yes_excluded
18,BdBE4,2500,63,67,yes_excluded
18,BdBE4,172800,70,67,yes_excluded
19,BdBE5,304,0,84,yes_excluded
19,BdBE5,9560,7,84,yes_excluded
19,BdBE5,1246,14,84,yes_excluded
19,BdBE5,52,21,84,yes_excluded
19,BdBE5,50,28,84,yes_excluded
19,BdBE5,151,35,84,yes_excluded
19,BdBE5,4880,42,84,yes_excluded
19,BdBE5,1400,49,84,yes_excluded
19,BdBE5,95,56,84,yes_excluded
19,BdBE5,0,63,84,yes_excluded
19,BdBE5,2220,70,84,yes_excluded
19,BdBE5,2220,77,84,yes_excluded
19,BdBE5,9600,84,84,yes_excluded
20,BdBE5,0,0,28,focal_animals
20,BdBE5,382000,7,28,focal_animals
20,BdBE5,2700,14,28,focal_animals
20,BdBE5,3840,21,28,focal_animals
20,BdBE5,3480,28,28,focal_animals
21,BdBE5,35,0,84,yes_excluded
21,BdBE5,14380,7,84,yes_excluded
21,BdBE5,564,14,84,yes_excluded
21,BdBE5,774,21,84,yes_excluded
21,BdBE5,54,28,84,yes_excluded
21,BdBE5,121,35,84,yes_excluded
21,BdBE5,98,42,84,yes_excluded
21,BdBE5,30,49,84,yes_excluded
21,BdBE5,690,56,84,yes_excluded
21,BdBE5,135,63,84,yes_excluded
21,BdBE5,1512,70,84,yes_excluded
21,BdBE5,608,77,84,yes_excluded
21,BdBE5,3140,84,84,yes_excluded
22,BdBE5,31,0,78,yes_excluded
22,BdBE5,33800,7,78,yes_excluded
22,BdBE5,44000,14,78,yes_excluded
22,BdBE5,13540,21,78,yes_excluded
22,BdBE5,3760,28,78,yes_excluded
22,BdBE5,38200,35,78,yes_excluded
22,BdBE5,30000,42,78,yes_excluded
22,BdBE5,2880,49,78,yes_excluded
22,BdBE5,2240,56,78,yes_excluded
22,BdBE5,9460,63,78,yes_excluded
22,BdBE5,19840,70,78,yes_excluded
22,BdBE5,12380,77,78,yes_excluded
23,BdBE5,0,0,43,focal_animals
23,BdBE5,7180,7,43,focal_animals
23,BdBE5,6500,14,43,focal_animals
23,BdBE5,2400,21,43,focal_animals
23,BdBE5,3680,28,43,focal_animals
23,BdBE5,12700,35,43,focal_animals
23,BdBE5,2940,42,43,focal_animals
24,BdBE5,63,0,74,yes_excluded
24,BdBE5,13060,7,74,yes_excluded
24,BdBE5,1100,14,74,yes_excluded
24,BdBE5,590,21,74,yes_excluded
24,BdBE5,1726,28,74,yes_excluded
24,BdBE5,6520,35,74,yes_excluded
24,BdBE5,16580,42,74,yes_excluded
24,BdBE5,19160,49,74,yes_excluded
24,BdBE5,19760,56,74,yes_excluded
24,BdBE5,2780,63,74,yes_excluded
24,BdBE5,6600,70,74,yes_excluded
25,JEL423,21000,7,20,not_sure
25,JEL423,36400,14,20,not_sure
26,JEL423,35600,7,41,not_sure
26,JEL423,13480,14,41,not_sure
26,JEL423,60400,21,41,not_sure
26,JEL423,39400,28,41,not_sure
26,JEL423,368000,35,41,not_sure
27,JEL423,85600,7,24,not_sure
27,JEL423,176600,14,24,not_sure
27,JEL423,632000,21,24,not_sure
28,JEL423,14940,7,64,not_sure
28,JEL423,2920,14,64,not_sure
28,JEL423,696,21,64,not_sure
28,JEL423,1508,28,64,not_sure
28,JEL423,5800,35,64,not_sure
28,JEL423,32600,42,64,not_sure
28,JEL423,10500,49,64,not_sure
28,JEL423,88400,56,64,not_sure
28,JEL423,992000,63,64,not_sure
29,JEL423,123600,7,20,not_sure
29,JEL423,80600,14,20,not_sure
30,JEL423,79200,7,21,not_sure
30,JEL423,108200,14,21,not_sure
30,JEL423,79800,21,21,not_sure
31,control,0,0,84,focal_animals
31,control,4780,7,84,focal_animals
31,control,430,14,84,focal_animals
31,control,564,21,84,focal_animals
31,control,1304,28,84,focal_animals
31,control,926,35,84,focal_animals
31,control,31400,42,84,focal_animals
31,control,410,49,84,focal_animals
31,control,285,56,84,focal_animals
31,control,44,63,84,focal_animals
31,control,390,70,84,focal_animals
31,control,45,77,84,focal_animals
31,control,0,84,84,focal_animals
32,control,0,0,51,focal_animals
32,control,29400,7,51,focal_animals
32,control,26000,14,51,focal_animals
32,control,5300,21,51,focal_animals
32,control,3240,28,51,focal_animals
33,control,0,0,47,focal_animals
33,control,17640,7,47,focal_animals
33,control,1394,14,47,focal_animals
33,control,4740,21,47,focal_animals
33,control,23000,28,47,focal_animals
33,control,19200,35,47,focal_animals
33,control,97800,42,47,focal_animals
33,control,2420,49,47,focal_animals
34,control,0,0,35,focal_animals
34,control,24400,7,35,focal_animals
34,control,3520,14,35,focal_animals
34,control,9720,21,35,focal_animals
34,control,7580,28,35,focal_animals
34,control,584,35,35,focal_animals
35,control,0,0,29,focal_animals
35,control,3600,7,29,focal_animals
35,control,8000,14,29,focal_animals
35,control,1124,21,29,focal_animals
35,control,78000,28,29,focal_animals
36,control,0,0,25,focal_animals
36,control,85000,7,25,focal_animals
36,control,4840,14,25,focal_animals
36,control,53200,21,25,focal_animals
36,control,28,28,25,focal_animals
37,BdBE5,0,0,35,focal_animals
37,BdBE5,4540,7,35,focal_animals
37,BdBE5,18160,14,35,focal_animals
37,BdBE5,48600,21,35,focal_animals
37,BdBE5,52400,28,35,focal_animals
37,BdBE5,37800,35,35,focal_animals
38,BdBE5,0,0,29,focal_animals
38,BdBE5,135200,7,29,focal_animals
38,BdBE5,332000,14,29,focal_animals
38,BdBE5,7040,21,29,focal_animals
38,BdBE5,96800,28,29,focal_animals
39,BdBE5,0,0,22,focal_animals
39,BdBE5,6120,7,22,focal_animals
39,BdBE5,2840,14,22,focal_animals
39,BdBE5,11340,21,22,focal_animals
40,BdBE5,0,0,35,focal_animals
40,BdBE5,33800,7,35,focal_animals
40,BdBE5,46600,14,35,focal_animals
40,BdBE5,10620,21,35,focal_animals
40,BdBE5,24800,28,35,focal_animals
40,BdBE5,33800,35,35,focal_animals
41,BdBE5,0,0,48,focal_animals
41,BdBE5,177200,7,48,focal_animals
41,BdBE5,25600,14,48,focal_animals
41,BdBE5,85800,21,48,focal_animals
41,BdBE5,612,28,48,focal_animals
41,BdBE5,1758,35,48,focal_animals
41,BdBE5,49000,42,48,focal_animals
41,BdBE5,9640,49,48,focal_animals
42,JEL423,60400,7,20,not_sure
42,JEL423,72600,14,20,not_sure
43,JEL423,63400,7,20,not_sure
43,JEL423,137400,14,20,not_sure
44,JEL423,112800,7,16,not_sure
44,JEL423,198400,14,16,not_sure