Animal.ID,Treatment,Dosage,Sex,Room.Number,Tank.Number,Day.3,Day.7,Day.10,Day.14,Day.17,Day.21,Day.23,Day.28,Day.30,Day.35,Day.38,Day.42,Day.45,Day.49,Day.52,Day.56,Day.59,Day.63,Day.66,Day.70,Day.73,Day.77,Day.80,Day.84,Day.87,Day.91,Day.95,Day.98,Day.105,Day.112,Day.119,Day.126,Day.135
4988,Control,Control,Male,C1078,1,0,0,0,0,0,0,0,0,0,0,0,0,0,0,0,0,0,0,0,0,0,0,0,0,0,0,0,0,0,0,0,0,0
8373,Control,Control,Unknown,C1078,1,0,0,0,0,0,0,0,0,0,0,0,0,0,0,0,0,0,0,0,0,0,0,0,0,0,0,0,0,0,0,0,0,0
5141,Oral,Control,Male,C1078,1,0,0,0,0,0,0,0,0,0,0,0,0,0,0,0,0,0,0,0,0,0,0,0,0,0,0,0,0,0,0,0,0,0
6133,Oral,Control,Unknown,C1078,1,0,0,0,0,0,0,0,0,0,0,0,0,0,0,0,0,0,0,0,0,0,0,0,0,0,0,0,0,0,0,0,0,0
7507,Topical,Control,Unknown,C1078,1,0,0,0,0,0,0,0,0,0,0,0,0,0,0,0,0,0,0,0,0,0,0,0,0,0,0,0,0,0,0,0,0,0
8807,Topical,Control,Male,C1078,1,0,0,0,0,0,0,0,0,0,0,0,0,0,0,0,0,0,0,0,0,0,0,0,0,0,0,0,0,0,0,0,0,0
4611,Control,High,Female,C1076,1,0,0,0,0,0,53441.7,87224.1,430191,300,991332.3,58618.5,56567.1,27797.4,17296.2,15774.3,0,15261.9,18046.2,52648.8,56848.2,5872.2,0,0,3853.8,8374.8,22670.7,0,62017.2,34296.9,22221.6,15389.1,0,12163.8
5711,Control,High,Male,C1076,4,0,0,0,7745.4,28886.1,440240.4,15896.1,1703634,300,94854,30521.4,74370.9,148611.9,20097.3,79926.3,19057.8,4899.3,75434.1,15765.3,28679.7,56860.5,552304.8,8537.7,79754.1,227970,432303.3,1800,3289170.6,2513622.9,8750867.7,6944253,5278452,1200
6064,Control,High,Male,C1076,4,0,0,0,0,282073.2,2686002.3,300,600,105655.5,300,166460.4,195062.1,44912.7,21065.1,12838.2,0,28325.4,63591.9,28985.7,10883.7,38151.9,18715.2,67604.1,144184.2,19716,278496.9,197340.9,455790.6,404151.9,1500,431848.5,7738362.9,1800
6463,Control,High,Male,C1076,3,0,0,0,9618.6,43030.2,5134.2,155253,1445840.1,900,2100,254246.7,11315.7,22314.3,26640.6,24346.8,32289.6,26044.2,83728.5,55436.7,50972.1,196647,45362.7,30779.1,86754.3,13176.6,56300.4,1500,2634282.9,23595918.9,9156858.3,10456149.6,4588236.9,287345.7
6645,Control,High,Male,C1076,4,0,0,0,0,16919.4,102246.9,20950.2,1399880.1,15732.9,300,83754.9,0,33392.1,10237.5,24447,8879.1,0,22517.7,11770.8,51393.9,101452.5,40048.5,11805.9,31181.7,18027.6,106503,127723.2,6644503.2,249858.9,13425404.4,2191299.3,5734480.8,1800
7818,Control,High,Male,C1076,3,0,0,0,0,74164.8,167878.8,600,3557911.8,900,2700,130829.4,0,210407.7,191566.8,40474.8,391620.9,0,382182.6,112326.9,45935.1,7957.2,60086.1,69209.4,103608,33128.1,192035.1,600,16819361.7,8077814.1,2486904,5632461.9,7012038.3,900
5173,Oral,High,Male,C1076,2,0,0,0,7761.6,0,22013.4,7618846.8,2568143.1,141411.3,300,300,84195.6,28990.5,43605.9,89116.2,115935.3,900,367267.2,199538.4,135321.6,209577.3,343075.8,252137.7,149760,122670.9,66222.9,177533.1,487626.9,127193.4,454840.5,236573.7,389610,232747.2
5534,Oral,High,Male,C1076,1,0,0,0,0,0,77328.9,83516.1,40905,300,900,128627.1,30559.5,39437.1,25760.1,0,5935.2,5180.7,14151.9,0,51504.6,43485.9,581193.6,10752.3,44675.7,0,0,0,0,27486.3,5976,0,9873,0
5772,Oral,High,Male,C1076,2,0,0,0,0,14955.9,134778.6,40147.5,4388225.7,229704.3,3000,900,469614,163101.9,6917.1,96922.5,91716.6,27018.9,160455.9,300,20541.3,300,686786.4,900,1718150.1,17300.4,362939.4,20672.7,6647.1,949226.1,6653262.9,7557198.6,12545490.3,4500
5775,Oral,High,Female,C1076,1,0,0,0,10563.9,42573.3,10475.7,618267,402130.8,4500,3600,3300,424676.1,64072.5,9311.7,6574.2,40566,248036.4,23627.1,40512.6,183210.6,300,288317.1,91193.7,7192.5,24907.8,19639.5,0,290135.7,30663,22286.4,11736.3,18496.8,0
6267,Oral,High,Male,C1076,4,0,0,0,45385.5,128057.4,680873.4,12801,379044.9,263376,300,299036.7,97986,60766.2,13529.1,19965.6,57270.6,79123.2,130724.7,23601,142846.8,13185.6,5550,33456.9,216477.3,300,118388.1,,35044490.7,20903160.9,15562469.4,3221644.2,9000,300
6406,Oral,High,Male,C1076,1,0,0,0,0,50574,168489.3,271801.8,2325371.7,600,97547.4,58745.4,0,71012.1,21049.2,47333.7,171648,64667.4,0,0,0,28999.2,7130.4,41223.6,0,0,0,0,34084.8,0,25296,8937,0,0
6428,Oral,High,Female,C1076,3,0,0,0,0,0,5450.1,13751.1,344200.5,0,82290.3,262528.8,0,96637.2,69585.6,210139.5,84342.3,120721.2,0,9279.6,41959.2,24033.3,41801.1,31303.5,12351.9,75326.7,586176.9,3300,537409.5,706850.1,8282181,458952.3,90309.9,32493.6
6657,Oral,High,Female,C1076,2,0,0,0,0,15839.7,53200.8,14249.4,620320.2,300,80347.8,48364.2,71804.1,140214,0,0,22922.7,0,78179.1,7542.9,57360.3,208599.9,0,300,739504.5,121642.2,16361873.4,900,10236104.4,5252129.4,4483794.3,3905946.9,127973.1,188604
7447,Oral,High,Female,C1076,1,0,0,0,12202.2,0,139707.6,1200,302268.3,2100,11400,600,1677101.4,811790.4,662328.9,4104.6,818575.8,300,452986.2,38927.4,5495.1,44971.2,140428.2,37496.7,56466,10812.3,41443.8,10752.9,132367.8,42040.2,46341.6,35392.8,19515.3,55013.1
7481,Oral,High,Female,C1076,4,0,0,0,20462.7,0,345120.3,300,1097118,3600,300,300,177464.1,25476,22231.8,300,196091.4,110029.8,63864.3,21657,18117.9,26008.5,6804.9,32980.8,110442.6,9358.5,54036.3,241527.6,1569040.5,645515.1,18272529,21769504.8,16518105.6,2700
7738,Oral,High,Female,C1076,1,0,0,0,10676.1,0,56390.7,32409,50033.7,300,600,12141,324700.2,119890.5,7148.7,15108.6,0,0,19036.5,26603.7,0,79235.7,0,6752.1,25181.1,8285.4,17030.7,0,35748.6,19242,22144.2,0,26327.1,15883.5
7763,Oral,High,Male,C1076,2,0,0,0,11039.7,0,61522.5,274218,700997.1,1500,2400,300,162579.6,168940.2,5799.9,0,0,1278.3,11281.5,43163.4,52508.1,210961.2,622555.8,75561.9,91626.3,3900,3138148.2,600,14935279.8,619696.2,4627283.1,1427531.4,228043.2,300
8024,Oral,High,Female,C1076,2,0,0,0,0,0,369145.5,300,797349,2100,1500,300,159824.4,14789.1,0,18548.7,176357.7,194640.9,141382.8,34460.7,17043,189360.9,396939.3,1800,2708208.3,2700,135616.5,3300,1089563.1,5177777.4,7142726.4,2100,1217173.8,1800
1213,Topical,High,Male,C1076,1,0,0,0,6857.4,0,1248033.9,238565.1,4845595.2,4500,137939.7,600,165863.4,8704.8,60745.8,41307.9,17094.6,95309.4,0,84677.4,32006.1,56538.3,364339.5,74283.3,11589.3,0,17986.8,0,133329,35699.7,22280.4,46841.1,47202.9,0
4921,Topical,High,Male,C1076,2,0,0,0,0,0,33077.4,44870.1,622026.9,122672.4,925935.6,226135.5,127750.2,157649.7,19425.6,55263.6,9698.7,83696.7,0,26508.3,125514.9,300,116037.9,900,259600.5,300,4600659.6,8700,2812632.3,726300.6,1337362.2,1019466.3,3897994.8,189589.8
6172,Topical,High,Female,C1076,3,0,0,0,0,8938.8,48616.8,93842.4,981306,300,600,106278.9,63926.4,71744.1,64293,115089.3,70026,11045.1,58291.5,94520.4,25017.9,7327.2,177450,8617.2,39249.6,69706.5,73108.2,1200,892862.1,794767.8,41468690.7,31373662.5,27290620.2,39300
6430,Topical,High,Male,C1076,3,0,0,0,0,0,4766.1,0,24898.5,15752.4,900,300,600,52154.1,6579.3,18227.7,15138,11078.7,15176.4,24328.2,27632.1,78091.8,27444.6,72705.9,0,0,43791.9,130039.8,990266.7,1890658.5,11080800,19366224.6,8047171.8,900
6640,Topical,High,Male,C1076,3,0,0,0,0,107521.8,19064.4,45982.2,165184.5,68760.9,1500,128655.9,300,7478.7,0,83739.9,63364.8,171509.1,373163.1,96034.5,0,9461.4,0,17698.8,40938.6,0,9895.2,217567.5,1498323.3,900189.6,2174397.6,3528522.6,7222471.8,600
6932,Topical,High,Female,C1076,4,0,0,0,65130.6,0,0,31173,9328.8,5256.9,86199.9,61345.2,48025.8,88355.1,0,0,0,0,12008.1,0,0,0,0,12339.9,44909.1,,,,,,,,,
7316,Topical,High,Male,C1076,1,0,0,0,0,0,10200,45043.2,405695.1,237363.9,1200,68978.7,7834.5,50166,5313.3,14077.2,6025.8,0,177972,300,130431,109146.9,5538.9,9519,118714.5,0,9789.9,0,15786,30015.3,30514.5,169989,16454.1,0
7629,Topical,High,Male,C1076,4,0,0,0,0,0,9303,7909.8,214960.8,900,31183.2,0,0,19864.5,15891.3,29267.4,84999.6,11618.7,0,29595.9,30318,10759.8,22682.4,10981.8,25646.4,76762.2,2080023.6,3300,51825131.4,32607332.7,45320737.5,13536549.6,74712881.4,8400
8359,Topical,High,Male,C1076,4,0,0,0,0,0,17960.1,6414.9,1016168.1,300,4500,600,1219034.4,92189.4,27113.1,33382.2,24807.3,0,0,11516.7,3126.9,14200.2,67538.7,0,51070.5,1500,94222.8,300,1426562.7,222065.1,20427389.1,5757037.5,801744,300
8409,Topical,High,Female,C1076,2,0,0,0,0,0,9368.1,104786.1,286773.3,28291.5,600,291954.9,102836.4,37674.6,163620.6,0,57473.7,38529.9,22223.4,15263.1,169972.5,163825.5,1986660.9,900,9016753.2,2400,195872.1,1500,715032,1106997,10431679.8,8721396.6,4089744,70095.3
8449,Topical,High,Male,C1076,2,0,0,0,0,0,0,116172.3,209145.6,600,900,286216.2,81703.5,31381.2,12152.1,0,7668,11409.3,11781,11722.5,463459.5,35488.5,2830539,300,79479159.3,600,710484.9,44634,9749556,566276.7,5206865.7,6123931.5,1585688.7,900
8636,Topical,High,Female,C1076,3,0,0,0,0,0,37338.6,300,180838.2,31152.6,1200,284927.7,7550.4,72767.7,84476.1,81867.3,21779.4,12302.7,17108.1,0,8441.1,0,25310.1,42420,8584.2,14605.2,8059.8,159656.1,311711.7,4387774.2,10699327.8,2438873.1,14469461.7,2100
8770,Topical,High,Female,C1076,3,0,0,0,0,133864.8,20448.6,0,1038759,900,2100,1200,264333.6,269772,59274,43729.2,18819.3,6942.3,0,7248.6,125492.7,303372.6,55063.8,61140.9,14116.5,0,127233,284518.5,6065335.5,7954507.5,7614990.3,8145543.3,14767010.1,5100
391,Control,Low,Male,C1077,2,0,0,0,0,0,24650.4,26646.3,1857804.9,2700,839737.2,9900,817327.8,83080.8,5661.6,17625.6,0,24141.9,0,22713.9,48416.1,40170,75355.5,8353.5,6321.9,0,6636.9,14035.5,0,478845.6,6900,22819945.2,14157850.8,3300
2354,Control,Low,Male,C1077,4,0,0,0,0,0,0,0,402226.5,300,5238666.3,6000,4229824.8,81342,92661,300,89337.9,272406.3,569139,300,243708.6,1200,1587165.6,32796.6,0,12081.9,8478.6,10798.2,40323.6,31085.7,147976.5,780292.2,299466.6,600
6414,Control,Low,Male,C1077,3,0,0,0,0,0,7242,50623.5,292917.9,239163.9,61727.4,19845.6,23631.6,0,0,21245.1,71430.3,0,0,0,118981.8,0,59817.6,46140,31893,276007.2,4757559,2700,16154758.5,4382260.2,16565607.3,1630245.3,7217253.6,3600
6745,Control,Low,Male,C1077,2,0,0,0,0,0,0,25760.1,416834.4,600,3600,900,300,358505.7,45291.9,16439.1,22788.3,22392.9,0,93219,27991.8,43255.8,60477.3,0,31754.1,0,39032.7,0,7578,6395.7,198059.1,4878759.9,8572393.5,11700
7523,Control,Low,Female,C1077,4,0,0,0,0,0,0,17019,159328.2,900,3900,2400,37239,83418.3,17961,228208.8,320433.6,300,50652.6,49793.4,15862.8,105768,32446.2,185022.3,215457.3,23004.6,148581.3,36196.2,21774,15117,5217.3,1891543.2,3953413.5,2400
8745,Control,Low,Male,C1077,1,0,0,0,0,0,6009.6,15963.9,0,38432.4,283986,600,461140.5,256031.4,109398.9,43830.6,104585.7,4216.8,215667,57828,18407.4,47427.3,35447.1,84216.9,270177.9,900,1558348.2,300,2400,2663718,960411.9,415534.8,651753.9,177720.6
44,Oral,Low,Female,C1077,3,0,0,0,0,0,0,0,554825.4,900,1711140.3,94083.6,0,26328.9,55880.4,16657.5,4831.5,266289.3,43751.4,77243.1,29307.9,21477.3,143772.3,167975.1,403733.1,1800,3483181.8,18000,56762428.2,19933710.9,8589616.5,348517500,40428285.9,50700
1977,Oral,Low,Male,C1077,1,0,0,0,0,0,0,0,12018.3,0,194987.1,7741.8,274310.7,553460.4,242107.5,107230.5,11259,26086.5,41173.8,9523.2,88083,191045.1,0,300,119064.6,300,11804915.7,900,11679062.1,1804278.6,1620542.1,1278156,650702.1,61966.2
3242,Oral,Low,Male,C1077,3,0,0,0,0,0,16179.9,57218.4,1465742.4,79335.6,3884841,300,43874.1,28317.6,62631.9,78790.5,36949.5,29090.7,271907.7,52176.3,50736.6,0,0,66233.1,75900.9,246629.7,191265,300,484176.3,1171391.1,25248243.9,5497687.5,44274843.9,10500
3622,Oral,Low,Male,C1077,3,0,0,48691.8,7396.5,0,426755.7,1370538,19582664.1,7800,5723181.9,600,515953.8,138812.1,31523.7,55677.6,319407.3,169796.7,8529.6,31628.1,275368.2,214463.1,306086.4,176968.2,183933.3,300,7200025.8,6000,36925307.7,39699825,74908537.5,489734250,40099593.9,47400
4138,Oral,Low,Male,C1077,4,0,0,0,0,0,0,0,203212.5,3000,3012785.1,1200,300,470361.9,43655.1,124278,438408.3,0,0,8076.6,2391.9,18800.7,76402.2,18233.4,0,4032,10925.1,5304.3,13034.1,8226.3,0,75400.5,1636520.7,4500
4202,Oral,Low,Male,C1077,3,0,0,0,0,0,132773.4,307846.8,3272961.6,2700,121692.3,300,277131.9,117140.7,85249.2,300,473185.5,2100,412134.3,160053.6,381971.7,300,56907.6,211375.2,448932,600,2826655.8,6900,16009176.6,2843259.3,32423625,59794560.9,78541471.8,3300
5524,Oral,Low,Male,C1077,2,0,0,0,0,0,0,6447.6,108643.8,152088,194098.8,300,300,130881.6,361637.4,238651.2,212236.8,49098,180813.9,206453.7,68063.7,66106.8,168608.1,65899.5,10358.1,26056.8,36101.4,0,12166.2,87065.4,340969.5,300,1923892.2,600
5645,Oral,Low,Male,C1077,1,0,0,0,0,0,0,0,0,0,184271.1,1200,3900,1078619.7,1283782.5,83115.9,38692.8,35379.6,109426.5,52164.9,34956.6,213353.4,381660.6,207123.9,101242.5,600,134804.1,300,10287038.7,2373124.8,11855067.3,5186568.3,2179118.4,300
5667,Oral,Low,Male,C1077,4,0,0,0,32160.6,0,127761.3,217673.7,355688.1,212340.9,300,0,84209.7,35657.4,12449.1,6616.5,19122,21009,182590.2,22117.2,21460.2,31929.3,114968.4,22971.3,39643.2,54553.8,14957.1,0,58499.7,11041.5,37198.2,216820.8,4280388,13500
6090,Oral,Low,Male,C1077,4,0,0,0,0,0,0,9284.7,1708744.5,900,2100,600,300,104171.1,21118.8,6976.2,0,0,33198.6,23754.6,20756.7,15716.7,29150.1,26386.2,0,0,0,0,20119.2,0,46206.6,247477.8,897357.6,2100
6735,Oral,Low,Male,C1077,4,0,0,0,0,0,0,0,30727.8,22080.9,24860.7,48321.3,26465.4,13148.7,54858.3,5669.4,26381.7,0,42049.8,17376.3,0,55571.4,119837.4,57677.1,96333,0,10750.8,9000.9,9318.3,8049,72633.9,6292504.8,22150427.4,4500
7261,Oral,Low,Male,C1077,1,0,0,0,0,0,0,0,45756.6,19776.3,4200,3600,4741640.1,1214571,111639,54271.8,251235.3,64898.7,30201.6,26332.2,101765.4,306930.3,99142.2,10200,813584.4,3900,25446904.8,27000,123082500,119979553.2,25421765.7,41051334.3,153683306.4,30000
7936,Oral,Low,Male,C1077,1,0,0,0,0,0,0,0,455479.2,89316.3,1500,1800,1316415.9,223653.3,25195.2,6881.7,6586.2,3160.5,20302.5,64524.6,6877.5,49239.3,17392.2,79592.7,196644.6,0,2885200.2,300,7533285.9,1160598.6,477512.4,498524.7,13934.7,220440.9
1887,Topical,Low,Male,C1077,1,0,0,0,0,0,0,8887.2,24172.2,55749.9,419607.9,900,1160347.2,79192.2,679445.7,66328.8,316572,15215.4,61948.8,0,71884.5,116678.7,290735.1,137669.7,3488840.1,191772.9,2061193.5,1800,15884861.7,4617791.1,6837658.5,5142906,481544.1,1200
3410,Topical,Low,Female,C1077,2,0,0,0,0,6534.9,155076.9,0,1114542,900,807982.8,2400,642376.5,5194.8,167714.4,251432.1,201561,191008.8,153980.7,172215.3,475514.4,44433.3,9717.9,146747.4,40948.2,40034.7,11198.1,21414.6,76252.8,10561.5,6090.3,201334.2,313064.7,160283.4
5276,Topical,Low,Male,C1077,4,0,0,0,0,8809.2,550353,97593.6,2659050.6,37377,226132.8,4731.9,29081.1,29280.6,29367,88413.6,56164.2,54998.4,204161.4,0,0,85921.2,37167.3,107299.2,173783.4,44371.8,14764.5,0,28158.6,11252.1,183399.3,215264.1,3323777.7,1200
5721,Topical,Low,Male,C1077,2,0,0,0,0,0,0,0,181993.5,63336,1200,600,2426099.4,102187.8,840981.9,34130.7,280812.6,8325.3,94408.5,29667,153132.3,132049.2,57127.5,219407.7,56189.7,0,0,10797.9,27753.3,127392.3,1982977.5,2688238.5,86343693.9,15600
6079,Topical,Low,Male,C1077,3,0,0,0,0,19557.6,22286.7,1200,6431352,3600,300,12267,14135.1,37076.7,41371.8,0,51971.4,130817.1,30420.9,0,13077.9,51900.3,196401.3,35283,190771.2,21162,665291.1,112156.5,221532.3,12951044.4,10553353.2,128770631.4,25617243.9,7800
6350,Topical,Low,Female,C1077,1,0,0,0,0,0,0,0,81981.6,76786.8,300,1200,70531.8,278118.6,33874.2,246508.8,109339.5,0,22749.3,9232.5,0,33478.5,125230.8,33665.7,1337226,2700,6589834.5,2100,14590326.6,3150056.4,4604913,6489402,7443261.3,1200
6990,Topical,Low,Male,C1077,3,0,0,0,0,0,7455.6,90597.9,21634.5,261537.6,6600,1800,27426.3,57619.2,0,0,28539.3,0,47784,148046.4,5685.6,22945.8,6676.2,119389.2,643246.5,900,610117.8,3300,6073460.7,2840768.7,2951323.5,3554079,1290614.1,226468.8
7381,Topical,Low,Male,C1077,4,0,0,0,0,15172.8,78143.4,32823.3,812749.8,89260.2,3600,1800,6300,714720,139454.7,300,359759.4,219299.4,329469.6,111645.9,61184.7,0,44509.5,27178.2,46296.3,57694.2,7407.9,3076.2,35274,14066.1,19481.4,16842.6,298654.5,1500
7802,Topical,Low,Male,C1077,2,0,0,0,0,0,0,126203.4,562836.9,300,1500,300,252046.5,17185.8,28543.8,8178.3,0,0,16666.2,32077.5,32926.8,21826.5,52971.3,10166.4,9982.8,3285.6,22980.6,15241.2,39531,11073.9,421481.4,19509782.7,242011875,31800
8329,Topical,Low,Male,C1077,1,0,0,0,0,0,0,0,0,28299.6,1200,1800,1259937.9,5351.4,15561.9,25562.1,4293.9,64247.1,136439.7,186717.9,101522.4,109874.4,324248.7,105063.9,506677.2,6000,5748857.1,4800,42111248.4,60462984.3,,,,
8351,Topical,Low,Female,C1077,3,0,0,0,31226.4,212719.5,23250.6,230868.6,20916440.7,300,1800,300,342101.1,66312,77934.9,142119.6,75224.4,130606.2,412131.6,221533.2,161948.7,147598.5,217472.4,182351.1,685432.5,600,984155.4,14400,1287531.3,24411004.8,15563484.3,146857387.5,46030275,287567.7
8573,Topical,Low,Male,C1077,2,0,0,0,0,0,10060.8,99165.3,26840.7,600,4200,4200,2047326.9,8061.9,0,0,22837.8,13184.4,0,19128.9,0,0,6515.7,0,0,6959.1,0,0,6710.4,25862.7,2419646.1,16153596,47334632.7,13500
8728,Topical,Low,Female,C1077,2,0,0,0,0,0,6930.6,189465.6,291810.3,107127,1800,300,249029.7,175046.1,6674.4,21773.7,52950,164591.1,18917.7,7575.6,40461.6,57581.4,206724.9,67158,28682.1,3396.6,0,2496.6,20928.9,12906.9,1357366.5,16606185.9,105413034.3,12000
