Time_post_Bd,Frogid,Treatment,probiotic,post_treatment_Bd,exp_id,Mass (g),Mortality,RichnessMean,RichnessSD,InvSimpMean,InvSimpSD,Bd_status
1,16,2,sham,yes,unwashed,0.15,alive,57.33,4.696990225,4.153786982,0.04578193,control
1,28,2,sham,yes,unwashed,0.2,alive,59.44,4.276598289,6.99146074,0.055429596,control
1,4,2,sham,yes,unwashed,0.17,alive,60.71,4.224256554,5.573458969,0.063868285,control
1,51,2,sham,yes,unwashed,0.24,alive,67.12,4.288297442,3.570090353,0.0404669,control
1,9,2,sham,yes,unwashed,0.22,alive,64.44,4.837396411,7.128721558,0.076405177,control
1,17,2,sham,yes,unwashed,0.26,alive,71.45,4.353971831,5.364067416,0.064153595,control
1,27,2,sham,yes,unwashed,0.39,alive,53.21,3.880266054,3.512023053,0.028474425,control
1,43,2,sham,yes,unwashed,0.58,alive,92.25,6.552623039,5.363301797,0.054193493,control
1,96,4,sham,yes,washed,0.26,alive,,,,,control
1,114,4,sham,yes,washed,0.26,alive,62.09,4.566224265,3.538323781,0.048637131,control
1,120,4,sham,yes,washed,0.23,alive,,,,,control
1,107,4,sham,yes,washed,0.39,alive,,,,,control
1,58,4,sham,yes,washed,0.43,alive,52.29,4.102955328,1.978314368,0.020522048,control
1,102,4,sham,yes,washed,0.49,alive,130.09,6.042099775,5.447598703,0.07562159,control
1,101,4,sham,yes,washed,0.46,alive,68.5,4.509249753,3.652780455,0.037696105,control
1,113,4,sham,yes,washed,0.66,alive,,,,,control
1,22,6,mutant_SM,yes,unwashed,0.25,alive,60.96,4.317968097,4.015505487,0.045968144,control
1,52,6,mutant_SM,yes,unwashed,0.32,alive,54.02,4.373889469,2.969557952,0.040202416,control
1,56,6,mutant_SM,yes,unwashed,0.35,alive,77.13,5.23518593,4.855277965,0.061438533,control
1,44,6,mutant_SM,yes,unwashed,0.57,alive,,,,,control
1,40,6,mutant_SM,yes,unwashed,0.65,alive,73.01,5.963686407,5.184422781,0.063375314,control
1,77,8,mutant_SM,yes,washed,0.25,alive,,,,,control
1,95,8,mutant_SM,yes,washed,0.39,alive,,,,,control
1,115,8,mutant_SM,yes,washed,0.44,alive,82.49,6.923091211,5.202765868,0.049984893,control
1,82,8,mutant_SM,yes,washed,0.45,alive,82.56,5.330150565,4.675659576,0.049228018,control
1,103,8,mutant_SM,yes,washed,0.48,alive,,,,,control
1,109,8,mutant_SM,yes,washed,0.62,alive,67.74,4.48481163,3.841263575,0.038336642,control
1,75,8,mutant_SM,yes,washed,0.41,alive,59.43,4.399850778,7.734051875,0.077004641,control
1,41,10,WT_SM,yes,unwashed,0.22,alive,67.7,4.852365871,4.083078194,0.043536586,control
1,36,10,WT_SM,yes,unwashed,0.24,alive,42.64,4.03399694,3.155424445,0.038510385,control
1,2,10,WT_SM,yes,unwashed,0.26,alive,52.82,4.797684627,6.620132968,0.058898095,control
1,3,10,WT_SM,yes,unwashed,0.21,alive,67.86,4.813742952,4.940952419,0.065099268,control
1,15,10,WT_SM,yes,unwashed,0.29,alive,50.93,4.05331888,5.868425753,0.077747849,control
1,62,10,WT_SM,yes,unwashed,0.31,alive,59.07,4.023303331,5.997467664,0.059825541,control
1,47,10,WT_SM,yes,unwashed,0.4,alive,72.52,4.92669496,6.072825361,0.064751469,control
1,48,10,WT_SM,yes,unwashed,0.46,alive,41.11,4.218513789,4.134760897,0.034532256,control
1,99,12,WT_SM,yes,washed,0.2,alive,90.3,4.700096711,5.899294634,0.07381686,control
1,98,12,WT_SM,yes,washed,0.28,alive,63.73,4.378217432,2.954493953,0.039945812,control
1,110,12,WT_SM,yes,washed,0.4,alive,,,,,control
1,108,12,WT_SM,yes,washed,0.44,alive,75.76,5.390076928,4.4664772,0.052830534,control
1,112,12,WT_SM,yes,washed,0.42,alive,,,,,control
1,76,12,WT_SM,yes,washed,0.54,alive,,,,,control
1,111,12,WT_SM,yes,washed,0.41,alive,,,,,control
1,55,12,WT_SM,yes,washed,0.54,alive,49.25,4.374801583,4.943543297,0.054979494,control
2,28,2,sham,yes,unwashed,,dead,,,,,
2,27,2,sham,yes,unwashed,,alive,,,,,
2,4,2,sham,yes,unwashed,,alive,,,,,
2,9,2,sham,yes,unwashed,,alive,,,,,
2,16,2,sham,yes,unwashed,,alive,,,,,
2,43,2,sham,yes,unwashed,,alive,,,,,
2,51,2,sham,yes,unwashed,,alive,,,,,
2,17,2,sham,yes,unwashed,,alive,,,,,
2,101,4,sham,yes,washed,,alive,,,,,
2,96,4,sham,yes,washed,,dead,,,,,
2,58,4,sham,yes,washed,,alive,,,,,
2,102,4,sham,yes,washed,,alive,,,,,
2,107,4,sham,yes,washed,,alive,,,,,
2,113,4,sham,yes,washed,,alive,,,,,
2,114,4,sham,yes,washed,,alive,,,,,
2,120,4,sham,yes,washed,,alive,,,,,
2,52,6,mutant_SM,yes,unwashed,,alive,,,,,
2,22,6,mutant_SM,yes,unwashed,,alive,,,,,
2,40,6,mutant_SM,yes,unwashed,,alive,,,,,
2,56,6,mutant_SM,yes,unwashed,,alive,,,,,
2,44,6,mutant_SM,yes,unwashed,,alive,,,,,
2,75,8,mutant_SM,yes,washed,,alive,,,,,
2,103,8,mutant_SM,yes,washed,,alive,,,,,
2,115,8,mutant_SM,yes,washed,,alive,,,,,
2,77,8,mutant_SM,yes,washed,,alive,,,,,
2,95,8,mutant_SM,yes,washed,,alive,,,,,
2,109,8,mutant_SM,yes,washed,,alive,,,,,
2,82,8,mutant_SM,yes,washed,,alive,,,,,
2,48,10,WT_SM,yes,unwashed,,alive,,,,,
2,36,10,WT_SM,yes,unwashed,,alive,,,,,
2,62,10,WT_SM,yes,unwashed,,alive,,,,,
2,3,10,WT_SM,yes,unwashed,,alive,,,,,
2,47,10,WT_SM,yes,unwashed,,alive,,,,,
2,41,10,WT_SM,yes,unwashed,,alive,,,,,
2,2,10,WT_SM,yes,unwashed,,alive,,,,,
2,15,10,WT_SM,yes,unwashed,,alive,,,,,
2,55,12,WT_SM,yes,washed,,alive,,,,,
2,99,12,WT_SM,yes,washed,,alive,,,,,
2,108,12,WT_SM,yes,washed,,alive,,,,,
2,112,12,WT_SM,yes,washed,,alive,,,,,
2,111,12,WT_SM,yes,washed,,alive,,,,,
2,98,12,WT_SM,yes,washed,,alive,,,,,
2,76,12,WT_SM,yes,washed,,alive,,,,,
2,110,12,WT_SM,yes,washed,,alive,,,,,
3,17,2,sham,yes,unwashed,,alive,,,,,
3,16,2,sham,yes,unwashed,,alive,,,,,
3,43,2,sham,yes,unwashed,,alive,,,,,
3,51,2,sham,yes,unwashed,,alive,,,,,
3,27,2,sham,yes,unwashed,,alive,,,,,
3,4,2,sham,yes,unwashed,,alive,,,,,
3,9,2,sham,yes,unwashed,,alive,,,,,
3,28,2,sham,yes,unwashed,,dead,,,,,
3,107,4,sham,yes,washed,,alive,,,,,
3,113,4,sham,yes,washed,,alive,,,,,
3,114,4,sham,yes,washed,,alive,,,,,
3,120,4,sham,yes,washed,,alive,,,,,
3,101,4,sham,yes,washed,,alive,,,,,
3,58,4,sham,yes,washed,,alive,,,,,
3,102,4,sham,yes,washed,,alive,,,,,
3,96,4,sham,yes,washed,,dead,,,,,
3,52,6,mutant_SM,yes,unwashed,,alive,,,,,
3,22,6,mutant_SM,yes,unwashed,,alive,,,,,
3,56,6,mutant_SM,yes,unwashed,,alive,,,,,
3,44,6,mutant_SM,yes,unwashed,,alive,,,,,
3,40,6,mutant_SM,yes,unwashed,,alive,,,,,
3,103,8,mutant_SM,yes,washed,,alive,,,,,
3,109,8,mutant_SM,yes,washed,,alive,,,,,
3,82,8,mutant_SM,yes,washed,,alive,,,,,
3,115,8,mutant_SM,yes,washed,,alive,,,,,
3,75,8,mutant_SM,yes,washed,,alive,,,,,
3,95,8,mutant_SM,yes,washed,,alive,,,,,
3,77,8,mutant_SM,yes,washed,,alive,,,,,
3,62,10,WT_SM,yes,unwashed,,alive,,,,,
3,36,10,WT_SM,yes,unwashed,,alive,,,,,
3,3,10,WT_SM,yes,unwashed,,alive,,,,,
3,47,10,WT_SM,yes,unwashed,,alive,,,,,
3,41,10,WT_SM,yes,unwashed,,alive,,,,,
3,2,10,WT_SM,yes,unwashed,,alive,,,,,
3,15,10,WT_SM,yes,unwashed,,alive,,,,,
3,76,12,WT_SM,yes,washed,,alive,,,,,
3,55,12,WT_SM,yes,washed,,alive,,,,,
3,99,12,WT_SM,yes,washed,,alive,,,,,
3,108,12,WT_SM,yes,washed,,alive,,,,,
3,98,12,WT_SM,yes,washed,,alive,,,,,
3,110,12,WT_SM,yes,washed,,alive,,,,,
3,112,12,WT_SM,yes,washed,,alive,,,,,
3,111,12,WT_SM,yes,washed,,alive,,,,,
4,16,2,sham,yes,unwashed,,alive,,,,,
4,43,2,sham,yes,unwashed,,alive,,,,,
4,51,2,sham,yes,unwashed,,alive,,,,,
4,27,2,sham,yes,unwashed,,alive,,,,,
4,4,2,sham,yes,unwashed,,alive,,,,,
4,9,2,sham,yes,unwashed,,alive,,,,,
4,17,2,sham,yes,unwashed,,alive,,,,,
4,28,2,sham,yes,unwashed,,dead,,,,,
4,101,4,sham,yes,washed,,alive,,,,,
4,102,4,sham,yes,washed,,alive,,,,,
4,114,4,sham,yes,washed,,alive,,,,,
4,58,4,sham,yes,washed,,alive,,,,,
4,107,4,sham,yes,washed,,alive,,,,,
4,113,4,sham,yes,washed,,alive,,,,,
4,120,4,sham,yes,washed,,alive,,,,,
4,96,4,sham,yes,washed,,dead,,,,,
4,44,6,mutant_SM,yes,unwashed,,alive,,,,,
4,52,6,mutant_SM,yes,unwashed,,alive,,,,,
4,22,6,mutant_SM,yes,unwashed,,alive,,,,,
4,40,6,mutant_SM,yes,unwashed,,alive,,,,,
4,56,6,mutant_SM,yes,unwashed,,alive,,,,,
4,82,8,mutant_SM,yes,washed,,alive,,,,,
4,115,8,mutant_SM,yes,washed,,alive,,,,,
4,77,8,mutant_SM,yes,washed,,alive,,,,,
4,75,8,mutant_SM,yes,washed,,alive,,,,,
4,109,8,mutant_SM,yes,washed,,,,,,,
4,103,8,mutant_SM,yes,washed,,alive,,,,,
4,95,8,mutant_SM,yes,washed,,alive,,,,,
4,48,10,WT_SM,yes,unwashed,,alive,,,,,
4,36,10,WT_SM,yes,unwashed,,alive,,,,,
4,62,10,WT_SM,yes,unwashed,,alive,,,,,
4,41,10,WT_SM,yes,unwashed,,alive,,,,,
4,15,10,WT_SM,yes,unwashed,,alive,,,,,
4,3,10,WT_SM,yes,unwashed,,alive,,,,,
4,47,10,WT_SM,yes,unwashed,,alive,,,,,
4,2,10,WT_SM,yes,unwashed,,alive,,,,,
4,108,12,WT_SM,yes,washed,,alive,,,,,
4,110,12,WT_SM,yes,washed,,alive,,,,,
4,112,12,WT_SM,yes,washed,,alive,,,,,
4,111,12,WT_SM,yes,washed,,alive,,,,,
4,55,12,WT_SM,yes,washed,,alive,,,,,
4,99,12,WT_SM,yes,washed,,alive,,,,,
4,98,12,WT_SM,yes,washed,,alive,,,,,
4,76,12,WT_SM,yes,washed,,alive,,,,,
5,27,2,sham,yes,unwashed,,alive,,,,,
5,4,2,sham,yes,unwashed,,alive,,,,,
5,9,2,sham,yes,unwashed,,alive,,,,,
5,16,2,sham,yes,unwashed,,alive,,,,,
5,43,2,sham,yes,unwashed,,alive,,,,,
5,51,2,sham,yes,unwashed,,alive,,,,,
5,17,2,sham,yes,unwashed,,alive,,,,,
5,28,2,sham,yes,unwashed,,dead,,,,,
5,101,4,sham,yes,washed,,alive,,,,,
5,107,4,sham,yes,washed,,alive,,,,,
5,113,4,sham,yes,washed,,alive,,,,,
5,114,4,sham,yes,washed,,alive,,,,,
5,58,4,sham,yes,washed,,alive,,,,,
5,102,4,sham,yes,washed,,alive,,,,,
5,120,4,sham,yes,washed,,alive,,,,,
5,96,4,sham,yes,washed,,dead,,,,,
5,22,6,mutant_SM,yes,unwashed,,alive,,,,,
5,44,6,mutant_SM,yes,unwashed,,alive,,,,,
5,52,6,mutant_SM,yes,unwashed,,alive,,,,,
5,40,6,mutant_SM,yes,unwashed,,alive,,,,,
5,56,6,mutant_SM,yes,unwashed,,alive,,,,,
5,109,8,mutant_SM,yes,washed,,,,,,,
5,115,8,mutant_SM,yes,washed,,alive,,,,,
5,77,8,mutant_SM,yes,washed,,alive,,,,,
5,75,8,mutant_SM,yes,washed,,alive,,,,,
5,82,8,mutant_SM,yes,washed,,alive,,,,,
5,103,8,mutant_SM,yes,washed,,alive,,,,,
5,95,8,mutant_SM,yes,washed,,alive,,,,,
5,47,10,WT_SM,yes,unwashed,,alive,,,,,
5,15,10,WT_SM,yes,unwashed,,alive,,,,,
5,48,10,WT_SM,yes,unwashed,,alive,,,,,
5,62,10,WT_SM,yes,unwashed,,alive,,,,,
5,3,10,WT_SM,yes,unwashed,,alive,,,,,
5,41,10,WT_SM,yes,unwashed,,alive,,,,,
5,2,10,WT_SM,yes,unwashed,,alive,,,,,
5,36,10,WT_SM,yes,unwashed,,alive,,,,,
5,112,12,WT_SM,yes,washed,,alive,,,,,
5,55,12,WT_SM,yes,washed,,alive,,,,,
5,99,12,WT_SM,yes,washed,,alive,,,,,
5,76,12,WT_SM,yes,washed,,alive,,,,,
5,110,12,WT_SM,yes,washed,,alive,,,,,
5,111,12,WT_SM,yes,washed,,alive,,,,,
5,108,12,WT_SM,yes,washed,,alive,,,,,
5,98,12,WT_SM,yes,washed,,alive,,,,,
6,43,2,sham,yes,unwashed,,alive,,,,,
6,27,2,sham,yes,unwashed,,alive,,,,,
6,51,2,sham,yes,unwashed,,alive,,,,,
6,4,2,sham,yes,unwashed,,alive,,,,,
6,9,2,sham,yes,unwashed,,alive,,,,,
6,17,2,sham,yes,unwashed,,alive,,,,,
6,28,2,sham,yes,unwashed,,dead,,,,,
6,114,4,sham,yes,washed,,alive,,,,,
6,101,4,sham,yes,washed,,alive,,,,,
6,102,4,sham,yes,washed,,alive,,,,,
6,113,4,sham,yes,washed,,alive,,,,,
6,114,4,sham,yes,washed,,alive,,,,,
6,58,4,sham,yes,washed,,alive,,,,,
6,107,4,sham,yes,washed,,alive,,,,,
6,120,4,sham,yes,washed,,alive,,,,,
6,96,4,sham,yes,washed,,dead,,,,,
6,22,6,mutant_SM,yes,unwashed,,alive,,,,,
6,56,6,mutant_SM,yes,unwashed,,alive,,,,,
6,44,6,mutant_SM,yes,unwashed,,alive,,,,,
6,52,6,mutant_SM,yes,unwashed,,alive,,,,,
6,40,6,mutant_SM,yes,unwashed,,alive,,,,,
6,109,8,mutant_SM,yes,washed,,alive,,,,,
6,82,8,mutant_SM,yes,washed,,alive,,,,,
6,115,8,mutant_SM,yes,washed,,alive,,,,,
6,75,8,mutant_SM,yes,washed,,alive,,,,,
6,103,8,mutant_SM,yes,washed,,alive,,,,,
6,95,8,mutant_SM,yes,washed,,alive,,,,,
6,77,8,mutant_SM,yes,washed,,alive,,,,,
6,47,10,WT_SM,yes,unwashed,,alive,,,,,
6,2,10,WT_SM,yes,unwashed,,alive,,,,,
6,48,10,WT_SM,yes,unwashed,,alive,,,,,
6,36,10,WT_SM,yes,unwashed,,alive,,,,,
6,62,10,WT_SM,yes,unwashed,,alive,,,,,
6,3,10,WT_SM,yes,unwashed,,alive,,,,,
6,41,10,WT_SM,yes,unwashed,,alive,,,,,
6,15,10,WT_SM,yes,unwashed,,alive,,,,,
6,112,12,WT_SM,yes,washed,,alive,,,,,
6,111,12,WT_SM,yes,washed,,alive,,,,,
6,55,12,WT_SM,yes,washed,,alive,,,,,
6,99,12,WT_SM,yes,washed,,alive,,,,,
6,108,12,WT_SM,yes,washed,,alive,,,,,
6,98,12,WT_SM,yes,washed,,alive,,,,,
6,76,12,WT_SM,yes,washed,,alive,,,,,
6,110,12,WT_SM,yes,washed,,alive,,,,,
7,43,2,sham,yes,unwashed,,alive,,,,,
7,16,2,sham,yes,unwashed,,alive,,,,,
7,51,2,sham,yes,unwashed,,alive,,,,,
7,27,2,sham,yes,unwashed,,alive,,,,,
7,4,2,sham,yes,unwashed,,alive,,,,,
7,9,2,sham,yes,unwashed,,alive,,,,,
7,17,2,sham,yes,unwashed,,alive,,,,,
7,28,2,sham,yes,unwashed,,dead,,,,,
7,101,4,sham,yes,washed,,alive,,,,,
7,114,4,sham,yes,washed,,alive,,,,,
7,120,4,sham,yes,washed,,alive,,,,,
7,58,4,sham,yes,washed,,alive,,,,,
7,102,4,sham,yes,washed,,alive,,,,,
7,107,4,sham,yes,washed,,alive,,,,,
7,113,4,sham,yes,washed,,alive,,,,,
7,96,4,sham,yes,washed,,dead,,,,,
7,40,6,mutant_SM,yes,unwashed,,alive,,,,,
7,56,6,mutant_SM,yes,unwashed,,alive,,,,,
7,44,6,mutant_SM,yes,unwashed,,alive,,,,,
7,52,6,mutant_SM,yes,unwashed,,alive,,,,,
7,22,6,mutant_SM,yes,unwashed,,alive,,,,,
7,75,8,mutant_SM,yes,washed,,alive,,,,,
7,82,8,mutant_SM,yes,washed,,alive,,,,,
7,115,8,mutant_SM,yes,washed,,alive,,,,,
7,77,8,mutant_SM,yes,washed,,alive,,,,,
7,103,8,mutant_SM,yes,washed,,alive,,,,,
7,95,8,mutant_SM,yes,washed,,alive,,,,,
7,109,8,mutant_SM,yes,washed,,alive,,,,,
7,62,10,WT_SM,yes,unwashed,,alive,,,,,
7,3,10,WT_SM,yes,unwashed,,alive,,,,,
7,2,10,WT_SM,yes,unwashed,,alive,,,,,
7,48,10,WT_SM,yes,unwashed,,alive,,,,,
7,36,10,WT_SM,yes,unwashed,,alive,,,,,
7,47,10,WT_SM,yes,unwashed,,alive,,,,,
7,41,10,WT_SM,yes,unwashed,,alive,,,,,
7,15,10,WT_SM,yes,unwashed,,alive,,,,,
7,98,12,WT_SM,yes,washed,,alive,,,,,
7,76,12,WT_SM,yes,washed,,alive,,,,,
7,110,12,WT_SM,yes,washed,,alive,,,,,
7,55,12,WT_SM,yes,washed,,alive,,,,,
7,99,12,WT_SM,yes,washed,,alive,,,,,
7,108,12,WT_SM,yes,washed,,alive,,,,,
7,112,12,WT_SM,yes,washed,,alive,,,,,
7,111,12,WT_SM,yes,washed,,alive,,,,,
8,16,2,sham,yes,unwashed,0.12,alive,73.78,4.486973289,3.832922827,0.047145461,infected
8,4,2,sham,yes,unwashed,0.15,alive,78.86,4.899020723,4.663266716,0.045083027,control
8,9,2,sham,yes,unwashed,0.2,alive,89.09,4.371845183,6.64820148,0.088403119,control
8,51,2,sham,yes,unwashed,0.2,alive,77.81,4.084202134,4.228108985,0.050836176,control
8,17,2,sham,yes,unwashed,0.21,alive,96.1,5.121750017,5.970947752,0.091384498,control
8,27,2,sham,yes,unwashed,0.34,alive,96.99,5.050242518,7.3916623,0.114147894,control
8,43,2,sham,yes,unwashed,0.53,alive,104.62,5.573711746,3.572633472,0.041638344,control
8,28,2,sham,yes,unwashed,,dead,,,,,control
8,120,4,sham,yes,washed,0.21,alive,,,,,infected
8,114,4,sham,yes,washed,0.21,alive,82,4.537164157,4.385583168,0.054037371,infected
8,107,4,sham,yes,washed,0.38,alive,,,,,control
8,58,4,sham,yes,washed,0.39,alive,82.16,3.966322878,3.348473998,0.041216112,infected
8,101,4,sham,yes,washed,0.42,alive,86.43,4.399850778,9.046248257,0.131571563,infected
8,102,4,sham,yes,washed,0.45,alive,66.91,3.806148667,7.552478433,0.093799951,infected
8,113,4,sham,yes,washed,0.63,alive,,,,,control
8,96,4,sham,yes,washed,,dead,,,,,control
8,22,6,mutant_SM,yes,unwashed,0.22,alive,74.53,4.279278236,3.881649271,0.042762467,control
8,52,6,mutant_SM,yes,unwashed,0.27,alive,67.91,4.182925852,4.938535776,0.066671759,control
8,56,6,mutant_SM,yes,unwashed,0.31,alive,74.33,4.447346275,4.348656965,0.060301902,control
8,44,6,mutant_SM,yes,unwashed,0.52,alive,,,,,infected
8,40,6,mutant_SM,yes,unwashed,0.61,alive,74.81,4.552044718,6.770359512,0.105171469,control
8,77,8,mutant_SM,yes,washed,0.21,alive,,,,,control
8,95,8,mutant_SM,yes,washed,0.35,alive,,,,,control
8,75,8,mutant_SM,yes,washed,0.38,alive,143.5,5.170819445,12.4939381,0.234055498,control
8,115,8,mutant_SM,yes,washed,0.39,alive,72.89,4.514611519,8.664228282,0.096515829,control
8,82,8,mutant_SM,yes,washed,0.4,alive,94.54,5.305647839,4.78677475,0.055083829,infected
8,103,8,mutant_SM,yes,washed,0.41,alive,,,,,control
8,109,8,mutant_SM,yes,washed,0.52,alive,114.58,4.8308353,7.804973627,0.124551792,infected
8,41,10,WT_SM,yes,unwashed,0.16,alive,78.44,4.195524311,7.483387132,0.084853785,control
8,3,10,WT_SM,yes,unwashed,0.19,alive,85.91,4.752660074,6.90338583,0.081834493,control
8,36,10,WT_SM,yes,unwashed,0.21,alive,61.76,4.228618228,6.364707276,0.076114334,control
8,62,10,WT_SM,yes,unwashed,0.28,alive,86.17,5.095165068,6.489145138,0.067333744,control
8,2,10,WT_SM,yes,unwashed,0.22,alive,73.66,4.495160136,10.02037257,0.100412527,infected
8,15,10,WT_SM,yes,unwashed,0.25,alive,68.36,4.411921407,7.494880952,0.076688535,infected
8,47,10,WT_SM,yes,unwashed,0.39,alive,91.47,4.262723083,8.362724397,0.10832743,infected
8,48,10,WT_SM,yes,unwashed,0.41,alive,79.96,4.433390294,6.852840852,0.084620495,control
8,99,12,WT_SM,yes,washed,0.16,alive,83.53,4.648134197,5.515271309,0.059073324,control
8,98,12,WT_SM,yes,washed,0.25,alive,80.26,4.480304824,4.915188911,0.071385302,control
8,112,12,WT_SM,yes,washed,0.32,alive,,,,,control
8,110,12,WT_SM,yes,washed,0.34,alive,,,,,control
8,111,12,WT_SM,yes,washed,0.31,alive,,,,,infected
8,108,12,WT_SM,yes,washed,0.38,alive,80.49,4.281732397,5.48239438,0.052318232,control
8,76,12,WT_SM,yes,washed,0.45,alive,,,,,control
8,55,12,WT_SM,yes,washed,0.48,alive,66.78,4.446267303,6.687527791,0.083360525,infected
9,27,2,sham,yes,unwashed,,alive,,,,,
9,9,2,sham,yes,unwashed,,alive,,,,,
9,16,2,sham,yes,unwashed,,alive,,,,,
9,43,2,sham,yes,unwashed,,alive,,,,,
9,51,2,sham,yes,unwashed,,alive,,,,,
9,4,2,sham,yes,unwashed,,alive,,,,,
9,17,2,sham,yes,unwashed,,alive,,,,,
9,28,2,sham,yes,unwashed,,dead,,,,,
9,101,4,sham,yes,washed,,alive,,,,,
9,58,4,sham,yes,washed,,alive,,,,,
9,102,4,sham,yes,washed,,alive,,,,,
9,107,4,sham,yes,washed,,alive,,,,,
9,113,4,sham,yes,washed,,alive,,,,,
9,114,4,sham,yes,washed,,alive,,,,,
9,120,4,sham,yes,washed,,alive,,,,,
9,96,4,sham,yes,washed,,dead,,,,,
9,44,6,mutant_SM,yes,unwashed,,alive,,,,,
9,22,6,mutant_SM,yes,unwashed,,alive,,,,,
9,56,6,mutant_SM,yes,unwashed,,alive,,,,,
9,52,6,mutant_SM,yes,unwashed,,alive,,,,,
9,40,6,mutant_SM,yes,unwashed,,alive,,,,,
9,115,8,mutant_SM,yes,washed,,alive,,,,,
9,75,8,mutant_SM,yes,washed,,alive,,,,,
9,103,8,mutant_SM,yes,washed,,alive,,,,,
9,95,8,mutant_SM,yes,washed,,alive,,,,,
9,109,8,mutant_SM,yes,washed,,alive,,,,,
9,82,8,mutant_SM,yes,washed,,alive,,,,,
9,77,8,mutant_SM,yes,washed,,alive,,,,,
9,41,10,WT_SM,yes,unwashed,0.16,dead,,,,,
9,62,10,WT_SM,yes,unwashed,,alive,,,,,
9,47,10,WT_SM,yes,unwashed,,alive,,,,,
9,15,10,WT_SM,yes,unwashed,,alive,,,,,
9,48,10,WT_SM,yes,unwashed,,alive,,,,,
9,36,10,WT_SM,yes,unwashed,,alive,,,,,
9,3,10,WT_SM,yes,unwashed,,alive,,,,,
9,2,10,WT_SM,yes,unwashed,,alive,,,,,
9,108,12,WT_SM,yes,washed,,alive,,,,,
9,76,12,WT_SM,yes,washed,,alive,,,,,
9,112,12,WT_SM,yes,washed,,alive,,,,,
9,55,12,WT_SM,yes,washed,,alive,,,,,
9,99,12,WT_SM,yes,washed,,alive,,,,,
9,98,12,WT_SM,yes,washed,,alive,,,,,
9,110,12,WT_SM,yes,washed,,alive,,,,,
9,111,12,WT_SM,yes,washed,,alive,,,,,
10,27,2,sham,yes,unwashed,,alive,,,,,
10,16,2,sham,yes,unwashed,,alive,,,,,
10,51,2,sham,yes,unwashed,,alive,,,,,
10,4,2,sham,yes,unwashed,,alive,,,,,
10,9,2,sham,yes,unwashed,,alive,,,,,
10,17,2,sham,yes,unwashed,,alive,,,,,
10,28,2,sham,yes,unwashed,,dead,,,,,
10,113,4,sham,yes,washed,,alive,,,,,
10,114,4,sham,yes,washed,,alive,,,,,
10,101,4,sham,yes,washed,,alive,,,,,
10,58,4,sham,yes,washed,,alive,,,,,
10,102,4,sham,yes,washed,,alive,,,,,
10,107,4,sham,yes,washed,,alive,,,,,
10,120,4,sham,yes,washed,,alive,,,,,
10,96,4,sham,yes,washed,,dead,,,,,
10,52,6,mutant_SM,yes,unwashed,,alive,,,,,
10,22,6,mutant_SM,yes,unwashed,,alive,,,,,
10,40,6,mutant_SM,yes,unwashed,,alive,,,,,
10,44,6,mutant_SM,yes,unwashed,,alive,,,,,
10,56,6,mutant_SM,yes,unwashed,,alive,,,,,
10,109,8,mutant_SM,yes,washed,,alive,,,,,
10,77,8,mutant_SM,yes,washed,,alive,,,,,
10,75,8,mutant_SM,yes,washed,,alive,,,,,
10,103,8,mutant_SM,yes,washed,,alive,,,,,
10,95,8,mutant_SM,yes,washed,,alive,,,,,
10,82,8,mutant_SM,yes,washed,,alive,,,,,
10,115,8,mutant_SM,yes,washed,,alive,,,,,
10,2,10,WT_SM,yes,unwashed,,alive,,,,,
10,48,10,WT_SM,yes,unwashed,,alive,,,,,
10,36,10,WT_SM,yes,unwashed,,alive,,,,,
10,62,10,WT_SM,yes,unwashed,,alive,,,,,
10,3,10,WT_SM,yes,unwashed,,alive,,,,,
10,47,10,WT_SM,yes,unwashed,,alive,,,,,
10,15,10,WT_SM,yes,unwashed,,alive,,,,,
10,41,10,WT_SM,yes,unwashed,,dead,,,,,
10,98,12,WT_SM,yes,washed,,alive,,,,,
10,112,12,WT_SM,yes,washed,,alive,,,,,
10,55,12,WT_SM,yes,washed,,alive,,,,,
10,99,12,WT_SM,yes,washed,,alive,,,,,
10,108,12,WT_SM,yes,washed,,alive,,,,,
10,76,12,WT_SM,yes,washed,,alive,,,,,
10,110,12,WT_SM,yes,washed,,alive,,,,,
10,111,12,WT_SM,yes,washed,,alive,,,,,
11,16,2,sham,yes,unwashed,0.11,dead,,,,,
11,43,2,sham,yes,unwashed,,alive,,,,,
11,27,2,sham,yes,unwashed,,alive,,,,,
11,51,2,sham,yes,unwashed,,alive,,,,,
11,4,2,sham,yes,unwashed,,alive,,,,,
11,9,2,sham,yes,unwashed,,alive,,,,,
11,17,2,sham,yes,unwashed,,alive,,,,,
11,28,2,sham,yes,unwashed,,dead,,,,,
11,101,4,sham,yes,washed,,alive,,,,,
11,58,4,sham,yes,washed,,alive,,,,,
11,102,4,sham,yes,washed,,alive,,,,,
11,107,4,sham,yes,washed,,alive,,,,,
11,113,4,sham,yes,washed,,alive,,,,,
11,114,4,sham,yes,washed,,alive,,,,,
11,120,4,sham,yes,washed,,alive,,,,,
11,96,4,sham,yes,washed,,dead,,,,,
11,44,6,mutant_SM,yes,unwashed,,alive,,,,,
11,52,6,mutant_SM,yes,unwashed,,alive,,,,,
11,22,6,mutant_SM,yes,unwashed,,alive,,,,,
11,40,6,mutant_SM,yes,unwashed,,alive,,,,,
11,56,6,mutant_SM,yes,unwashed,,alive,,,,,
11,103,8,mutant_SM,yes,washed,,alive,,,,,
11,95,8,mutant_SM,yes,washed,,alive,,,,,
11,115,8,mutant_SM,yes,washed,,alive,,,,,
11,75,8,mutant_SM,yes,washed,,alive,,,,,
11,109,8,mutant_SM,yes,washed,,alive,,,,,
11,82,8,mutant_SM,yes,washed,,alive,,,,,
11,77,8,mutant_SM,yes,washed,,alive,,,,,
11,48,10,WT_SM,yes,unwashed,,alive,,,,,
11,36,10,WT_SM,yes,unwashed,,alive,,,,,
11,62,10,WT_SM,yes,unwashed,,alive,,,,,
11,3,10,WT_SM,yes,unwashed,,alive,,,,,
11,47,10,WT_SM,yes,unwashed,,alive,,,,,
11,2,10,WT_SM,yes,unwashed,,alive,,,,,
11,15,10,WT_SM,yes,unwashed,,alive,,,,,
11,41,10,WT_SM,yes,unwashed,,dead,,,,,
11,98,12,WT_SM,yes,washed,,alive,,,,,
11,76,12,WT_SM,yes,washed,,alive,,,,,
11,55,12,WT_SM,yes,washed,,alive,,,,,
11,99,12,WT_SM,yes,washed,,alive,,,,,
11,108,12,WT_SM,yes,washed,,alive,,,,,
11,110,12,WT_SM,yes,washed,,alive,,,,,
11,112,12,WT_SM,yes,washed,,alive,,,,,
11,111,12,WT_SM,yes,washed,,alive,,,,,
12,43,2,sham,yes,unwashed,,alive,,,,,
12,51,2,sham,yes,unwashed,,alive,,,,,
12,27,2,sham,yes,unwashed,,alive,,,,,
12,4,2,sham,yes,unwashed,,alive,,,,,
12,9,2,sham,yes,unwashed,,alive,,,,,
12,17,2,sham,yes,unwashed,,alive,,,,,
12,28,2,sham,yes,unwashed,,dead,,,,,
12,16,2,sham,yes,unwashed,,dead,,,,,
12,114,4,sham,yes,washed,,alive,,,,,
12,101,4,sham,yes,washed,,alive,,,,,
12,58,4,sham,yes,washed,,alive,,,,,
12,102,4,sham,yes,washed,,alive,,,,,
12,107,4,sham,yes,washed,,alive,,,,,
12,113,4,sham,yes,washed,,alive,,,,,
12,120,4,sham,yes,washed,,alive,,,,,
12,96,4,sham,yes,washed,,dead,,,,,
12,44,6,mutant_SM,yes,unwashed,,alive,,,,,
12,56,6,mutant_SM,yes,unwashed,,alive,,,,,
12,52,6,mutant_SM,yes,unwashed,,alive,,,,,
12,22,6,mutant_SM,yes,unwashed,,alive,,,,,
12,40,6,mutant_SM,yes,unwashed,,alive,,,,,
12,82,8,mutant_SM,yes,washed,,alive,,,,,
12,75,8,mutant_SM,yes,washed,,alive,,,,,
12,103,8,mutant_SM,yes,washed,,alive,,,,,
12,95,8,mutant_SM,yes,washed,,alive,,,,,
12,109,8,mutant_SM,yes,washed,,alive,,,,,
12,115,8,mutant_SM,yes,washed,,alive,,,,,
12,77,8,mutant_SM,yes,washed,,alive,,,,,
12,48,10,WT_SM,yes,unwashed,,alive,,,,,
12,36,10,WT_SM,yes,unwashed,,alive,,,,,
12,62,10,WT_SM,yes,unwashed,,alive,,,,,
12,3,10,WT_SM,yes,unwashed,,alive,,,,,
12,47,10,WT_SM,yes,unwashed,,alive,,,,,
12,2,10,WT_SM,yes,unwashed,,alive,,,,,
12,15,10,WT_SM,yes,unwashed,,alive,,,,,
12,41,10,WT_SM,yes,unwashed,,dead,,,,,
12,99,12,WT_SM,yes,washed,,alive,,,,,
12,98,12,WT_SM,yes,washed,,alive,,,,,
12,76,12,WT_SM,yes,washed,,alive,,,,,
12,55,12,WT_SM,yes,washed,,alive,,,,,
12,108,12,WT_SM,yes,washed,,alive,,,,,
12,110,12,WT_SM,yes,washed,,alive,,,,,
12,112,12,WT_SM,yes,washed,,alive,,,,,
12,111,12,WT_SM,yes,washed,,alive,,,,,
13,43,2,sham,yes,unwashed,,alive,,,,,
13,27,2,sham,yes,unwashed,,alive,,,,,
13,51,2,sham,yes,unwashed,,alive,,,,,
13,4,2,sham,yes,unwashed,,alive,,,,,
13,9,2,sham,yes,unwashed,,alive,,,,,
13,17,2,sham,yes,unwashed,,alive,,,,,
13,28,2,sham,yes,unwashed,,dead,,,,,
13,16,2,sham,yes,unwashed,,dead,,,,,
13,102,4,sham,yes,washed,,alive,,,,,
13,101,4,sham,yes,washed,,alive,,,,,
13,58,4,sham,yes,washed,,alive,,,,,
13,107,4,sham,yes,washed,,alive,,,,,
13,113,4,sham,yes,washed,,alive,,,,,
13,114,4,sham,yes,washed,,alive,,,,,
13,120,4,sham,yes,washed,,alive,,,,,
13,96,4,sham,yes,washed,,dead,,,,,
13,44,6,mutant_SM,yes,unwashed,,alive,,,,,
13,52,6,mutant_SM,yes,unwashed,,alive,,,,,
13,22,6,mutant_SM,yes,unwashed,,alive,,,,,
13,40,6,mutant_SM,yes,unwashed,,alive,,,,,
13,56,6,mutant_SM,yes,unwashed,,alive,,,,,
13,115,8,mutant_SM,yes,washed,,alive,,,,,
13,77,8,mutant_SM,yes,washed,,alive,,,,,
13,75,8,mutant_SM,yes,washed,,alive,,,,,
13,103,8,mutant_SM,yes,washed,,alive,,,,,
13,95,8,mutant_SM,yes,washed,,alive,,,,,
13,109,8,mutant_SM,yes,washed,,alive,,,,,
13,82,8,mutant_SM,yes,washed,,alive,,,,,
13,48,10,WT_SM,yes,unwashed,,alive,,,,,
13,36,10,WT_SM,yes,unwashed,,alive,,,,,
13,62,10,WT_SM,yes,unwashed,,alive,,,,,
13,3,10,WT_SM,yes,unwashed,,alive,,,,,
13,47,10,WT_SM,yes,unwashed,,alive,,,,,
13,2,10,WT_SM,yes,unwashed,,alive,,,,,
13,15,10,WT_SM,yes,unwashed,,alive,,,,,
13,41,10,WT_SM,yes,unwashed,,dead,,,,,
13,98,12,WT_SM,yes,washed,,alive,,,,,
13,76,12,WT_SM,yes,washed,,alive,,,,,
13,110,12,WT_SM,yes,washed,,alive,,,,,
13,111,12,WT_SM,yes,washed,,alive,,,,,
13,55,12,WT_SM,yes,washed,,alive,,,,,
13,99,12,WT_SM,yes,washed,,alive,,,,,
13,108,12,WT_SM,yes,washed,,alive,,,,,
13,112,12,WT_SM,yes,washed,,alive,,,,,
14,43,2,sham,yes,unwashed,,alive,,,,,
14,51,2,sham,yes,unwashed,,alive,,,,,
14,27,2,sham,yes,unwashed,,alive,,,,,
14,4,2,sham,yes,unwashed,,alive,,,,,
14,9,2,sham,yes,unwashed,,alive,,,,,
14,17,2,sham,yes,unwashed,,alive,,,,,
14,28,2,sham,yes,unwashed,,dead,,,,,
14,16,2,sham,yes,unwashed,,dead,,,,,
14,120,4,sham,yes,washed,,alive,,,,,
14,101,4,sham,yes,washed,,alive,,,,,
14,58,4,sham,yes,washed,,alive,,,,,
14,102,4,sham,yes,washed,,alive,,,,,
14,107,4,sham,yes,washed,,alive,,,,,
14,113,4,sham,yes,washed,,alive,,,,,
14,114,4,sham,yes,washed,,alive,,,,,
14,96,4,sham,yes,washed,,dead,,,,,
14,22,6,mutant_SM,yes,unwashed,,alive,,,,,
14,44,6,mutant_SM,yes,unwashed,,alive,,,,,
14,52,6,mutant_SM,yes,unwashed,,alive,,,,,
14,40,6,mutant_SM,yes,unwashed,,alive,,,,,
14,56,6,mutant_SM,yes,unwashed,,alive,,,,,
14,77,8,mutant_SM,yes,washed,0.21,dead,,,,,
14,95,8,mutant_SM,yes,washed,,alive,,,,,
14,109,8,mutant_SM,yes,washed,,alive,,,,,
14,82,8,mutant_SM,yes,washed,,alive,,,,,
14,75,8,mutant_SM,yes,washed,,alive,,,,,
14,103,8,mutant_SM,yes,washed,,alive,,,,,
14,115,8,mutant_SM,yes,washed,,alive,,,,,
14,48,10,WT_SM,yes,unwashed,,alive,,,,,
14,47,10,WT_SM,yes,unwashed,,alive,,,,,
14,2,10,WT_SM,yes,unwashed,,alive,,,,,
14,15,10,WT_SM,yes,unwashed,,alive,,,,,
14,36,10,WT_SM,yes,unwashed,,alive,,,,,
14,62,10,WT_SM,yes,unwashed,,alive,,,,,
14,3,10,WT_SM,yes,unwashed,,alive,,,,,
14,41,10,WT_SM,yes,unwashed,,dead,,,,,
14,111,12,WT_SM,yes,washed,,alive,,,,,
14,55,12,WT_SM,yes,washed,,alive,,,,,
14,99,12,WT_SM,yes,washed,,alive,,,,,
14,108,12,WT_SM,yes,washed,,alive,,,,,
14,98,12,WT_SM,yes,washed,,alive,,,,,
14,76,12,WT_SM,yes,washed,,alive,,,,,
14,110,12,WT_SM,yes,washed,,alive,,,,,
14,112,12,WT_SM,yes,washed,,alive,,,,,
15,4,2,sham,yes,unwashed,0.15,alive,92.3,4.217567876,4.930092584,0.070708955,
15,9,2,sham,yes,unwashed,0.19,alive,100.04,5.029046941,4.110002447,0.053669707,
15,17,2,sham,yes,unwashed,0.21,alive,77.38,3.732954526,6.538242553,0.057980398,
15,51,2,sham,yes,unwashed,0.22,alive,97.38,4.894400016,3.515505244,0.046304542,
15,27,2,sham,yes,unwashed,0.33,alive,101.05,5.195909424,5.895842233,0.083746024,
15,43,2,sham,yes,unwashed,0.47,alive,102.21,5.712462011,11.58553144,0.129398101,
15,28,2,sham,yes,unwashed,,dead,,,,,
15,16,2,sham,yes,unwashed,,dead,,,,,
15,114,4,sham,yes,washed,0.21,alive,100.51,5.0141114,5.046327927,0.0693595,
15,120,4,sham,yes,washed,0.21,alive,,,,,
15,107,4,sham,yes,washed,0.35,alive,,,,,
15,58,4,sham,yes,washed,0.37,alive,92.39,5.644153138,4.478609004,0.064502308,
15,101,4,sham,yes,washed,0.4,alive,105.89,4.417355578,4.105044111,0.062890479,
15,102,4,sham,yes,washed,0.4,alive,104.46,4.991750771,8.423675691,0.119557679,
15,113,4,sham,yes,washed,0.58,alive,,,,,
15,96,4,sham,yes,washed,,dead,,,,,
15,22,6,mutant_SM,yes,unwashed,0.2,alive,78.7,4.388920854,4.933076865,0.063160632,
15,52,6,mutant_SM,yes,unwashed,0.26,alive,101.97,5.405674161,6.97075982,0.082373659,
15,56,6,mutant_SM,yes,unwashed,0.28,alive,102.47,5.514819337,3.869751296,0.051575662,
15,44,6,mutant_SM,yes,unwashed,0.47,alive,,,,,
15,40,6,mutant_SM,yes,unwashed,0.54,alive,91.49,5.684455146,4.606261512,0.064619238,
15,95,8,mutant_SM,yes,washed,0.35,alive,,,,,
15,82,8,mutant_SM,yes,washed,0.36,alive,117.67,5.653380146,4.452143568,0.056802507,
15,103,8,mutant_SM,yes,washed,0.42,alive,,,,,
15,75,8,mutant_SM,yes,washed,0.36,alive,135.76,4.32544737,14.85017554,0.255349343,
15,115,8,mutant_SM,yes,washed,0.37,alive,153.65,6.571095261,5.305114725,0.075691649,
15,109,8,mutant_SM,yes,washed,0.5,alive,132.38,5.118356744,6.697416613,0.090011422,
15,77,8,mutant_SM,yes,washed,,dead,,,,,
15,3,10,WT_SM,yes,unwashed,0.18,alive,78.78,5.129790198,4.418126602,0.056290985,
15,36,10,WT_SM,yes,unwashed,0.2,alive,77.66,4.948665773,4.129260032,0.050482689,
15,2,10,WT_SM,yes,unwashed,0.22,alive,102.03,5.40193568,5.55916707,0.088751108,
15,62,10,WT_SM,yes,unwashed,0.26,alive,98.2,4.931858912,4.7750067,0.068298852,
15,15,10,WT_SM,yes,unwashed,0.23,alive,89.26,4.856777,4.646725717,0.0660303,
15,47,10,WT_SM,yes,unwashed,0.34,alive,98.79,5.172372216,4.65684789,0.062383428,
15,48,10,WT_SM,yes,unwashed,0.38,alive,87.07,4.887119744,5.291672448,0.070593307,
15,41,10,WT_SM,yes,unwashed,,dead,,,,,
15,99,12,WT_SM,yes,washed,0.17,alive,91.6,4.980771106,4.393747023,0.062521592,
15,98,12,WT_SM,yes,washed,0.24,alive,89.58,5.16824023,4.544138022,0.055358489,
15,111,12,WT_SM,yes,washed,0.28,alive,,,,,
15,112,12,WT_SM,yes,washed,0.31,alive,,,,,
15,76,12,WT_SM,yes,washed,0.4,alive,,,,,
15,110,12,WT_SM,yes,washed,0.34,alive,,,,,
15,108,12,WT_SM,yes,washed,0.39,alive,118.24,5.724517535,6.462188261,0.105972268,
15,55,12,WT_SM,yes,washed,0.46,alive,85.7,5.225230167,3.878360125,0.04278357,
16,27,2,sham,yes,unwashed,,alive,,,,,
16,51,2,sham,yes,unwashed,,alive,,,,,
16,4,2,sham,yes,unwashed,,alive,,,,,
16,9,2,sham,yes,unwashed,,alive,,,,,
16,17,2,sham,yes,unwashed,,alive,,,,,
16,43,2,sham,yes,unwashed,,alive,,,,,
16,28,2,sham,yes,unwashed,,dead,,,,,
16,16,2,sham,yes,unwashed,,dead,,,,,
16,113,4,sham,yes,washed,,alive,,,,,
16,120,4,sham,yes,washed,,alive,,,,,
16,101,4,sham,yes,washed,,alive,,,,,
16,58,4,sham,yes,washed,,alive,,,,,
16,102,4,sham,yes,washed,,alive,,,,,
16,107,4,sham,yes,washed,,alive,,,,,
16,114,4,sham,yes,washed,,alive,,,,,
16,96,4,sham,yes,washed,,dead,,,,,
16,56,6,mutant_SM,yes,unwashed,,alive,,,,,
16,22,6,mutant_SM,yes,unwashed,,alive,,,,,
16,40,6,mutant_SM,yes,unwashed,,alive,,,,,
16,44,6,mutant_SM,yes,unwashed,,alive,,,,,
16,52,6,mutant_SM,yes,unwashed,,alive,,,,,
16,82,8,mutant_SM,yes,washed,,alive,,,,,
16,115,8,mutant_SM,yes,washed,,alive,,,,,
16,75,8,mutant_SM,yes,washed,,alive,,,,,
16,103,8,mutant_SM,yes,washed,,alive,,,,,
16,95,8,mutant_SM,yes,washed,,alive,,,,,
16,109,8,mutant_SM,yes,washed,,alive,,,,,
16,77,8,mutant_SM,yes,washed,,dead,,,,,
16,47,10,WT_SM,yes,unwashed,,alive,,,,,
16,2,10,WT_SM,yes,unwashed,,alive,,,,,
16,15,10,WT_SM,yes,unwashed,,alive,,,,,
16,48,10,WT_SM,yes,unwashed,,alive,,,,,
16,36,10,WT_SM,yes,unwashed,,alive,,,,,
16,62,10,WT_SM,yes,unwashed,,alive,,,,,
16,3,10,WT_SM,yes,unwashed,,alive,,,,,
16,41,10,WT_SM,yes,unwashed,,dead,,,,,
16,99,12,WT_SM,yes,washed,0.16,dead,,,,,
16,110,12,WT_SM,yes,washed,,alive,,,,,
16,112,12,WT_SM,yes,washed,,alive,,,,,
16,55,12,WT_SM,yes,washed,,alive,,,,,
16,108,12,WT_SM,yes,washed,,alive,,,,,
16,98,12,WT_SM,yes,washed,,alive,,,,,
16,76,12,WT_SM,yes,washed,,alive,,,,,
16,111,12,WT_SM,yes,washed,,alive,,,,,
17,27,2,sham,yes,unwashed,,alive,,,,,
17,43,2,sham,yes,unwashed,,alive,,,,,
17,51,2,sham,yes,unwashed,,alive,,,,,
17,4,2,sham,yes,unwashed,,alive,,,,,
17,9,2,sham,yes,unwashed,,alive,,,,,
17,17,2,sham,yes,unwashed,,alive,,,,,
17,28,2,sham,yes,unwashed,,dead,,,,,
17,16,2,sham,yes,unwashed,,dead,,,,,
17,120,4,sham,yes,washed,0.22,dead,,,,,
17,114,4,sham,yes,washed,,alive,,,,,
17,101,4,sham,yes,washed,,alive,,,,,
17,58,4,sham,yes,washed,,alive,,,,,
17,102,4,sham,yes,washed,,alive,,,,,
17,107,4,sham,yes,washed,,alive,,,,,
17,113,4,sham,yes,washed,,alive,,,,,
17,96,4,sham,yes,washed,,dead,,,,,
17,52,6,mutant_SM,yes,unwashed,,alive,,,,,
17,22,6,mutant_SM,yes,unwashed,,alive,,,,,
17,40,6,mutant_SM,yes,unwashed,,alive,,,,,
17,56,6,mutant_SM,yes,unwashed,,alive,,,,,
17,44,6,mutant_SM,yes,unwashed,,alive,,,,,
17,75,8,mutant_SM,yes,washed,,alive,,,,,
17,103,8,mutant_SM,yes,washed,,alive,,,,,
17,95,8,mutant_SM,yes,washed,,alive,,,,,
17,109,8,mutant_SM,yes,washed,,alive,,,,,
17,82,8,mutant_SM,yes,washed,,alive,,,,,
17,115,8,mutant_SM,yes,washed,,alive,,,,,
17,77,8,mutant_SM,yes,washed,,dead,,,,,
17,2,10,WT_SM,yes,unwashed,,alive,,,,,
17,15,10,WT_SM,yes,unwashed,,alive,,,,,
17,48,10,WT_SM,yes,unwashed,,alive,,,,,
17,36,10,WT_SM,yes,unwashed,,alive,,,,,
17,62,10,WT_SM,yes,unwashed,,alive,,,,,
17,3,10,WT_SM,yes,unwashed,,alive,,,,,
17,47,10,WT_SM,yes,unwashed,,alive,,,,,
17,41,10,WT_SM,yes,unwashed,,dead,,,,,
17,98,12,WT_SM,yes,washed,,alive,,,,,
17,110,12,WT_SM,yes,washed,,alive,,,,,
17,55,12,WT_SM,yes,washed,,alive,,,,,
17,108,12,WT_SM,yes,washed,,alive,,,,,
17,76,12,WT_SM,yes,washed,,alive,,,,,
17,112,12,WT_SM,yes,washed,,alive,,,,,
17,111,12,WT_SM,yes,washed,,alive,,,,,
17,99,12,WT_SM,yes,washed,,dead,,,,,
18,4,2,sham,yes,unwashed,,alive,,,,,
18,43,2,sham,yes,unwashed,,alive,,,,,
18,51,2,sham,yes,unwashed,,alive,,,,,
18,27,2,sham,yes,unwashed,,alive,,,,,
18,9,2,sham,yes,unwashed,,alive,,,,,
18,17,2,sham,yes,unwashed,,alive,,,,,
18,28,2,sham,yes,unwashed,,dead,,,,,
18,16,2,sham,yes,unwashed,,dead,,,,,
18,113,4,sham,yes,washed,,alive,,,,,
18,114,4,sham,yes,washed,,alive,,,,,
18,101,4,sham,yes,washed,,alive,,,,,
18,58,4,sham,yes,washed,,alive,,,,,
18,102,4,sham,yes,washed,,alive,,,,,
18,107,4,sham,yes,washed,,alive,,,,,
18,96,4,sham,yes,washed,,dead,,,,,
18,120,4,sham,yes,washed,,dead,,,,,
18,44,6,mutant_SM,yes,unwashed,,alive,,,,,
18,52,6,mutant_SM,yes,unwashed,,alive,,,,,
18,22,6,mutant_SM,yes,unwashed,,alive,,,,,
18,40,6,mutant_SM,yes,unwashed,,alive,,,,,
18,56,6,mutant_SM,yes,unwashed,,alive,,,,,
18,82,8,mutant_SM,yes,washed,,alive,,,,,
18,75,8,mutant_SM,yes,washed,,alive,,,,,
18,103,8,mutant_SM,yes,washed,,alive,,,,,
18,95,8,mutant_SM,yes,washed,,alive,,,,,
18,109,8,mutant_SM,yes,washed,,alive,,,,,
18,115,8,mutant_SM,yes,washed,,alive,,,,,
18,77,8,mutant_SM,yes,washed,,dead,,,,,
18,2,10,WT_SM,yes,unwashed,,alive,,,,,
18,48,10,WT_SM,yes,unwashed,,alive,,,,,
18,36,10,WT_SM,yes,unwashed,,alive,,,,,
18,62,10,WT_SM,yes,unwashed,,alive,,,,,
18,3,10,WT_SM,yes,unwashed,,alive,,,,,
18,47,10,WT_SM,yes,unwashed,,alive,,,,,
18,15,10,WT_SM,yes,unwashed,,alive,,,,,
18,41,10,WT_SM,yes,unwashed,,dead,,,,,
18,76,12,WT_SM,yes,washed,,alive,,,,,
18,112,12,WT_SM,yes,washed,,alive,,,,,
18,111,12,WT_SM,yes,washed,,alive,,,,,
18,55,12,WT_SM,yes,washed,,alive,,,,,
18,108,12,WT_SM,yes,washed,,alive,,,,,
18,98,12,WT_SM,yes,washed,,alive,,,,,
18,110,12,WT_SM,yes,washed,,alive,,,,,
18,99,12,WT_SM,yes,washed,,dead,,,,,
19,51,2,sham,yes,unwashed,,alive,,,,,
19,27,2,sham,yes,unwashed,,alive,,,,,
19,43,2,sham,yes,unwashed,,alive,,,,,
19,4,2,sham,yes,unwashed,,alive,,,,,
19,9,2,sham,yes,unwashed,,alive,,,,,
19,17,2,sham,yes,unwashed,,alive,,,,,
19,28,2,sham,yes,unwashed,,dead,,,,,
19,16,2,sham,yes,unwashed,,dead,,,,,
19,107,4,sham,yes,washed,,alive,,,,,
19,113,4,sham,yes,washed,,alive,,,,,
19,101,4,sham,yes,washed,,alive,,,,,
19,58,4,sham,yes,washed,,alive,,,,,
19,102,4,sham,yes,washed,,alive,,,,,
19,114,4,sham,yes,washed,,alive,,,,,
19,96,4,sham,yes,washed,,dead,,,,,
19,120,4,sham,yes,washed,,dead,,,,,
19,22,6,mutant_SM,yes,unwashed,0.2,dead,,,,,
19,44,6,mutant_SM,yes,unwashed,,alive,,,,,
19,52,6,mutant_SM,yes,unwashed,,alive,,,,,
19,40,6,mutant_SM,yes,unwashed,,alive,,,,,
19,56,6,mutant_SM,yes,unwashed,,alive,,,,,
19,109,8,mutant_SM,yes,washed,,alive,,,,,
19,75,8,mutant_SM,yes,washed,,alive,,,,,
19,103,8,mutant_SM,yes,washed,,alive,,,,,
19,95,8,mutant_SM,yes,washed,,alive,,,,,
19,82,8,mutant_SM,yes,washed,,alive,,,,,
19,115,8,mutant_SM,yes,washed,,alive,,,,,
19,77,8,mutant_SM,yes,washed,,dead,,,,,
19,48,10,WT_SM,yes,unwashed,,alive,,,,,
19,3,10,WT_SM,yes,unwashed,,alive,,,,,
19,2,10,WT_SM,yes,unwashed,,alive,,,,,
19,36,10,WT_SM,yes,unwashed,,alive,,,,,
19,62,10,WT_SM,yes,unwashed,,alive,,,,,
19,47,10,WT_SM,yes,unwashed,,alive,,,,,
19,15,10,WT_SM,yes,unwashed,,alive,,,,,
19,41,10,WT_SM,yes,unwashed,,dead,,,,,
19,98,12,WT_SM,yes,washed,,alive,,,,,
19,76,12,WT_SM,yes,washed,,alive,,,,,
19,112,12,WT_SM,yes,washed,,alive,,,,,
19,111,12,WT_SM,yes,washed,,alive,,,,,
19,55,12,WT_SM,yes,washed,,alive,,,,,
19,108,12,WT_SM,yes,washed,,alive,,,,,
19,110,12,WT_SM,yes,washed,,alive,,,,,
19,99,12,WT_SM,yes,washed,,dead,,,,,
20,51,2,sham,yes,unwashed,,alive,,,,,
20,43,2,sham,yes,unwashed,,alive,,,,,
20,27,2,sham,yes,unwashed,,alive,,,,,
20,4,2,sham,yes,unwashed,,alive,,,,,
20,9,2,sham,yes,unwashed,,alive,,,,,
20,17,2,sham,yes,unwashed,,alive,,,,,
20,28,2,sham,yes,unwashed,,dead,,,,,
20,16,2,sham,yes,unwashed,,dead,,,,,
20,102,4,sham,yes,washed,,alive,,,,,
20,114,4,sham,yes,washed,,alive,,,,,
20,101,4,sham,yes,washed,,alive,,,,,
20,58,4,sham,yes,washed,,alive,,,,,
20,107,4,sham,yes,washed,,alive,,,,,
20,113,4,sham,yes,washed,,alive,,,,,
20,96,4,sham,yes,washed,,dead,,,,,
20,120,4,sham,yes,washed,,dead,,,,,
20,44,6,mutant_SM,yes,unwashed,,alive,,,,,
20,52,6,mutant_SM,yes,unwashed,,alive,,,,,
20,40,6,mutant_SM,yes,unwashed,,alive,,,,,
20,56,6,mutant_SM,yes,unwashed,,alive,,,,,
20,22,6,mutant_SM,yes,unwashed,,dead,,,,,
20,109,8,mutant_SM,yes,washed,,alive,,,,,
20,82,8,mutant_SM,yes,washed,,alive,,,,,
20,115,8,mutant_SM,yes,washed,,alive,,,,,
20,75,8,mutant_SM,yes,washed,,alive,,,,,
20,103,8,mutant_SM,yes,washed,,alive,,,,,
20,95,8,mutant_SM,yes,washed,,alive,,,,,
20,77,8,mutant_SM,yes,washed,,dead,,,,,
20,48,10,WT_SM,yes,unwashed,,alive,,,,,
20,36,10,WT_SM,yes,unwashed,,alive,,,,,
20,62,10,WT_SM,yes,unwashed,,alive,,,,,
20,3,10,WT_SM,yes,unwashed,,alive,,,,,
20,47,10,WT_SM,yes,unwashed,,alive,,,,,
20,2,10,WT_SM,yes,unwashed,,alive,,,,,
20,15,10,WT_SM,yes,unwashed,,alive,,,,,
20,41,10,WT_SM,yes,unwashed,,dead,,,,,
20,98,12,WT_SM,yes,washed,,alive,,,,,
20,112,12,WT_SM,yes,washed,,alive,,,,,
20,55,12,WT_SM,yes,washed,,alive,,,,,
20,108,12,WT_SM,yes,washed,,alive,,,,,
20,76,12,WT_SM,yes,washed,,alive,,,,,
20,110,12,WT_SM,yes,washed,,alive,,,,,
20,111,12,WT_SM,yes,washed,,alive,,,,,
20,99,12,WT_SM,yes,washed,,dead,,,,,
21,27,2,sham,yes,unwashed,,alive,,,,,
21,43,2,sham,yes,unwashed,,alive,,,,,
21,51,2,sham,yes,unwashed,,alive,,,,,
21,4,2,sham,yes,unwashed,,alive,,,,,
21,9,2,sham,yes,unwashed,,alive,,,,,
21,17,2,sham,yes,unwashed,,alive,,,,,
21,28,2,sham,yes,unwashed,,dead,,,,,
21,16,2,sham,yes,unwashed,,dead,,,,,
21,101,4,sham,yes,washed,,alive,,,,,
21,113,4,sham,yes,washed,,alive,,,,,
21,58,4,sham,yes,washed,,alive,,,,,
21,102,4,sham,yes,washed,,alive,,,,,
21,107,4,sham,yes,washed,,alive,,,,,
21,114,4,sham,yes,washed,,alive,,,,,
21,96,4,sham,yes,washed,,dead,,,,,
21,120,4,sham,yes,washed,,dead,,,,,
21,44,6,mutant_SM,yes,unwashed,,alive,,,,,
21,52,6,mutant_SM,yes,unwashed,,alive,,,,,
21,40,6,mutant_SM,yes,unwashed,,alive,,,,,
21,56,6,mutant_SM,yes,unwashed,,alive,,,,,
21,22,6,mutant_SM,yes,unwashed,,dead,,,,,
21,75,8,mutant_SM,yes,washed,,alive,,,,,
21,115,8,mutant_SM,yes,washed,,alive,,,,,
21,103,8,mutant_SM,yes,washed,,alive,,,,,
21,95,8,mutant_SM,yes,washed,,alive,,,,,
21,109,8,mutant_SM,yes,washed,,alive,,,,,
21,82,8,mutant_SM,yes,washed,,alive,,,,,
21,77,8,mutant_SM,yes,washed,,dead,,,,,
21,2,10,WT_SM,yes,unwashed,,alive,,,,,
21,15,10,WT_SM,yes,unwashed,,alive,,,,,
21,48,10,WT_SM,yes,unwashed,,alive,,,,,
21,36,10,WT_SM,yes,unwashed,,alive,,,,,
21,62,10,WT_SM,yes,unwashed,,alive,,,,,
21,3,10,WT_SM,yes,unwashed,,alive,,,,,
21,47,10,WT_SM,yes,unwashed,,alive,,,,,
21,41,10,WT_SM,yes,unwashed,,dead,,,,,
21,108,12,WT_SM,yes,washed,,alive,,,,,
21,76,12,WT_SM,yes,washed,,alive,,,,,
21,112,12,WT_SM,yes,washed,,alive,,,,,
21,111,12,WT_SM,yes,washed,,alive,,,,,
21,55,12,WT_SM,yes,washed,,alive,,,,,
21,98,12,WT_SM,yes,washed,,alive,,,,,
21,110,12,WT_SM,yes,washed,,alive,,,,,
21,99,12,WT_SM,yes,washed,,dead,,,,,
22,4,2,sham,yes,unwashed,0.13,alive,110.43,5.055759792,6.516342374,0.080619326,control
22,9,2,sham,yes,unwashed,0.18,alive,,,,,control
22,17,2,sham,yes,unwashed,0.21,alive,,,,,control
22,51,2,sham,yes,unwashed,0.21,alive,111.06,4.994582924,5.02317981,0.060076951,control
22,27,2,sham,yes,unwashed,0.28,alive,116.27,5.060951721,5.875820678,0.096219144,control
22,43,2,sham,yes,unwashed,0.41,alive,119.53,5.099920776,6.031470052,0.102838169,control
22,28,2,sham,yes,unwashed,,dead,,,,,control
22,16,2,sham,yes,unwashed,,dead,,,,,control
22,114,4,sham,yes,washed,0.21,alive,108.4,5.193235694,5.023567299,0.074981312,control
22,107,4,sham,yes,washed,0.32,alive,,,,,control
22,58,4,sham,yes,washed,0.34,alive,93.36,4.81898602,5.673461859,0.069369963,control
22,101,4,sham,yes,washed,0.37,alive,96.32,4.781868111,3.229279275,0.042647265,control
22,102,4,sham,yes,washed,0.37,alive,99.28,5.799825842,3.613942927,0.038784013,control
22,113,4,sham,yes,washed,0.58,alive,,,,,control
22,96,4,sham,yes,washed,,dead,,,,,control
22,120,4,sham,yes,washed,,dead,,,,,control
22,52,6,mutant_SM,yes,unwashed,0.23,alive,94.77,4.315476026,7.497344643,0.115175744,control
22,56,6,mutant_SM,yes,unwashed,0.26,alive,89.33,4.007707221,3.653118346,0.053043948,control
22,44,6,mutant_SM,yes,unwashed,0.44,alive,,,,,control
22,40,6,mutant_SM,yes,unwashed,0.52,alive,104.15,4.6782864,5.912707365,0.097539436,control
22,22,6,mutant_SM,yes,unwashed,,dead,,,,,control
22,95,8,mutant_SM,yes,washed,0.33,alive,,,,,control
22,75,8,mutant_SM,yes,washed,0.35,alive,176.53,5.902327909,21.46918782,0.314415463,control
22,82,8,mutant_SM,yes,washed,0.32,alive,105.55,4.951022749,4.933249918,0.07311609,control
22,115,8,mutant_SM,yes,washed,0.35,alive,127.64,5.857775632,5.601245131,0.073696998,control
22,109,8,mutant_SM,yes,washed,0.43,alive,104.12,5.043808085,4.176420666,0.053625026,control
22,103,8,mutant_SM,yes,washed,0.39,alive,,,,,control
22,77,8,mutant_SM,yes,washed,,dead,,,,,control
22,36,10,WT_SM,yes,unwashed,0.2,alive,86.41,5.073390674,4.61690073,0.054563894,control
22,3,10,WT_SM,yes,unwashed,0.18,alive,,,,,control
22,2,10,WT_SM,yes,unwashed,0.19,alive,118.81,5.285189904,8.712931286,0.141198095,control
22,15,10,WT_SM,yes,unwashed,0.25,alive,,,,,control
22,62,10,WT_SM,yes,unwashed,0.25,alive,,,,,control
22,47,10,WT_SM,yes,unwashed,0.32,alive,97.4,4.49915817,7.289519497,0.112341377,control
22,48,10,WT_SM,yes,unwashed,0.32,alive,95.26,3.881111993,11.09212488,0.123037797,control
22,41,10,WT_SM,yes,unwashed,,dead,,,,,control
22,98,12,WT_SM,yes,washed,0.21,alive,103.52,4.985798012,5.623046766,0.071652137,control
22,111,12,WT_SM,yes,washed,0.26,alive,,,,,control
22,112,12,WT_SM,yes,washed,0.29,alive,,,,,control
22,108,12,WT_SM,yes,washed,0.34,alive,114.36,4.79165942,4.501017983,0.059823048,control
22,76,12,WT_SM,yes,washed,0.37,alive,,,,,control
22,110,12,WT_SM,yes,washed,0.3,alive,,,,,control
22,55,12,WT_SM,yes,washed,0.4,alive,88.98,4.428968003,6.535092995,0.08346928,control
22,99,12,WT_SM,yes,washed,,dead,,,,,control
23,4,2,sham,yes,unwashed,0.13,dead,,,,,
23,43,2,sham,yes,unwashed,,alive,,,,,
23,51,2,sham,yes,unwashed,,alive,,,,,
23,27,2,sham,yes,unwashed,,alive,,,,,
23,9,2,sham,yes,unwashed,,alive,,,,,
23,17,2,sham,yes,unwashed,,alive,,,,,
23,28,2,sham,yes,unwashed,,dead,,,,,
23,16,2,sham,yes,unwashed,,dead,,,,,
23,102,4,sham,yes,washed,,alive,,,,,
23,114,4,sham,yes,washed,,alive,,,,,
23,58,4,sham,yes,washed,,alive,,,,,
23,101,4,sham,yes,washed,,alive,,,,,
23,58,4,sham,yes,washed,,alive,,,,,
23,107,4,sham,yes,washed,,alive,,,,,
23,113,4,sham,yes,washed,,alive,,,,,
23,96,4,sham,yes,washed,,dead,,,,,
23,120,4,sham,yes,washed,,dead,,,,,
23,44,6,mutant_SM,yes,unwashed,,alive,,,,,
23,52,6,mutant_SM,yes,unwashed,,alive,,,,,
23,40,6,mutant_SM,yes,unwashed,,alive,,,,,
23,56,6,mutant_SM,yes,unwashed,,alive,,,,,
23,22,6,mutant_SM,yes,unwashed,,dead,,,,,
23,75,8,mutant_SM,yes,washed,,alive,,,,,
23,103,8,mutant_SM,yes,washed,,alive,,,,,
23,95,8,mutant_SM,yes,washed,,alive,,,,,
23,109,8,mutant_SM,yes,washed,,alive,,,,,
23,82,8,mutant_SM,yes,washed,,alive,,,,,
23,115,8,mutant_SM,yes,washed,,alive,,,,,
23,77,8,mutant_SM,yes,washed,,dead,,,,,
23,48,10,WT_SM,yes,unwashed,,alive,,,,,
23,47,10,WT_SM,yes,unwashed,,alive,,,,,
23,36,10,WT_SM,yes,unwashed,,alive,,,,,
23,62,10,WT_SM,yes,unwashed,,alive,,,,,
23,3,10,WT_SM,yes,unwashed,,alive,,,,,
23,2,10,WT_SM,yes,unwashed,,alive,,,,,
23,15,10,WT_SM,yes,unwashed,,alive,,,,,
23,41,10,WT_SM,yes,unwashed,,dead,,,,,
23,108,12,WT_SM,yes,washed,,alive,,,,,
23,98,12,WT_SM,yes,washed,,alive,,,,,
23,76,12,WT_SM,yes,washed,,alive,,,,,
23,111,12,WT_SM,yes,washed,,alive,,,,,
23,55,12,WT_SM,yes,washed,,alive,,,,,
23,110,12,WT_SM,yes,washed,,alive,,,,,
23,112,12,WT_SM,yes,washed,,alive,,,,,
23,99,12,WT_SM,yes,washed,,dead,,,,,
24,43,2,sham,yes,unwashed,,alive,,,,,
24,27,2,sham,yes,unwashed,,alive,,,,,
24,51,2,sham,yes,unwashed,,alive,,,,,
24,9,2,sham,yes,unwashed,,alive,,,,,
24,17,2,sham,yes,unwashed,,alive,,,,,
24,28,2,sham,yes,unwashed,,dead,,,,,
24,16,2,sham,yes,unwashed,,dead,,,,,
24,4,2,sham,yes,unwashed,,dead,,,,,
24,101,4,sham,yes,washed,,alive,,,,,
24,58,4,sham,yes,washed,,alive,,,,,
24,114,4,sham,yes,washed,,alive,,,,,
24,102,4,sham,yes,washed,,alive,,,,,
24,107,4,sham,yes,washed,,alive,,,,,
24,113,4,sham,yes,washed,,alive,,,,,
24,96,4,sham,yes,washed,,dead,,,,,
24,120,4,sham,yes,washed,,dead,,,,,
24,44,6,mutant_SM,yes,unwashed,,alive,,,,,
24,52,6,mutant_SM,yes,unwashed,,alive,,,,,
24,40,6,mutant_SM,yes,unwashed,,alive,,,,,
24,56,6,mutant_SM,yes,unwashed,,alive,,,,,
24,22,6,mutant_SM,yes,unwashed,,dead,,,,,
24,82,8,mutant_SM,yes,washed,,alive,,,,,
24,75,8,mutant_SM,yes,washed,,alive,,,,,
24,103,8,mutant_SM,yes,washed,,alive,,,,,
24,95,8,mutant_SM,yes,washed,,alive,,,,,
24,109,8,mutant_SM,yes,washed,,alive,,,,,
24,115,8,mutant_SM,yes,washed,,alive,,,,,
24,77,8,mutant_SM,yes,washed,,dead,,,,,
24,48,10,WT_SM,yes,unwashed,0.32,dead,,,,,
24,2,10,WT_SM,yes,unwashed,,alive,,,,,
24,15,10,WT_SM,yes,unwashed,,alive,,,,,
24,36,10,WT_SM,yes,unwashed,,alive,,,,,
24,62,10,WT_SM,yes,unwashed,,alive,,,,,
24,3,10,WT_SM,yes,unwashed,,alive,,,,,
24,47,10,WT_SM,yes,unwashed,,alive,,,,,
24,41,10,WT_SM,yes,unwashed,,dead,,,,,
24,111,12,WT_SM,yes,washed,0.3,dead,,,,,
24,98,12,WT_SM,yes,washed,,alive,,,,,
24,76,12,WT_SM,yes,washed,,alive,,,,,
24,112,12,WT_SM,yes,washed,,alive,,,,,
24,55,12,WT_SM,yes,washed,,alive,,,,,
24,108,12,WT_SM,yes,washed,,alive,,,,,
24,110,12,WT_SM,yes,washed,,alive,,,,,
24,99,12,WT_SM,yes,washed,,dead,,,,,
25,43,2,sham,yes,unwashed,,alive,,,,,
25,9,2,sham,yes,unwashed,,alive,,,,,
25,51,2,sham,yes,unwashed,,alive,,,,,
25,27,2,sham,yes,unwashed,,alive,,,,,
25,17,2,sham,yes,unwashed,,alive,,,,,
25,28,2,sham,yes,unwashed,,dead,,,,,
25,16,2,sham,yes,unwashed,,dead,,,,,
25,4,2,sham,yes,unwashed,,dead,,,,,
25,113,4,sham,yes,washed,,alive,,,,,
25,101,4,sham,yes,washed,,alive,,,,,
25,58,4,sham,yes,washed,,alive,,,,,
25,102,4,sham,yes,washed,,alive,,,,,
25,107,4,sham,yes,washed,,alive,,,,,
25,114,4,sham,yes,washed,,alive,,,,,
25,96,4,sham,yes,washed,,dead,,,,,
25,120,4,sham,yes,washed,,dead,,,,,
25,44,6,mutant_SM,yes,unwashed,,alive,,,,,
25,52,6,mutant_SM,yes,unwashed,,alive,,,,,
25,40,6,mutant_SM,yes,unwashed,,alive,,,,,
25,56,6,mutant_SM,yes,unwashed,,alive,,,,,
25,22,6,mutant_SM,yes,unwashed,,dead,,,,,
25,75,8,mutant_SM,yes,washed,,alive,,,,,
25,103,8,mutant_SM,yes,washed,,alive,,,,,
25,95,8,mutant_SM,yes,washed,,alive,,,,,
25,109,8,mutant_SM,yes,washed,,alive,,,,,
25,82,8,mutant_SM,yes,washed,,alive,,,,,
25,115,8,mutant_SM,yes,washed,,alive,,,,,
25,77,8,mutant_SM,yes,washed,,dead,,,,,
25,2,10,WT_SM,yes,unwashed,0.19,dead,,,,,
25,36,10,WT_SM,yes,unwashed,,alive,,,,,
25,62,10,WT_SM,yes,unwashed,,alive,,,,,
25,3,10,WT_SM,yes,unwashed,,alive,,,,,
25,47,10,WT_SM,yes,unwashed,,alive,,,,,
25,15,10,WT_SM,yes,unwashed,,alive,,,,,
25,41,10,WT_SM,yes,unwashed,,dead,,,,,
25,48,10,WT_SM,yes,unwashed,,dead,,,,,
25,55,12,WT_SM,yes,washed,,alive,,,,,
25,108,12,WT_SM,yes,washed,,alive,,,,,
25,98,12,WT_SM,yes,washed,,alive,,,,,
25,76,12,WT_SM,yes,washed,,alive,,,,,
25,110,12,WT_SM,yes,washed,,alive,,,,,
25,112,12,WT_SM,yes,washed,,alive,,,,,
25,99,12,WT_SM,yes,washed,,dead,,,,,
25,111,12,WT_SM,yes,washed,,dead,,,,,
26,43,2,sham,yes,unwashed,,alive,,,,,
26,51,2,sham,yes,unwashed,,alive,,,,,
26,27,2,sham,yes,unwashed,,alive,,,,,
26,9,2,sham,yes,unwashed,,alive,,,,,
26,17,2,sham,yes,unwashed,,alive,,,,,
26,28,2,sham,yes,unwashed,,dead,,,,,
26,16,2,sham,yes,unwashed,,dead,,,,,
26,4,2,sham,yes,unwashed,,dead,,,,,
26,107,4,sham,yes,washed,,alive,,,,,
26,113,4,sham,yes,washed,,alive,,,,,
26,101,4,sham,yes,washed,,alive,,,,,
26,58,4,sham,yes,washed,,alive,,,,,
26,102,4,sham,yes,washed,,alive,,,,,
26,114,4,sham,yes,washed,,alive,,,,,
26,96,4,sham,yes,washed,,dead,,,,,
26,120,4,sham,yes,washed,,dead,,,,,
26,44,6,mutant_SM,yes,unwashed,,alive,,,,,
26,52,6,mutant_SM,yes,unwashed,,alive,,,,,
26,40,6,mutant_SM,yes,unwashed,,alive,,,,,
26,56,6,mutant_SM,yes,unwashed,,alive,,,,,
26,22,6,mutant_SM,yes,unwashed,,dead,,,,,
26,75,8,mutant_SM,yes,washed,,alive,,,,,
26,103,8,mutant_SM,yes,washed,,alive,,,,,
26,95,8,mutant_SM,yes,washed,,alive,,,,,
26,109,8,mutant_SM,yes,washed,,alive,,,,,
26,82,8,mutant_SM,yes,washed,,alive,,,,,
26,115,8,mutant_SM,yes,washed,,alive,,,,,
26,77,8,mutant_SM,yes,washed,,dead,,,,,
26,62,10,WT_SM,yes,unwashed,,alive,,,,,
26,47,10,WT_SM,yes,unwashed,,alive,,,,,
26,15,10,WT_SM,yes,unwashed,,alive,,,,,
26,36,10,WT_SM,yes,unwashed,,alive,,,,,
26,3,10,WT_SM,yes,unwashed,,alive,,,,,
26,41,10,WT_SM,yes,unwashed,,dead,,,,,
26,48,10,WT_SM,yes,unwashed,,dead,,,,,
26,2,10,WT_SM,yes,unwashed,,dead,,,,,
26,98,12,WT_SM,yes,washed,,alive,,,,,
26,76,12,WT_SM,yes,washed,,alive,,,,,
26,55,12,WT_SM,yes,washed,,alive,,,,,
26,108,12,WT_SM,yes,washed,,alive,,,,,
26,110,12,WT_SM,yes,washed,,alive,,,,,
26,112,12,WT_SM,yes,washed,,alive,,,,,
26,99,12,WT_SM,yes,washed,,dead,,,,,
26,111,12,WT_SM,yes,washed,,dead,,,,,
27,43,2,sham,yes,unwashed,,alive,,,,,
27,51,2,sham,yes,unwashed,,alive,,,,,
27,27,2,sham,yes,unwashed,,alive,,,,,
27,17,2,sham,yes,unwashed,,alive,,,,,
27,9,2,sham,yes,unwashed,,alive,,,,,
27,28,2,sham,yes,unwashed,,dead,,,,,
27,16,2,sham,yes,unwashed,,dead,,,,,
27,4,2,sham,yes,unwashed,,dead,,,,,
27,58,4,sham,yes,washed,,alive,,,,,
27,102,4,sham,yes,washed,,alive,,,,,
27,101,4,sham,yes,washed,,alive,,,,,
27,107,4,sham,yes,washed,,alive,,,,,
27,113,4,sham,yes,washed,,alive,,,,,
27,114,4,sham,yes,washed,,alive,,,,,
27,96,4,sham,yes,washed,,dead,,,,,
27,120,4,sham,yes,washed,,dead,,,,,
27,52,6,mutant_SM,yes,unwashed,,dead,,,,,
27,56,6,mutant_SM,yes,unwashed,,alive,,,,,
27,44,6,mutant_SM,yes,unwashed,,alive,,,,,
27,40,6,mutant_SM,yes,unwashed,,alive,,,,,
27,22,6,mutant_SM,yes,unwashed,,dead,,,,,
27,103,8,mutant_SM,yes,washed,,alive,,,,,
27,95,8,mutant_SM,yes,washed,,alive,,,,,
27,109,8,mutant_SM,yes,washed,,alive,,,,,
27,82,8,mutant_SM,yes,washed,,alive,,,,,
27,115,8,mutant_SM,yes,washed,,alive,,,,,
27,75,8,mutant_SM,yes,washed,,alive,,,,,
27,77,8,mutant_SM,yes,washed,,dead,,,,,
27,3,10,WT_SM,yes,unwashed,,dead,,,,,
27,36,10,WT_SM,yes,unwashed,,alive,,,,,
27,62,10,WT_SM,yes,unwashed,,alive,,,,,
27,47,10,WT_SM,yes,unwashed,,alive,,,,,
27,15,10,WT_SM,yes,unwashed,,alive,,,,,
27,41,10,WT_SM,yes,unwashed,,dead,,,,,
27,48,10,WT_SM,yes,unwashed,,dead,,,,,
27,2,10,WT_SM,yes,unwashed,,dead,,,,,
27,110,12,WT_SM,yes,washed,,alive,,,,,
27,108,12,WT_SM,yes,washed,,alive,,,,,
27,98,12,WT_SM,yes,washed,,alive,,,,,
27,76,12,WT_SM,yes,washed,,alive,,,,,
27,112,12,WT_SM,yes,washed,,alive,,,,,
27,55,12,WT_SM,yes,washed,,alive,,,,,
27,99,12,WT_SM,yes,washed,,dead,,,,,
27,111,12,WT_SM,yes,washed,,dead,,,,,
28,43,2,sham,yes,unwashed,,alive,,,,,
28,51,2,sham,yes,unwashed,,alive,,,,,
28,27,2,sham,yes,unwashed,,alive,,,,,
28,9,2,sham,yes,unwashed,,alive,,,,,
28,17,2,sham,yes,unwashed,,alive,,,,,
28,28,2,sham,yes,unwashed,,dead,,,,,
28,16,2,sham,yes,unwashed,,dead,,,,,
28,4,2,sham,yes,unwashed,,dead,,,,,
28,113,4,sham,yes,washed,,alive,,,,,
28,114,4,sham,yes,washed,,alive,,,,,
28,101,4,sham,yes,washed,,alive,,,,,
28,58,4,sham,yes,washed,,alive,,,,,
28,102,4,sham,yes,washed,,alive,,,,,
28,107,4,sham,yes,washed,,alive,,,,,
28,96,4,sham,yes,washed,,dead,,,,,
28,120,4,sham,yes,washed,,dead,,,,,
28,44,6,mutant_SM,yes,unwashed,,alive,,,,,
28,40,6,mutant_SM,yes,unwashed,,alive,,,,,
28,56,6,mutant_SM,yes,unwashed,,alive,,,,,
28,22,6,mutant_SM,yes,unwashed,,dead,,,,,
28,52,6,mutant_SM,yes,unwashed,,dead,,,,,
28,109,8,mutant_SM,yes,washed,,alive,,,,,
28,82,8,mutant_SM,yes,washed,,alive,,,,,
28,115,8,mutant_SM,yes,washed,,alive,,,,,
28,75,8,mutant_SM,yes,washed,,alive,,,,,
28,103,8,mutant_SM,yes,washed,,alive,,,,,
28,95,8,mutant_SM,yes,washed,,alive,,,,,
28,77,8,mutant_SM,yes,washed,,dead,,,,,
28,36,10,WT_SM,yes,unwashed,0.18,dead,,,,,
28,62,10,WT_SM,yes,unwashed,,alive,,,,,
28,47,10,WT_SM,yes,unwashed,,alive,,,,,
28,15,10,WT_SM,yes,unwashed,,alive,,,,,
28,41,10,WT_SM,yes,unwashed,,dead,,,,,
28,48,10,WT_SM,yes,unwashed,,dead,,,,,
28,2,10,WT_SM,yes,unwashed,,dead,,,,,
28,3,10,WT_SM,yes,unwashed,,dead,,,,,
28,98,12,WT_SM,yes,washed,,alive,,,,,
28,76,12,WT_SM,yes,washed,,alive,,,,,
28,110,12,WT_SM,yes,washed,,alive,,,,,
28,112,12,WT_SM,yes,washed,,alive,,,,,
28,55,12,WT_SM,yes,washed,,alive,,,,,
28,108,12,WT_SM,yes,washed,,alive,,,,,
28,99,12,WT_SM,yes,washed,,dead,,,,,
28,111,12,WT_SM,yes,washed,,dead,,,,,
29,9,2,sham,yes,unwashed,0.16,alive,,,,,
29,51,2,sham,yes,unwashed,0.18,alive,102.52,4.89378084,5.825551452,0.091088977,
29,17,2,sham,yes,unwashed,0.19,alive,,,,,
29,27,2,sham,yes,unwashed,0.27,alive,118.91,4.744151104,10.23371713,0.159937565,
29,43,2,sham,yes,unwashed,0.37,alive,106.83,5.10110901,9.119511175,0.120095707,
29,28,2,sham,yes,unwashed,,dead,,,,,
29,16,2,sham,yes,unwashed,,dead,,,,,
29,4,2,sham,yes,unwashed,,dead,,,,,
29,114,4,sham,yes,washed,0.18,alive,125.74,5.141669736,11.53591999,0.186586365,
29,107,4,sham,yes,washed,0.3,alive,,,,,
29,58,4,sham,yes,washed,0.32,alive,119.09,4.855684995,9.957239446,0.157344187,
29,101,4,sham,yes,washed,0.34,alive,125.01,5.273327204,6.674269159,0.102984499,
29,102,4,sham,yes,washed,0.37,alive,133.4,4.946174933,9.1838504,0.151334083,
29,113,4,sham,yes,washed,0.53,alive,,,,,
29,96,4,sham,yes,washed,,dead,,,,,
29,120,4,sham,yes,washed,,dead,,,,,
29,56,6,mutant_SM,yes,unwashed,0.24,alive,116.64,5.080205197,7.993471462,0.117843091,
29,44,6,mutant_SM,yes,unwashed,0.41,alive,,,,,
29,40,6,mutant_SM,yes,unwashed,0.48,alive,111.34,5.468403272,9.938399231,0.140264489,
29,22,6,mutant_SM,yes,unwashed,,dead,,,,,
29,52,6,mutant_SM,yes,unwashed,,dead,,,,,
29,95,8,mutant_SM,yes,washed,0.29,alive,,,,,
29,115,8,mutant_SM,yes,washed,0.34,alive,133.16,5.229519939,8.523404393,0.108273182,
29,75,8,mutant_SM,yes,washed,0.31,alive,149.79,5.440764578,8.250264041,0.09199478,
29,82,8,mutant_SM,yes,washed,0.35,alive,127.4,5.417890305,7.3094629,0.087333341,
29,103,8,mutant_SM,yes,washed,0.38,alive,,,,,
29,109,8,mutant_SM,yes,washed,0.41,alive,119.05,5.259671227,8.918379566,0.121181515,
29,77,8,mutant_SM,yes,washed,,dead,,,,,
29,15,10,WT_SM,yes,unwashed,0.2,alive,,,,,
29,62,10,WT_SM,yes,unwashed,0.23,alive,,,,,
29,47,10,WT_SM,yes,unwashed,0.28,alive,125.69,5.244901324,10.89706951,0.15299042,
29,41,10,WT_SM,yes,unwashed,,dead,,,,,
29,48,10,WT_SM,yes,unwashed,,dead,,,,,
29,2,10,WT_SM,yes,unwashed,,dead,,,,,
29,3,10,WT_SM,yes,unwashed,,dead,,,,,
29,36,10,WT_SM,yes,unwashed,,dead,,,,,
29,98,12,WT_SM,yes,washed,0.19,alive,121.62,5.806266208,7.215696996,0.09634559,
29,110,12,WT_SM,yes,washed,0.26,alive,,,,,
29,112,12,WT_SM,yes,washed,0.26,alive,,,,,
29,108,12,WT_SM,yes,washed,0.31,alive,125.27,5.40828956,9.428169639,0.126004884,
29,76,12,WT_SM,yes,washed,0.33,alive,,,,,
29,55,12,WT_SM,yes,washed,0.37,alive,120.82,5.494496788,7.375892596,0.082380648,
29,99,12,WT_SM,yes,washed,,dead,,,,,
29,111,12,WT_SM,yes,washed,,dead,,,,,
30,51,2,sham,yes,unwashed,0.19,dead,,,,,
30,27,2,sham,yes,unwashed,0.29,dead,,,,,
30,9,2,sham,yes,unwashed,,alive,,,,,
30,43,2,sham,yes,unwashed,,alive,,,,,
30,17,2,sham,yes,unwashed,,alive,,,,,
30,28,2,sham,yes,unwashed,,dead,,,,,
30,16,2,sham,yes,unwashed,,dead,,,,,
30,4,2,sham,yes,unwashed,,dead,,,,,
30,114,4,sham,yes,washed,0.21,dead,,,,,
30,101,4,sham,yes,washed,,alive,,,,,
30,58,4,sham,yes,washed,,alive,,,,,
30,102,4,sham,yes,washed,,alive,,,,,
30,107,4,sham,yes,washed,,alive,,,,,
30,113,4,sham,yes,washed,,alive,,,,,
30,96,4,sham,yes,washed,,dead,,,,,
30,120,4,sham,yes,washed,,dead,,,,,
30,44,6,mutant_SM,yes,unwashed,,alive,,,,,
30,40,6,mutant_SM,yes,unwashed,,alive,,,,,
30,56,6,mutant_SM,yes,unwashed,,alive,,,,,
30,22,6,mutant_SM,yes,unwashed,,dead,,,,,
30,52,6,mutant_SM,yes,unwashed,,dead,,,,,
30,75,8,mutant_SM,yes,washed,,alive,,,,,
30,103,8,mutant_SM,yes,washed,,alive,,,,,
30,95,8,mutant_SM,yes,washed,,alive,,,,,
30,109,8,mutant_SM,yes,washed,,alive,,,,,
30,82,8,mutant_SM,yes,washed,,alive,,,,,
30,115,8,mutant_SM,yes,washed,,alive,,,,,
30,77,8,mutant_SM,yes,washed,,dead,,,,,
30,62,10,WT_SM,yes,unwashed,0.21,dead,,,,,
30,47,10,WT_SM,yes,unwashed,,alive,,,,,
30,15,10,WT_SM,yes,unwashed,,alive,,,,,
30,41,10,WT_SM,yes,unwashed,,dead,,,,,
30,48,10,WT_SM,yes,unwashed,,dead,,,,,
30,2,10,WT_SM,yes,unwashed,,dead,,,,,
30,3,10,WT_SM,yes,unwashed,,dead,,,,,
30,36,10,WT_SM,yes,unwashed,,dead,,,,,
30,98,12,WT_SM,yes,washed,0.12,dead,,,,,
30,55,12,WT_SM,yes,washed,,alive,,,,,
30,76,12,WT_SM,yes,washed,,alive,,,,,
30,110,12,WT_SM,yes,washed,,alive,,,,,
30,108,12,WT_SM,yes,washed,,alive,,,,,
30,112,12,WT_SM,yes,washed,,alive,,,,,
30,99,12,WT_SM,yes,washed,,dead,,,,,
30,111,12,WT_SM,yes,washed,,dead,,,,,
31,9,2,sham,yes,unwashed,0.18,dead,,,,,
31,43,2,sham,yes,unwashed,0.43,dead,,,,,
31,17,2,sham,yes,unwashed,,alive,,,,,
31,28,2,sham,yes,unwashed,,dead,,,,,
31,16,2,sham,yes,unwashed,,dead,,,,,
31,4,2,sham,yes,unwashed,,dead,,,,,
31,51,2,sham,yes,unwashed,,dead,,,,,
31,27,2,sham,yes,unwashed,,dead,,,,,
31,101,4,sham,yes,washed,,alive,,,,,
31,58,4,sham,yes,washed,,alive,,,,,
31,102,4,sham,yes,washed,,alive,,,,,
31,107,4,sham,yes,washed,,alive,,,,,
31,113,4,sham,yes,washed,,alive,,,,,
31,96,4,sham,yes,washed,,dead,,,,,
31,120,4,sham,yes,washed,,dead,,,,,
31,114,4,sham,yes,washed,,dead,,,,,
31,44,6,mutant_SM,yes,unwashed,,alive,,,,,
31,40,6,mutant_SM,yes,unwashed,,alive,,,,,
31,56,6,mutant_SM,yes,unwashed,,alive,,,,,
31,22,6,mutant_SM,yes,unwashed,,dead,,,,,
31,52,6,mutant_SM,yes,unwashed,,dead,,,,,
31,103,8,mutant_SM,yes,washed,,alive,,,,,
31,95,8,mutant_SM,yes,washed,,alive,,,,,
31,75,8,mutant_SM,yes,washed,,alive,,,,,
31,109,8,mutant_SM,yes,washed,,alive,,,,,
31,82,8,mutant_SM,yes,washed,,alive,,,,,
31,115,8,mutant_SM,yes,washed,,alive,,,,,
31,77,8,mutant_SM,yes,washed,,dead,,,,,
31,15,10,WT_SM,yes,unwashed,0.23,dead,,,,,
31,47,10,WT_SM,yes,unwashed,0.29,dead,,,,,
31,41,10,WT_SM,yes,unwashed,,dead,,,,,
31,48,10,WT_SM,yes,unwashed,,dead,,,,,
31,2,10,WT_SM,yes,unwashed,,dead,,,,,
31,3,10,WT_SM,yes,unwashed,,dead,,,,,
31,36,10,WT_SM,yes,unwashed,,dead,,,,,
31,62,10,WT_SM,yes,unwashed,,dead,,,,,
31,76,12,WT_SM,yes,washed,,alive,,,,,
31,108,12,WT_SM,yes,washed,,alive,,,,,
31,55,12,WT_SM,yes,washed,,alive,,,,,
31,110,12,WT_SM,yes,washed,,alive,,,,,
31,112,12,WT_SM,yes,washed,,alive,,,,,
31,99,12,WT_SM,yes,washed,,dead,,,,,
31,111,12,WT_SM,yes,washed,,dead,,,,,
31,98,12,WT_SM,yes,washed,,dead,,,,,
32,17,2,sham,yes,unwashed,,alive,,,,,
32,28,2,sham,yes,unwashed,,dead,,,,,
32,16,2,sham,yes,unwashed,,dead,,,,,
32,4,2,sham,yes,unwashed,,dead,,,,,
32,51,2,sham,yes,unwashed,,dead,,,,,
32,27,2,sham,yes,unwashed,,dead,,,,,
32,43,2,sham,yes,unwashed,,dead,,,,,
32,9,2,sham,yes,unwashed,,dead,,,,,
32,113,4,sham,yes,washed,,alive,,,,,
32,101,4,sham,yes,washed,,alive,,,,,
32,58,4,sham,yes,washed,,alive,,,,,
32,102,4,sham,yes,washed,,alive,,,,,
32,107,4,sham,yes,washed,,alive,,,,,
32,96,4,sham,yes,washed,,dead,,,,,
32,120,4,sham,yes,washed,,dead,,,,,
32,114,4,sham,yes,washed,,dead,,,,,
32,40,6,mutant_SM,yes,unwashed,,alive,,,,,
32,44,6,mutant_SM,yes,unwashed,,alive,,,,,
32,56,6,mutant_SM,yes,unwashed,,alive,,,,,
32,22,6,mutant_SM,yes,unwashed,,dead,,,,,
32,52,6,mutant_SM,yes,unwashed,,dead,,,,,
32,115,8,mutant_SM,yes,washed,,alive,,,,,
32,75,8,mutant_SM,yes,washed,,alive,,,,,
32,103,8,mutant_SM,yes,washed,,alive,,,,,
32,95,8,mutant_SM,yes,washed,,alive,,,,,
32,109,8,mutant_SM,yes,washed,,alive,,,,,
32,82,8,mutant_SM,yes,washed,,alive,,,,,
32,77,8,mutant_SM,yes,washed,,dead,,,,,
32,41,10,WT_SM,yes,unwashed,,dead,,,,,
32,48,10,WT_SM,yes,unwashed,,dead,,,,,
32,2,10,WT_SM,yes,unwashed,,dead,,,,,
32,3,10,WT_SM,yes,unwashed,,dead,,,,,
32,36,10,WT_SM,yes,unwashed,,dead,,,,,
32,62,10,WT_SM,yes,unwashed,,dead,,,,,
32,47,10,WT_SM,yes,unwashed,,dead,,,,,
32,15,10,WT_SM,yes,unwashed,,dead,,,,,
32,112,12,WT_SM,yes,washed,0.28,dead,,,,,
32,108,12,WT_SM,yes,washed,,alive,,,,,
32,76,12,WT_SM,yes,washed,,alive,,,,,
32,110,12,WT_SM,yes,washed,,alive,,,,,
32,55,12,WT_SM,yes,washed,,alive,,,,,
32,99,12,WT_SM,yes,washed,,dead,,,,,
32,111,12,WT_SM,yes,washed,,dead,,,,,
32,98,12,WT_SM,yes,washed,,dead,,,,,
33,17,2,sham,yes,unwashed,,alive,,,,,
33,28,2,sham,yes,unwashed,,dead,,,,,
33,16,2,sham,yes,unwashed,,dead,,,,,
33,4,2,sham,yes,unwashed,,dead,,,,,
33,51,2,sham,yes,unwashed,,dead,,,,,
33,27,2,sham,yes,unwashed,,dead,,,,,
33,43,2,sham,yes,unwashed,,dead,,,,,
33,9,2,sham,yes,unwashed,,dead,,,,,
33,101,4,sham,yes,washed,,alive,,,,,
33,58,4,sham,yes,washed,,alive,,,,,
33,102,4,sham,yes,washed,,alive,,,,,
33,107,4,sham,yes,washed,,alive,,,,,
33,113,4,sham,yes,washed,,alive,,,,,
33,96,4,sham,yes,washed,,dead,,,,,
33,120,4,sham,yes,washed,,dead,,,,,
33,114,4,sham,yes,washed,,dead,,,,,
33,44,6,mutant_SM,yes,unwashed,,alive,,,,,
33,40,6,mutant_SM,yes,unwashed,,alive,,,,,
33,56,6,mutant_SM,yes,unwashed,,alive,,,,,
33,22,6,mutant_SM,yes,unwashed,,dead,,,,,
33,52,6,mutant_SM,yes,unwashed,,dead,,,,,
33,75,8,mutant_SM,yes,washed,,alive,,,,,
33,103,8,mutant_SM,yes,washed,,alive,,,,,
33,95,8,mutant_SM,yes,washed,,alive,,,,,
33,109,8,mutant_SM,yes,washed,,alive,,,,,
33,82,8,mutant_SM,yes,washed,,alive,,,,,
33,115,8,mutant_SM,yes,washed,,alive,,,,,
33,77,8,mutant_SM,yes,washed,,dead,,,,,
33,41,10,WT_SM,yes,unwashed,,dead,,,,,
33,48,10,WT_SM,yes,unwashed,,dead,,,,,
33,2,10,WT_SM,yes,unwashed,,dead,,,,,
33,3,10,WT_SM,yes,unwashed,,dead,,,,,
33,36,10,WT_SM,yes,unwashed,,dead,,,,,
33,62,10,WT_SM,yes,unwashed,,dead,,,,,
33,47,10,WT_SM,yes,unwashed,,dead,,,,,
33,15,10,WT_SM,yes,unwashed,,dead,,,,,
33,110,12,WT_SM,yes,washed,0.25,dead,,,,,
33,76,12,WT_SM,yes,washed,0.31,dead,,,,,
33,110,12,WT_SM,yes,washed,,alive,,,,,
33,55,12,WT_SM,yes,washed,,alive,,,,,
33,99,12,WT_SM,yes,washed,,dead,,,,,
33,111,12,WT_SM,yes,washed,,dead,,,,,
33,98,12,WT_SM,yes,washed,,dead,,,,,
33,112,12,WT_SM,yes,washed,,dead,,,,,
34,17,2,sham,yes,unwashed,,alive,,,,,
34,28,2,sham,yes,unwashed,,dead,,,,,
34,16,2,sham,yes,unwashed,,dead,,,,,
34,4,2,sham,yes,unwashed,,dead,,,,,
34,51,2,sham,yes,unwashed,,dead,,,,,
34,27,2,sham,yes,unwashed,,dead,,,,,
34,43,2,sham,yes,unwashed,,dead,,,,,
34,9,2,sham,yes,unwashed,,dead,,,,,
34,101,4,sham,yes,washed,,alive,,,,,
34,58,4,sham,yes,washed,,alive,,,,,
34,102,4,sham,yes,washed,,alive,,,,,
34,107,4,sham,yes,washed,,alive,,,,,
34,113,4,sham,yes,washed,,alive,,,,,
34,96,4,sham,yes,washed,,dead,,,,,
34,120,4,sham,yes,washed,,dead,,,,,
34,114,4,sham,yes,washed,,dead,,,,,
34,44,6,mutant_SM,yes,unwashed,,alive,,,,,
34,40,6,mutant_SM,yes,unwashed,,alive,,,,,
34,56,6,mutant_SM,yes,unwashed,,alive,,,,,
34,22,6,mutant_SM,yes,unwashed,,dead,,,,,
34,52,6,mutant_SM,yes,unwashed,,dead,,,,,
34,75,8,mutant_SM,yes,washed,,alive,,,,,
34,103,8,mutant_SM,yes,washed,,alive,,,,,
34,95,8,mutant_SM,yes,washed,,alive,,,,,
34,109,8,mutant_SM,yes,washed,,alive,,,,,
34,82,8,mutant_SM,yes,washed,,alive,,,,,
34,115,8,mutant_SM,yes,washed,,alive,,,,,
34,77,8,mutant_SM,yes,washed,,dead,,,,,
34,41,10,WT_SM,yes,unwashed,,dead,,,,,
34,48,10,WT_SM,yes,unwashed,,dead,,,,,
34,2,10,WT_SM,yes,unwashed,,dead,,,,,
34,3,10,WT_SM,yes,unwashed,,dead,,,,,
34,36,10,WT_SM,yes,unwashed,,dead,,,,,
34,62,10,WT_SM,yes,unwashed,,dead,,,,,
34,47,10,WT_SM,yes,unwashed,,dead,,,,,
34,15,10,WT_SM,yes,unwashed,,dead,,,,,
34,55,12,WT_SM,yes,washed,,alive,,,,,
34,108,12,WT_SM,yes,washed,,alive,,,,,
34,99,12,WT_SM,yes,washed,,dead,,,,,
34,111,12,WT_SM,yes,washed,,dead,,,,,
34,98,12,WT_SM,yes,washed,,dead,,,,,
34,112,12,WT_SM,yes,washed,,dead,,,,,
34,76,12,WT_SM,yes,washed,,dead,,,,,
34,110,12,WT_SM,yes,washed,,dead,,,,,
35,17,2,sham,yes,unwashed,,alive,,,,,
35,28,2,sham,yes,unwashed,,dead,,,,,
35,16,2,sham,yes,unwashed,,dead,,,,,
35,4,2,sham,yes,unwashed,,dead,,,,,
35,51,2,sham,yes,unwashed,,dead,,,,,
35,27,2,sham,yes,unwashed,,dead,,,,,
35,43,2,sham,yes,unwashed,,dead,,,,,
35,9,2,sham,yes,unwashed,,dead,,,,,
35,102,4,sham,yes,washed,,alive,,,,,
35,101,4,sham,yes,washed,,alive,,,,,
35,58,4,sham,yes,washed,,alive,,,,,
35,107,4,sham,yes,washed,,alive,,,,,
35,113,4,sham,yes,washed,,alive,,,,,
35,96,4,sham,yes,washed,,dead,,,,,
35,120,4,sham,yes,washed,,dead,,,,,
35,114,4,sham,yes,washed,,dead,,,,,
35,44,6,mutant_SM,yes,unwashed,,alive,,,,,
35,40,6,mutant_SM,yes,unwashed,,alive,,,,,
35,22,6,mutant_SM,yes,unwashed,,dead,,,,,
35,52,6,mutant_SM,yes,unwashed,,dead,,,,,
35,75,8,mutant_SM,yes,washed,,alive,,,,,
35,103,8,mutant_SM,yes,washed,,alive,,,,,
35,95,8,mutant_SM,yes,washed,,alive,,,,,
35,109,8,mutant_SM,yes,washed,,alive,,,,,
35,82,8,mutant_SM,yes,washed,,alive,,,,,
35,115,8,mutant_SM,yes,washed,,alive,,,,,
35,77,8,mutant_SM,yes,washed,,dead,,,,,
35,41,10,WT_SM,yes,unwashed,,dead,,,,,
35,48,10,WT_SM,yes,unwashed,,dead,,,,,
35,2,10,WT_SM,yes,unwashed,,dead,,,,,
35,3,10,WT_SM,yes,unwashed,,dead,,,,,
35,36,10,WT_SM,yes,unwashed,,dead,,,,,
35,62,10,WT_SM,yes,unwashed,,dead,,,,,
35,47,10,WT_SM,yes,unwashed,,dead,,,,,
35,15,10,WT_SM,yes,unwashed,,dead,,,,,
35,55,12,WT_SM,yes,washed,0.39,dead,,,,,
35,108,12,WT_SM,yes,washed,,alive,,,,,
35,99,12,WT_SM,yes,washed,,dead,,,,,
35,111,12,WT_SM,yes,washed,,dead,,,,,
35,98,12,WT_SM,yes,washed,,dead,,,,,
35,112,12,WT_SM,yes,washed,,dead,,,,,
35,76,12,WT_SM,yes,washed,,dead,,,,,
35,110,12,WT_SM,yes,washed,,dead,,,,,
36,17,2,sham,yes,unwashed,0.18,alive,,,,,
36,28,2,sham,yes,unwashed,,dead,,,,,
36,16,2,sham,yes,unwashed,,dead,,,,,
36,4,2,sham,yes,unwashed,,dead,,,,,
36,51,2,sham,yes,unwashed,,dead,,,,,
36,27,2,sham,yes,unwashed,,dead,,,,,
36,43,2,sham,yes,unwashed,,dead,,,,,
36,9,2,sham,yes,unwashed,,dead,,,,,
36,107,4,sham,yes,washed,0.27,alive,,,,,
36,58,4,sham,yes,washed,0.28,alive,,,,,
36,101,4,sham,yes,washed,0.31,alive,,,,,
36,102,4,sham,yes,washed,0.32,alive,,,,,
36,113,4,sham,yes,washed,0.49,alive,,,,,
36,96,4,sham,yes,washed,,dead,,,,,
36,120,4,sham,yes,washed,,dead,,,,,
36,114,4,sham,yes,washed,,dead,,,,,
36,56,6,mutant_SM,yes,unwashed,0.21,alive,,,,,
36,44,6,mutant_SM,yes,unwashed,0.36,alive,,,,,
36,40,6,mutant_SM,yes,unwashed,0.43,alive,,,,,
36,22,6,mutant_SM,yes,unwashed,,dead,,,,,
36,52,6,mutant_SM,yes,unwashed,,dead,,,,,
36,95,8,mutant_SM,yes,washed,0.28,alive,,,,,
36,75,8,mutant_SM,yes,washed,0.26,alive,,,,,
36,82,8,mutant_SM,yes,washed,0.32,alive,,,,,
36,115,8,mutant_SM,yes,washed,0.29,alive,,,,,
36,103,8,mutant_SM,yes,washed,0.34,alive,,,,,
36,109,8,mutant_SM,yes,washed,0.36,alive,,,,,
36,77,8,mutant_SM,yes,washed,,dead,,,,,
36,41,10,WT_SM,yes,unwashed,,dead,,,,,
36,48,10,WT_SM,yes,unwashed,,dead,,,,,
36,2,10,WT_SM,yes,unwashed,,dead,,,,,
36,3,10,WT_SM,yes,unwashed,,dead,,,,,
36,36,10,WT_SM,yes,unwashed,,dead,,,,,
36,62,10,WT_SM,yes,unwashed,,dead,,,,,
36,47,10,WT_SM,yes,unwashed,,dead,,,,,
36,15,10,WT_SM,yes,unwashed,,dead,,,,,
36,108,12,WT_SM,yes,washed,0.28,alive,,,,,
36,99,12,WT_SM,yes,washed,,dead,,,,,
36,111,12,WT_SM,yes,washed,,dead,,,,,
36,98,12,WT_SM,yes,washed,,dead,,,,,
36,112,12,WT_SM,yes,washed,,dead,,,,,
36,76,12,WT_SM,yes,washed,,dead,,,,,
36,110,12,WT_SM,yes,washed,,dead,,,,,
36,55,12,WT_SM,yes,washed,,dead,,,,,