Experiment_Day,Frog Number,Treatment,Mass (g),Mortality,RichnessMean,RichnessSD,InvSimpMean,InvSimpSD,"Bd (0=absent, 1=present)"
1,7,1,0.18,alive,76.8,4.574854416,5.636894162,0.065978117,0
1,25,1,0.19,alive,103.48,5.814436926,5.708753046,0.065165081,0
1,20,1,0.2,alive,102.5,5.869799439,7.65823535,0.073412691,0
1,13,1,0.32,alive,60.57,4.34905075,3.387731647,0.044135864,0
1,59,1,0.26,alive,75.68,4.254243277,8.675283674,0.102947023,0
1,10,1,0.26,alive,91.68,5.713496338,5.47180501,0.061185448,0
1,14,1,0.3,alive,82.1,5.103969539,6.414582351,0.072595695,0
1,19,1,0.42,alive,62.4,4.62317395,7.196353969,0.063874659,0
1,45,1,0.52,alive,69.42,4.385881849,5.418227497,0.049157382,1
1,16,2,0.15,alive,57.33,4.696990225,4.153786982,0.04578193,0
1,28,2,0.2,alive,59.44,4.276598289,6.99146074,0.055429596,0
1,4,2,0.17,alive,60.71,4.224256554,5.573458969,0.063868285,0
1,51,2,0.24,alive,67.12,4.288297442,3.570090353,0.0404669,0
1,35,2,0.18,dead,57.26,5.098266689,4.552974889,0.048705502,1
1,9,2,0.22,alive,64.44,4.837396411,7.128721558,0.076405177,0
1,17,2,0.26,alive,71.45,4.353971831,5.364067416,0.064153595,0
1,66,2,0.31,alive,58.54,4.411692453,3.905502716,0.0421778,1
1,27,2,0.39,alive,53.21,3.880266054,3.512023053,0.028474425,0
1,43,2,0.58,alive,92.25,6.552623039,5.363301797,0.054193493,0
1,54,3,0.22,alive,,,,,0
1,116,3,0.25,alive,,,,,1
1,71,3,0.26,alive,55.12,4.969157399,2.697902535,0.033675453,0
1,100,3,0.28,alive,,,,,1
1,92,3,0.43,alive,,,,,1
1,93,3,0.49,alive,57.6,3.604150245,6.424436416,0.070041014,0
1,118,3,0.47,alive,,,,,0
1,105,3,0.53,alive,62.14,4.552765837,4.075472954,0.054838365,0
1,117,3,0.52,alive,66.69,5.4895585,4.946644311,0.070173438,0
1,86,3,,dead,,,,,0
1,69,3,,,,,,,0
1,96,4,0.26,alive,,,,,0
1,114,4,0.26,alive,62.09,4.566224265,3.538323781,0.048637131,0
1,120,4,0.23,alive,,,,,0
1,107,4,0.39,alive,,,,,0
1,58,4,0.43,alive,52.29,4.102955328,1.978314368,0.020522048,0
1,102,4,0.49,alive,130.09,6.042099775,5.447598703,0.07562159,0
1,101,4,0.46,alive,68.5,4.509249753,3.652780455,0.037696105,0
1,113,4,0.66,alive,,,,,0
1,31,5,0.25,alive,63.49,3.647318096,6.801782429,0.055727302,0
1,6,5,0.38,alive,,,,,0
1,34,5,0.39,alive,88.57,5.115346291,3.678747245,0.047457709,0
1,1,5,0.45,alive,57.89,4.75436004,3.784174417,0.044664138,0
1,37,5,0.31,alive,,,,,1
1,11,5,0.71,alive,,,,,1
1,32,5,0.51,alive,46.51,3.764520708,4.791867798,0.060329891,0
1,22,6,0.25,alive,60.96,4.317968097,4.015505487,0.045968144,0
1,52,6,0.32,alive,54.02,4.373889469,2.969557952,0.040202416,0
1,49,6,0.38,alive,,,,,1
1,12,6,0.26,alive,,,,,1
1,56,6,0.35,alive,77.13,5.23518593,4.855277965,0.061438533,0
1,70,6,0.36,alive,,,,,1
1,44,6,0.57,alive,,,,,0
1,40,6,0.65,alive,73.01,5.963686407,5.184422781,0.063375314,0
1,72,7,0.39,alive,,,,,1
1,106,7,0.27,alive,63.47,4.149857001,5.865785931,0.058975031,1
1,89,7,0.32,alive,,,,,1
1,97,7,0.33,alive,83.11,5.410231609,5.196892576,0.050549901,0
1,78,7,0.28,alive,,,,,1
1,90,7,0.46,alive,,,,,1
1,83,7,0.4,alive,77.33,4.855601784,3.443695834,0.044548725,0
1,104,7,0.43,alive,54.16,4.071879421,4.885200668,0.047384409,0
1,77,8,0.25,alive,,,,,0
1,95,8,0.39,alive,,,,,0
1,115,8,0.44,alive,82.49,6.923091211,5.202765868,0.049984893,0
1,82,8,0.45,alive,82.56,5.330150565,4.675659576,0.049228018,0
1,103,8,0.48,alive,,,,,0
1,109,8,0.62,alive,67.74,4.48481163,3.841263575,0.038336642,0
1,75,8,0.41,alive,59.43,4.399850778,7.734051875,0.077004641,0
1,5,9,0.15,alive,70.22,4.059108724,4.715566046,0.049216419,0
1,23,9,0.22,alive,54.71,4.477316566,6.143809823,0.06128738,0
1,26,9,0.26,alive,66.97,5.123633102,5.100896703,0.053455303,0
1,8,9,0.21,alive,,,,,0
1,33,9,0.26,alive,,,,,1
1,39,9,0.37,alive,,,,,1
1,63,9,0.37,alive,,,,,0
1,60,9,0.41,alive,,,,,0
1,46,9,0.55,alive,91.73,5.526529223,5.260981761,0.058726126,0
1,41,10,0.22,alive,67.7,4.852365871,4.083078194,0.043536586,0
1,36,10,0.24,alive,42.64,4.03399694,3.155424445,0.038510385,0
1,2,10,0.26,alive,52.82,4.797684627,6.620132968,0.058898095,0
1,3,10,0.21,alive,67.86,4.813742952,4.940952419,0.065099268,0
1,15,10,0.29,alive,50.93,4.05331888,5.868425753,0.077747849,0
1,62,10,0.31,alive,59.07,4.023303331,5.997467664,0.059825541,0
1,47,10,0.4,alive,72.52,4.92669496,6.072825361,0.064751469,0
1,48,10,0.46,alive,41.11,4.218513789,4.134760897,0.034532256,0
1,53,10,0.49,alive,50.49,4.482277109,3.819097168,0.04206868,1
1,42,10,0.62,alive,58.13,3.94828949,3.195993608,0.031539995,1
1,85,11,0.27,dead,,,,,1
1,74,11,0.35,alive,,,,,1
1,67,11,0.4,alive,,,,,0
1,94,11,0.43,alive,71.02,3.845448576,7.508774741,0.07100483,1
1,79,11,0.43,alive,81.85,5.236574947,5.496155497,0.060826118,0
1,68,11,0.44,alive,,,,,1
1,61,11,0.63,alive,53.5,4.544949467,5.586250214,0.057228423,1
1,84,11,0.68,alive,61.81,3.445667753,5.52847045,0.068618905,0
1,119,11,0.73,alive,,,,,1
1,99,12,0.2,alive,90.3,4.700096711,5.899294634,0.07381686,0
1,98,12,0.28,alive,63.73,4.378217432,2.954493953,0.039945812,0
1,110,12,0.4,alive,,,,,0
1,108,12,0.44,alive,75.76,5.390076928,4.4664772,0.052830534,0
1,112,12,0.42,alive,,,,,0
1,76,12,0.54,alive,,,,,0
1,111,12,0.41,alive,,,,,0
1,55,12,0.54,alive,49.25,4.374801583,4.943543297,0.054979494,0
10,10,1,,alive,,,,,
10,45,1,,alive,,,,,
10,59,1,,alive,,,,,
10,7,1,,alive,,,,,
10,13,1,,alive,,,,,
10,19,1,,alive,,,,,
10,14,1,,alive,,,,,
10,20,1,,alive,,,,,
10,25,1,,dead,,,,,
10,27,2,,alive,,,,,
10,16,2,,alive,,,,,
10,51,2,,alive,,,,,
10,66,2,,alive,,,,,
10,4,2,,alive,,,,,
10,9,2,,alive,,,,,
10,17,2,,alive,,,,,
10,35,2,,dead,,,,,
10,28,2,,dead,,,,,
10,117,3,,alive,,,,,
10,118,3,,alive,,,,,
10,93,3,,alive,,,,,
10,71,3,,alive,,,,,
10,54,3,,alive,,,,,
10,100,3,,alive,,,,,
10,105,3,,alive,,,,,
10,116,3,,alive,,,,,
10,92,3,,alive,,,,,
10,86,3,,dead,,,,,
10,113,4,,alive,,,,,
10,114,4,,alive,,,,,
10,101,4,,alive,,,,,
10,58,4,,alive,,,,,
10,102,4,,alive,,,,,
10,107,4,,alive,,,,,
10,120,4,,alive,,,,,
10,96,4,,dead,,,,,
10,34,5,0.35,dead,,,,,
10,11,5,,alive,,,,,
10,31,5,,alive,,,,,
10,1,5,,alive,,,,,
10,37,5,,alive,,,,,
10,6,5,,alive,,,,,
10,32,5,,alive,,,,,
10,52,6,,alive,,,,,
10,22,6,,alive,,,,,
10,40,6,,alive,,,,,
10,44,6,,alive,,,,,
10,12,6,,alive,,,,,
10,49,6,,alive,,,,,
10,56,6,,alive,,,,,
10,83,7,,alive,,,,,
10,89,7,,alive,,,,,
10,106,7,,alive,,,,,
10,72,7,,alive,,,,,
10,78,7,,alive,,,,,
10,104,7,,alive,,,,,
10,97,7,,alive,,,,,
10,90,7,,alive,,,,,
10,109,8,,alive,,,,,
10,77,8,,alive,,,,,
10,70,8,,alive,,,,,
10,75,8,,alive,,,,,
10,103,8,,alive,,,,,
10,95,8,,alive,,,,,
10,82,8,,alive,,,,,
10,115,8,,alive,,,,,
10,33,9,,alive,,,,,
10,33,9,,alive,,,,,
10,23,9,,alive,,,,,
10,46,9,,alive,,,,,
10,26,9,,alive,,,,,
10,39,9,,alive,,,,,
10,63,9,,alive,,,,,
10,60,9,,alive,,,,,
10,5,9,,dead,,,,,
10,2,10,,alive,,,,,
10,48,10,,alive,,,,,
10,36,10,,alive,,,,,
10,62,10,,alive,,,,,
10,3,10,,alive,,,,,
10,53,10,,alive,,,,,
10,47,10,,alive,,,,,
10,42,10,,alive,,,,,
10,15,10,,alive,,,,,
10,41,10,,dead,,,,,
10,74,11,,alive,,,,,
10,67,11,,alive,,,,,
10,61,11,,alive,,,,,
10,68,11,,alive,,,,,
10,119,11,,alive,,,,,
10,84,11,,alive,,,,,
10,79,11,,alive,,,,,
10,85,11,,dead,,,,,
10,94,11,,dead,,,,,
10,98,12,,alive,,,,,
10,112,12,,alive,,,,,
10,55,12,,alive,,,,,
10,99,12,,alive,,,,,
10,108,12,,alive,,,,,
10,76,12,,alive,,,,,
10,110,12,,alive,,,,,
10,111,12,,alive,,,,,
11,7,1,,alive,,,,,
11,13,1,,alive,,,,,
11,45,1,,alive,,,,,
11,59,1,,alive,,,,,
11,10,1,,alive,,,,,
11,19,1,,alive,,,,,
11,14,1,,alive,,,,,
11,20,1,,alive,,,,,
11,25,1,,dead,,,,,
11,16,2,0.11,dead,,,,,
11,43,2,,alive,,,,,
11,27,2,,alive,,,,,
11,51,2,,alive,,,,,
11,66,2,,alive,,,,,
11,4,2,,alive,,,,,
11,9,2,,alive,,,,,
11,17,2,,alive,,,,,
11,35,2,,dead,,,,,
11,28,2,,dead,,,,,
11,71,3,,alive,,,,,
11,105,3,,alive,,,,,
11,93,3,,alive,,,,,
11,54,3,,alive,,,,,
11,100,3,,alive,,,,,
11,116,3,,alive,,,,,
11,92,3,,alive,,,,,
11,117,3,,alive,,,,,
11,118,3,,alive,,,,,
11,86,3,,dead,,,,,
11,101,4,,alive,,,,,
11,58,4,,alive,,,,,
11,102,4,,alive,,,,,
11,107,4,,alive,,,,,
11,113,4,,alive,,,,,
11,114,4,,alive,,,,,
11,120,4,,alive,,,,,
11,96,4,,dead,,,,,
11,31,5,,alive,,,,,
11,32,5,,alive,,,,,
11,1,5,,alive,,,,,
11,11,5,,alive,,,,,
11,37,5,,alive,,,,,
11,6,5,,alive,,,,,
11,34,5,,dead,,,,,
11,44,6,,alive,,,,,
11,52,6,,alive,,,,,
11,12,6,,alive,,,,,
11,49,6,,alive,,,,,
11,22,6,,alive,,,,,
11,40,6,,alive,,,,,
11,56,6,,alive,,,,,
11,72,7,,alive,,,,,
11,83,7,,alive,,,,,
11,90,7,,alive,,,,,
11,89,7,,alive,,,,,
11,106,7,,alive,,,,,
11,78,7,,alive,,,,,
11,104,7,,alive,,,,,
11,97,7,,alive,,,,,
11,70,8,,alive,,,,,
11,103,8,,alive,,,,,
11,95,8,,alive,,,,,
11,115,8,,alive,,,,,
11,75,8,,alive,,,,,
11,109,8,,alive,,,,,
11,82,8,,alive,,,,,
11,77,8,,alive,,,,,
11,63,9,,alive,,,,,
11,60,9,,alive,,,,,
11,33,9,,alive,,,,,
11,23,9,,alive,,,,,
11,46,9,,alive,,,,,
11,26,9,,alive,,,,,
11,39,9,,alive,,,,,
11,5,9,,dead,,,,,
11,48,10,,alive,,,,,
11,36,10,,alive,,,,,
11,62,10,,alive,,,,,
11,3,10,,alive,,,,,
11,53,10,,alive,,,,,
11,47,10,,alive,,,,,
11,42,10,,alive,,,,,
11,2,10,,alive,,,,,
11,15,10,,alive,,,,,
11,41,10,,dead,,,,,
11,67,11,,alive,,,,,
11,61,11,,alive,,,,,
11,68,11,,alive,,,,,
11,119,11,,alive,,,,,
11,74,11,,alive,,,,,
11,84,11,,alive,,,,,
11,79,11,,alive,,,,,
11,85,11,,dead,,,,,
11,94,11,,dead,,,,,
11,98,12,,alive,,,,,
11,76,12,,alive,,,,,
11,55,12,,alive,,,,,
11,99,12,,alive,,,,,
11,108,12,,alive,,,,,
11,110,12,,alive,,,,,
11,112,12,,alive,,,,,
11,111,12,,alive,,,,,
12,13,1,,alive,,,,,
12,19,1,,alive,,,,,
12,20,1,,alive,,,,,
12,45,1,,alive,,,,,
12,59,1,,alive,,,,,
12,7,1,,alive,,,,,
12,10,1,,alive,,,,,
12,14,1,,alive,,,,,
12,25,1,,dead,,,,,
12,43,2,,alive,,,,,
12,51,2,,alive,,,,,
12,27,2,,alive,,,,,
12,66,2,,alive,,,,,
12,4,2,,alive,,,,,
12,9,2,,alive,,,,,
12,17,2,,alive,,,,,
12,35,2,,dead,,,,,
12,28,2,,dead,,,,,
12,16,2,,dead,,,,,
12,116,3,,alive,,,,,
12,93,3,,alive,,,,,
12,71,3,,alive,,,,,
12,54,3,,alive,,,,,
12,100,3,,alive,,,,,
12,105,3,,alive,,,,,
12,92,3,,alive,,,,,
12,117,3,,alive,,,,,
12,118,3,,alive,,,,,
12,86,3,,dead,,,,,
12,114,4,,alive,,,,,
12,101,4,,alive,,,,,
12,58,4,,alive,,,,,
12,102,4,,alive,,,,,
12,107,4,,alive,,,,,
12,113,4,,alive,,,,,
12,120,4,,alive,,,,,
12,96,4,,dead,,,,,
12,1,5,,alive,,,,,
12,32,5,,alive,,,,,
12,11,5,,alive,,,,,
12,31,5,,alive,,,,,
12,37,5,,alive,,,,,
12,6,5,,alive,,,,,
12,34,5,,dead,,,,,
12,44,6,,alive,,,,,
12,56,6,,alive,,,,,
12,12,6,,alive,,,,,
12,49,6,,alive,,,,,
12,52,6,,alive,,,,,
12,22,6,,alive,,,,,
12,40,6,,alive,,,,,
12,106,7,,alive,,,,,
12,72,7,,alive,,,,,
12,78,7,,alive,,,,,
12,104,7,,alive,,,,,
12,83,7,,alive,,,,,
12,97,7,,alive,,,,,
12,90,7,,alive,,,,,
12,89,7,,alive,,,,,
12,82,8,,alive,,,,,
12,70,8,,alive,,,,,
12,75,8,,alive,,,,,
12,103,8,,alive,,,,,
12,95,8,,alive,,,,,
12,109,8,,alive,,,,,
12,115,8,,alive,,,,,
12,77,8,,alive,,,,,
12,26,9,,alive,,,,,
12,60,9,,alive,,,,,
12,33,9,,alive,,,,,
12,23,9,,alive,,,,,
12,46,9,,alive,,,,,
12,39,9,,alive,,,,,
12,63,9,,alive,,,,,
12,5,9,,dead,,,,,
12,48,10,,alive,,,,,
12,36,10,,alive,,,,,
12,62,10,,alive,,,,,
12,3,10,,alive,,,,,
12,53,10,,alive,,,,,
12,47,10,,alive,,,,,
12,42,10,,alive,,,,,
12,2,10,,alive,,,,,
12,15,10,,alive,,,,,
12,41,10,,dead,,,,,
12,67,11,,alive,,,,,
12,61,11,,alive,,,,,
12,68,11,,alive,,,,,
12,119,11,,alive,,,,,
12,74,11,,alive,,,,,
12,84,11,,alive,,,,,
12,79,11,,alive,,,,,
12,85,11,,dead,,,,,
12,94,11,,dead,,,,,
12,99,12,,alive,,,,,
12,98,12,,alive,,,,,
12,76,12,,alive,,,,,
12,55,12,,alive,,,,,
12,108,12,,alive,,,,,
12,110,12,,alive,,,,,
12,112,12,,alive,,,,,
12,111,12,,alive,,,,,
13,59,1,,alive,,,,,
13,13,1,,alive,,,,,
13,45,1,,alive,,,,,
13,7,1,,alive,,,,,
13,10,1,,alive,,,,,
13,19,1,,alive,,,,,
13,14,1,,alive,,,,,
13,20,1,,alive,,,,,
13,25,1,,dead,,,,,
13,43,2,,alive,,,,,
13,27,2,,alive,,,,,
13,51,2,,alive,,,,,
13,66,2,,alive,,,,,
13,4,2,,alive,,,,,
13,9,2,,alive,,,,,
13,17,2,,alive,,,,,
13,35,2,,dead,,,,,
13,28,2,,dead,,,,,
13,16,2,,dead,,,,,
13,105,3,,alive,,,,,
13,93,3,,alive,,,,,
13,71,3,,alive,,,,,
13,54,3,,alive,,,,,
13,100,3,,alive,,,,,
13,116,3,,alive,,,,,
13,92,3,,alive,,,,,
13,117,3,,alive,,,,,
13,118,3,,alive,,,,,
13,86,3,,dead,,,,,
13,102,4,,alive,,,,,
13,101,4,,alive,,,,,
13,58,4,,alive,,,,,
13,107,4,,alive,,,,,
13,113,4,,alive,,,,,
13,114,4,,alive,,,,,
13,120,4,,alive,,,,,
13,96,4,,dead,,,,,
13,1,5,,alive,,,,,
13,11,5,,alive,,,,,
13,31,5,,alive,,,,,
13,37,5,,alive,,,,,
13,6,5,,alive,,,,,
13,32,5,,alive,,,,,
13,34,5,,dead,,,,,
13,44,6,,alive,,,,,
13,12,6,,alive,,,,,
13,49,6,,alive,,,,,
13,52,6,,alive,,,,,
13,22,6,,alive,,,,,
13,40,6,,alive,,,,,
13,56,6,,alive,,,,,
13,106,7,,alive,,,,,
13,72,7,,alive,,,,,
13,78,7,,alive,,,,,
13,104,7,,alive,,,,,
13,83,7,,alive,,,,,
13,97,7,,alive,,,,,
13,90,7,,alive,,,,,
13,89,7,,alive,,,,,
13,115,8,,alive,,,,,
13,77,8,,alive,,,,,
13,70,8,,alive,,,,,
13,75,8,,alive,,,,,
13,103,8,,alive,,,,,
13,95,8,,alive,,,,,
13,109,8,,alive,,,,,
13,82,8,,alive,,,,,
13,63,9,,alive,,,,,
13,33,9,,alive,,,,,
13,23,9,,alive,,,,,
13,46,9,,alive,,,,,
13,26,9,,alive,,,,,
13,39,9,,alive,,,,,
13,60,9,,alive,,,,,
13,5,9,,dead,,,,,
13,48,10,,alive,,,,,
13,36,10,,alive,,,,,
13,62,10,,alive,,,,,
13,3,10,,alive,,,,,
13,53,10,,alive,,,,,
13,47,10,,alive,,,,,
13,42,10,,alive,,,,,
13,2,10,,alive,,,,,
13,15,10,,alive,,,,,
13,41,10,,dead,,,,,
13,74,11,,alive,,,,,
13,67,11,,alive,,,,,
13,61,11,,alive,,,,,
13,68,11,,alive,,,,,
13,119,11,,alive,,,,,
13,84,11,,alive,,,,,
13,79,11,,alive,,,,,
13,85,11,,dead,,,,,
13,94,11,,dead,,,,,
13,98,12,,alive,,,,,
13,76,12,,alive,,,,,
13,110,12,,alive,,,,,
13,111,12,,alive,,,,,
13,55,12,,alive,,,,,
13,99,12,,alive,,,,,
13,108,12,,alive,,,,,
13,112,12,,alive,,,,,
14,59,1,0.18,dead,,,,,
14,10,1,,alive,,,,,
14,19,1,,alive,,,,,
14,14,1,,alive,,,,,
14,45,1,,alive,,,,,
14,7,1,,alive,,,,,
14,13,1,,alive,,,,,
14,25,1,,dead,,,,,
14,43,2,,alive,,,,,
14,51,2,,alive,,,,,
14,27,2,,alive,,,,,
14,66,2,,alive,,,,,
14,4,2,,alive,,,,,
14,9,2,,alive,,,,,
14,17,2,,alive,,,,,
14,35,2,,dead,,,,,
14,28,2,,dead,,,,,
14,16,2,,dead,,,,,
14,93,3,,alive,,,,,
14,71,3,,alive,,,,,
14,116,3,,alive,,,,,
14,117,3,,alive,,,,,
14,54,3,,alive,,,,,
14,100,3,,alive,,,,,
14,105,3,,alive,,,,,
14,92,3,,alive,,,,,
14,118,3,,alive,,,,,
14,86,3,,dead,,,,,
14,120,4,,alive,,,,,
14,101,4,,alive,,,,,
14,58,4,,alive,,,,,
14,102,4,,alive,,,,,
14,107,4,,alive,,,,,
14,113,4,,alive,,,,,
14,114,4,,alive,,,,,
14,96,4,,dead,,,,,
14,11,5,,alive,,,,,
14,37,5,,alive,,,,,
14,1,5,,alive,,,,,
14,31,5,,alive,,,,,
14,6,5,,alive,,,,,
14,32,5,,alive,,,,,
14,34,5,,dead,,,,,
14,12,6,,alive,,,,,
14,22,6,,alive,,,,,
14,44,6,,alive,,,,,
14,49,6,,alive,,,,,
14,52,6,,alive,,,,,
14,40,6,,alive,,,,,
14,56,6,,alive,,,,,
14,72,7,,alive,,,,,
14,106,7,,alive,,,,,
14,78,7,,alive,,,,,
14,104,7,,alive,,,,,
14,83,7,,alive,,,,,
14,97,7,,alive,,,,,
14,90,7,,alive,,,,,
14,89,7,,alive,,,,,
14,77,8,0.21,dead,,,,,
14,95,8,,alive,,,,,
14,109,8,,alive,,,,,
14,82,8,,alive,,,,,
14,70,8,,alive,,,,,
14,75,8,,alive,,,,,
14,103,8,,alive,,,,,
14,115,8,,alive,,,,,
14,33,9,,alive,,,,,
14,23,9,,alive,,,,,
14,46,9,,alive,,,,,
14,60,9,,alive,,,,,
14,26,9,,alive,,,,,
14,39,9,,alive,,,,,
14,63,9,,alive,,,,,
14,5,9,,dead,,,,,
14,48,10,,alive,,,,,
14,47,10,,alive,,,,,
14,2,10,,alive,,,,,
14,15,10,,alive,,,,,
14,36,10,,alive,,,,,
14,62,10,,alive,,,,,
14,3,10,,alive,,,,,
14,53,10,,alive,,,,,
14,42,10,,alive,,,,,
14,41,10,,dead,,,,,
14,74,11,,alive,,,,,
14,67,11,,alive,,,,,
14,61,11,,alive,,,,,
14,68,11,,alive,,,,,
14,119,11,,alive,,,,,
14,84,11,,alive,,,,,
14,79,11,,alive,,,,,
14,85,11,,dead,,,,,
14,94,11,,dead,,,,,
14,111,12,,alive,,,,,
14,55,12,,alive,,,,,
14,99,12,,alive,,,,,
14,108,12,,alive,,,,,
14,98,12,,alive,,,,,
14,76,12,,alive,,,,,
14,110,12,,alive,,,,,
14,112,12,,alive,,,,,
15,7,1,0.16,alive,91.14,6.657599895,3.877792104,0.049053006,
15,13,1,0.17,alive,79.47,4.384211803,4.5761127,0.049291784,
15,20,1,0.19,alive,88.01,5.353173325,4.14959053,0.058175138,
15,10,1,0.17,alive,122.62,6.178784163,4.023476524,0.044437109,
15,14,1,0.24,alive,89.38,5.044809314,4.347458821,0.04988336,
15,19,1,0.35,alive,94.62,4.672680108,3.905689561,0.051026204,
15,45,1,0.47,alive,163.68,6.0767482,5.612338399,0.086889312,
15,25,1,,dead,,,,,
15,59,1,,dead,,,,,
15,4,2,0.15,alive,92.3,4.217567876,4.930092584,0.070708955,
15,9,2,0.19,alive,100.04,5.029046941,4.110002447,0.053669707,
15,17,2,0.21,alive,77.38,3.732954526,6.538242553,0.057980398,
15,66,2,0.22,alive,118.34,5.28428201,8.520811412,0.186644954,
15,51,2,0.22,alive,97.38,4.894400016,3.515505244,0.046304542,
15,27,2,0.33,alive,101.05,5.195909424,5.895842233,0.083746024,
15,43,2,0.47,alive,102.21,5.712462011,11.58553144,0.129398101,
15,35,2,,dead,,,,,
15,28,2,,dead,,,,,
15,16,2,,dead,,,,,
15,54,3,0.2,alive,,,,,
15,116,3,0.21,alive,,,,,
15,100,3,0.23,alive,,,,,
15,71,3,0.21,alive,206.83,6.422899374,4.984308245,0.072147045,
15,92,3,0.36,alive,,,,,
15,93,3,0.37,alive,153.12,5.135103984,7.234599735,0.127734261,
15,105,3,0.45,alive,94.98,4.720426278,6.714194428,0.106971857,
15,118,3,0.41,alive,,,,,
15,117,3,0.46,alive,108.42,5.205242113,5.368380305,0.080048724,
15,86,3,,dead,,,,,
15,114,4,0.21,alive,100.51,5.0141114,5.046327927,0.0693595,
15,120,4,0.21,alive,,,,,
15,107,4,0.35,alive,,,,,
15,58,4,0.37,alive,92.39,5.644153138,4.478609004,0.064502308,
15,101,4,0.4,alive,105.89,4.417355578,4.105044111,0.062890479,
15,102,4,0.4,alive,104.46,4.991750771,8.423675691,0.119557679,
15,113,4,0.58,alive,,,,,
15,96,4,,dead,,,,,
15,31,5,0.19,alive,120.58,4.946542513,11.80540556,0.189093522,
15,37,5,0.25,alive,,,,,
15,6,5,0.28,alive,,,,,
15,1,5,0.37,alive,114.98,4.579224053,6.541693496,0.106444199,
15,11,5,0.4,alive,,,,,
15,32,5,0.49,alive,89.48,4.398071203,5.852938997,0.084682704,
15,34,5,,dead,,,,,
15,22,6,0.2,alive,78.7,4.388920854,4.933076865,0.063160632,
15,12,6,0.23,alive,,,,,
15,52,6,0.26,alive,101.97,5.405674161,6.97075982,0.082373659,
15,56,6,0.28,alive,102.47,5.514819337,3.869751296,0.051575662,
15,49,6,0.31,alive,,,,,
15,44,6,0.47,alive,,,,,
15,40,6,0.54,alive,91.49,5.684455146,4.606261512,0.064619238,
15,106,7,0.23,alive,78.18,4.295593232,6.411371399,0.076943067,
15,78,7,0.22,dead,,,,,
15,89,7,0.23,alive,,,,,
15,97,7,0.26,alive,119.13,5.07649565,6.749649317,0.110106407,
15,72,7,0.32,alive,,,,,
15,90,7,0.36,alive,,,,,
15,83,7,0.31,alive,131.58,5.316602545,5.235985522,0.059337645,
15,104,7,0.37,alive,105.99,5.129622823,8.173487288,0.109790826,
15,95,8,0.35,alive,,,,,
15,82,8,0.36,alive,117.67,5.653380146,4.452143568,0.056802507,
15,103,8,0.42,alive,,,,,
15,70,8,0.29,alive,,,,,
15,75,8,0.36,alive,135.76,4.32544737,14.85017554,0.255349343,
15,115,8,0.37,alive,153.65,6.571095261,5.305114725,0.075691649,
15,109,8,0.5,alive,132.38,5.118356744,6.697416613,0.090011422,
15,77,8,,dead,,,,,
15,23,9,0.16,alive,83.38,4.254005836,6.815455482,0.084043887,
15,33,9,0.2,alive,,,,,
15,26,9,0.2,alive,93.97,5.090008037,5.557853513,0.076194329,
15,63,9,0.24,alive,,,,,
15,60,9,0.3,alive,,,,,
15,39,9,0.31,alive,,,,,
15,46,9,0.39,alive,116.59,4.989068859,6.382373885,0.093086151,
15,5,9,,dead,,,,,
15,3,10,0.18,alive,78.78,5.129790198,4.418126602,0.056290985,
15,36,10,0.2,alive,77.66,4.948665773,4.129260032,0.050482689,
15,2,10,0.22,alive,102.03,5.40193568,5.55916707,0.088751108,
15,62,10,0.26,alive,98.2,4.931858912,4.7750067,0.068298852,
15,15,10,0.23,alive,89.26,4.856777,4.646725717,0.0660303,
15,47,10,0.34,alive,98.79,5.172372216,4.65684789,0.062383428,
15,53,10,0.43,alive,95.09,5.220578938,4.313530013,0.05655334,
15,48,10,0.38,alive,87.07,4.887119744,5.291672448,0.070593307,
15,42,10,0.56,alive,87.63,5.127968468,9.28835726,0.127342556,
15,41,10,,dead,,,,,
15,67,11,0.29,alive,,,,,
15,74,11,0.27,alive,,,,,
15,68,11,0.37,alive,,,,,
15,79,11,0.37,alive,98.91,4.718532129,5.251773233,0.069389724,
15,119,11,0.6,alive,,,,,
15,61,11,0.49,alive,103.93,5.061750007,5.297425739,0.090526924,
15,84,11,0.52,alive,102.16,4.605047736,4.975019836,0.066562268,
15,85,11,,dead,,,,,
15,94,11,,dead,,,,,
15,99,12,0.17,alive,91.6,4.980771106,4.393747023,0.062521592,
15,98,12,0.24,alive,89.58,5.16824023,4.544138022,0.055358489,
15,111,12,0.28,alive,,,,,
15,112,12,0.31,alive,,,,,
15,76,12,0.4,alive,,,,,
15,110,12,0.34,alive,,,,,
15,108,12,0.39,alive,118.24,5.724517535,6.462188261,0.105972268,
15,55,12,0.46,alive,85.7,5.225230167,3.878360125,0.04278357,
16,45,1,,alive,,,,,
16,7,1,,alive,,,,,
16,10,1,,alive,,,,,
16,13,1,,alive,,,,,
16,19,1,,alive,,,,,
16,14,1,,alive,,,,,
16,20,1,,alive,,,,,
16,25,1,,dead,,,,,
16,59,1,,dead,,,,,
16,27,2,,alive,,,,,
16,51,2,,alive,,,,,
16,66,2,,alive,,,,,
16,4,2,,alive,,,,,
16,9,2,,alive,,,,,
16,17,2,,alive,,,,,
16,43,2,,alive,,,,,
16,35,2,,dead,,,,,
16,28,2,,dead,,,,,
16,16,2,,dead,,,,,
16,92,3,,alive,,,,,
16,117,3,,alive,,,,,
16,118,3,,alive,,,,,
16,93,3,,alive,,,,,
16,71,3,,alive,,,,,
16,54,3,,alive,,,,,
16,100,3,,alive,,,,,
16,105,3,,alive,,,,,
16,116,3,,alive,,,,,
16,86,3,,dead,,,,,
16,113,4,,alive,,,,,
16,120,4,,alive,,,,,
16,101,4,,alive,,,,,
16,58,4,,alive,,,,,
16,102,4,,alive,,,,,
16,107,4,,alive,,,,,
16,114,4,,alive,,,,,
16,96,4,,dead,,,,,
16,31,5,0.21,dead,,,,,
16,37,5,,alive,,,,,
16,1,5,,alive,,,,,
16,11,5,,alive,,,,,
16,6,5,,alive,,,,,
16,32,5,,alive,,,,,
16,34,5,,dead,,,,,
16,56,6,,alive,,,,,
16,22,6,,alive,,,,,
16,40,6,,alive,,,,,
16,44,6,,alive,,,,,
16,12,6,,alive,,,,,
16,49,6,,alive,,,,,
16,52,6,,alive,,,,,
16,97,7,,alive,,,,,
16,106,7,,alive,,,,,
16,90,7,,alive,,,,,
16,89,7,,alive,,,,,
16,72,7,,alive,,,,,
16,104,7,,alive,,,,,
16,83,7,,alive,,,,,
16,78,7,,dead,,,,,
16,82,8,,alive,,,,,
16,115,8,,alive,,,,,
16,70,8,,alive,,,,,
16,75,8,,alive,,,,,
16,103,8,,alive,,,,,
16,95,8,,alive,,,,,
16,109,8,,alive,,,,,
16,77,8,,dead,,,,,
16,39,9,,alive,,,,,
16,63,9,,alive,,,,,
16,33,9,,alive,,,,,
16,23,9,,alive,,,,,
16,46,9,,alive,,,,,
16,26,9,,alive,,,,,
16,60,9,,alive,,,,,
16,5,9,,dead,,,,,
16,47,10,,alive,,,,,
16,42,10,,alive,,,,,
16,2,10,,alive,,,,,
16,15,10,,alive,,,,,
16,48,10,,alive,,,,,
16,36,10,,alive,,,,,
16,62,10,,alive,,,,,
16,3,10,,alive,,,,,
16,53,10,,alive,,,,,
16,41,10,,dead,,,,,
16,84,11,,alive,,,,,
16,119,11,,alive,,,,,
16,74,11,,alive,,,,,
16,79,11,,alive,,,,,
16,67,11,,alive,,,,,
16,61,11,,alive,,,,,
16,68,11,,alive,,,,,
16,85,11,,dead,,,,,
16,94,11,,dead,,,,,
16,99,12,0.16,dead,,,,,
16,110,12,,alive,,,,,
16,112,12,,alive,,,,,
16,55,12,,alive,,,,,
16,108,12,,alive,,,,,
16,98,12,,alive,,,,,
16,76,12,,alive,,,,,
16,111,12,,alive,,,,,
17,7,1,,alive,,,,,
17,45,1,,alive,,,,,
17,10,1,,alive,,,,,
17,13,1,,alive,,,,,
17,19,1,,alive,,,,,
17,14,1,,alive,,,,,
17,20,1,,alive,,,,,
17,25,1,,dead,,,,,
17,59,1,,dead,,,,,
17,27,2,,alive,,,,,
17,43,2,,alive,,,,,
17,51,2,,alive,,,,,
17,66,2,,alive,,,,,
17,4,2,,alive,,,,,
17,9,2,,alive,,,,,
17,17,2,,alive,,,,,
17,35,2,,dead,,,,,
17,28,2,,dead,,,,,
17,16,2,,dead,,,,,
17,118,3,,alive,,,,,
17,71,3,,alive,,,,,
17,100,3,,alive,,,,,
17,116,3,,alive,,,,,
17,92,3,,alive,,,,,
17,117,3,,alive,,,,,
17,93,3,,alive,,,,,
17,54,3,,alive,,,,,
17,105,3,,alive,,,,,
17,86,3,,dead,,,,,
17,120,4,0.22,dead,,,,,
17,114,4,,alive,,,,,
17,101,4,,alive,,,,,
17,58,4,,alive,,,,,
17,102,4,,alive,,,,,
17,107,4,,alive,,,,,
17,113,4,,alive,,,,,
17,96,4,,dead,,,,,
17,1,5,,alive,,,,,
17,11,5,,alive,,,,,
17,37,5,,alive,,,,,
17,6,5,,alive,,,,,
17,32,5,,alive,,,,,
17,34,5,,dead,,,,,
17,31,5,,dead,,,,,
17,12,6,,alive,,,,,
17,49,6,,alive,,,,,
17,52,6,,alive,,,,,
17,22,6,,alive,,,,,
17,40,6,,alive,,,,,
17,56,6,,alive,,,,,
17,44,6,,alive,,,,,
17,89,7,,alive,,,,,
17,83,7,,alive,,,,,
17,97,7,,alive,,,,,
17,90,7,,alive,,,,,
17,106,7,,alive,,,,,
17,72,7,,alive,,,,,
17,104,7,,alive,,,,,
17,78,7,,dead,,,,,
17,70,8,,alive,,,,,
17,75,8,,alive,,,,,
17,103,8,,alive,,,,,
17,95,8,,alive,,,,,
17,109,8,,alive,,,,,
17,82,8,,alive,,,,,
17,115,8,,alive,,,,,
17,77,8,,dead,,,,,
17,23,9,,alive,,,,,
17,39,9,,alive,,,,,
17,33,9,,alive,,,,,
17,46,9,,alive,,,,,
17,26,9,,alive,,,,,
17,63,9,,alive,,,,,
17,60,9,,alive,,,,,
17,5,9,,dead,,,,,
17,2,10,,alive,,,,,
17,42,10,,alive,,,,,
17,15,10,,alive,,,,,
17,48,10,,alive,,,,,
17,36,10,,alive,,,,,
17,62,10,,alive,,,,,
17,3,10,,alive,,,,,
17,53,10,,alive,,,,,
17,47,10,,alive,,,,,
17,41,10,,dead,,,,,
17,61,11,,alive,,,,,
17,68,11,,alive,,,,,
17,119,11,,alive,,,,,
17,74,11,,alive,,,,,
17,84,11,,alive,,,,,
17,79,11,,alive,,,,,
17,67,11,,alive,,,,,
17,85,11,,dead,,,,,
17,94,11,,dead,,,,,
17,98,12,,alive,,,,,
17,110,12,,alive,,,,,
17,55,12,,alive,,,,,
17,108,12,,alive,,,,,
17,76,12,,alive,,,,,
17,112,12,,alive,,,,,
17,111,12,,alive,,,,,
17,99,12,,dead,,,,,
18,45,1,,alive,,,,,
18,7,1,,alive,,,,,
18,10,1,,alive,,,,,
18,13,1,,alive,,,,,
18,19,1,,alive,,,,,
18,14,1,,alive,,,,,
18,20,1,,alive,,,,,
18,25,1,,dead,,,,,
18,59,1,,dead,,,,,
18,4,2,,alive,,,,,
18,43,2,,alive,,,,,
18,51,2,,alive,,,,,
18,27,2,,alive,,,,,
18,66,2,,alive,,,,,
18,9,2,,alive,,,,,
18,17,2,,alive,,,,,
18,35,2,,dead,,,,,
18,28,2,,dead,,,,,
18,16,2,,dead,,,,,
18,100,3,,alive,,,,,
18,105,3,,alive,,,,,
18,92,3,,alive,,,,,
18,117,3,,alive,,,,,
18,93,3,,alive,,,,,
18,71,3,,alive,,,,,
18,54,3,,alive,,,,,
18,116,3,,alive,,,,,
18,118,3,,alive,,,,,
18,86,3,,dead,,,,,
18,113,4,,alive,,,,,
18,114,4,,alive,,,,,
18,101,4,,alive,,,,,
18,58,4,,alive,,,,,
18,102,4,,alive,,,,,
18,107,4,,alive,,,,,
18,96,4,,dead,,,,,
18,120,4,,dead,,,,,
18,1,5,,alive,,,,,
18,11,5,,alive,,,,,
18,37,5,,alive,,,,,
18,6,5,,alive,,,,,
18,32,5,,alive,,,,,
18,34,5,,dead,,,,,
18,31,5,,dead,,,,,
18,44,6,,alive,,,,,
18,12,6,,alive,,,,,
18,49,6,,alive,,,,,
18,52,6,,alive,,,,,
18,22,6,,alive,,,,,
18,40,6,,alive,,,,,
18,56,6,,alive,,,,,
18,72,7,,alive,,,,,
18,97,7,,alive,,,,,
18,106,7,,alive,,,,,
18,104,7,,alive,,,,,
18,83,7,,alive,,,,,
18,90,7,,alive,,,,,
18,89,7,,alive,,,,,
18,78,7,,dead,,,,,
18,82,8,,alive,,,,,
18,70,8,,alive,,,,,
18,75,8,,alive,,,,,
18,103,8,,alive,,,,,
18,95,8,,alive,,,,,
18,109,8,,alive,,,,,
18,115,8,,alive,,,,,
18,77,8,,dead,,,,,
18,39,9,,alive,,,,,
18,33,9,,alive,,,,,
18,23,9,,alive,,,,,
18,46,9,,alive,,,,,
18,26,9,,alive,,,,,
18,63,9,,alive,,,,,
18,60,9,,alive,,,,,
18,5,9,,dead,,,,,
18,2,10,,alive,,,,,
18,48,10,,alive,,,,,
18,36,10,,alive,,,,,
18,62,10,,alive,,,,,
18,3,10,,alive,,,,,
18,53,10,,alive,,,,,
18,47,10,,alive,,,,,
18,42,10,,alive,,,,,
18,15,10,,alive,,,,,
18,41,10,,dead,,,,,
18,67,11,,alive,,,,,
18,61,11,,alive,,,,,
18,68,11,,alive,,,,,
18,119,11,,alive,,,,,
18,74,11,,alive,,,,,
18,84,11,,alive,,,,,
18,79,11,,alive,,,,,
18,85,11,,dead,,,,,
18,94,11,,dead,,,,,
18,76,12,,alive,,,,,
18,112,12,,alive,,,,,
18,111,12,,alive,,,,,
18,55,12,,alive,,,,,
18,108,12,,alive,,,,,
18,98,12,,alive,,,,,
18,110,12,,alive,,,,,
18,99,12,,dead,,,,,
19,45,1,,alive,,,,,
19,7,1,,alive,,,,,
19,10,1,,alive,,,,,
19,13,1,,alive,,,,,
19,19,1,,alive,,,,,
19,14,1,,alive,,,,,
19,20,1,,alive,,,,,
19,25,1,,dead,,,,,
19,59,1,,dead,,,,,
19,51,2,,alive,,,,,
19,27,2,,alive,,,,,
19,43,2,,alive,,,,,
19,66,2,,alive,,,,,
19,4,2,,alive,,,,,
19,9,2,,alive,,,,,
19,17,2,,alive,,,,,
19,35,2,,dead,,,,,
19,28,2,,dead,,,,,
19,16,2,,dead,,,,,
19,71,3,,alive,,,,,
19,93,3,,alive,,,,,
19,54,3,,alive,,,,,
19,100,3,,alive,,,,,
19,105,3,,alive,,,,,
19,116,3,,alive,,,,,
19,92,3,,alive,,,,,
19,117,3,,alive,,,,,
19,118,3,,alive,,,,,
19,86,3,,dead,,,,,
19,107,4,,alive,,,,,
19,113,4,,alive,,,,,
19,101,4,,alive,,,,,
19,58,4,,alive,,,,,
19,102,4,,alive,,,,,
19,114,4,,alive,,,,,
19,96,4,,dead,,,,,
19,120,4,,dead,,,,,
19,1,5,,alive,,,,,
19,32,5,,alive,,,,,
19,11,5,,alive,,,,,
19,37,5,,alive,,,,,
19,6,5,,alive,,,,,
19,34,5,,dead,,,,,
19,31,5,,dead,,,,,
19,22,6,0.2,dead,,,,,
19,44,6,,alive,,,,,
19,12,6,,alive,,,,,
19,49,6,,alive,,,,,
19,52,6,,alive,,,,,
19,40,6,,alive,,,,,
19,56,6,,alive,,,,,
19,97,7,,alive,,,,,
19,106,7,,alive,,,,,
19,72,7,,alive,,,,,
19,104,7,,alive,,,,,
19,83,7,,alive,,,,,
19,90,7,,alive,,,,,
19,89,7,,alive,,,,,
19,78,7,,dead,,,,,
19,109,8,,alive,,,,,
19,70,8,,alive,,,,,
19,75,8,,alive,,,,,
19,103,8,,alive,,,,,
19,95,8,,alive,,,,,
19,82,8,,alive,,,,,
19,115,8,,alive,,,,,
19,77,8,,dead,,,,,
19,33,9,,alive,,,,,
19,23,9,,alive,,,,,
19,46,9,,alive,,,,,
19,26,9,,alive,,,,,
19,39,9,,alive,,,,,
19,63,9,,alive,,,,,
19,60,9,,alive,,,,,
19,5,9,,dead,,,,,
19,48,10,,alive,,,,,
19,3,10,,alive,,,,,
19,2,10,,alive,,,,,
19,36,10,,alive,,,,,
19,62,10,,alive,,,,,
19,53,10,,alive,,,,,
19,47,10,,alive,,,,,
19,42,10,,alive,,,,,
19,15,10,,alive,,,,,
19,41,10,,dead,,,,,
19,67,11,,alive,,,,,
19,61,11,,alive,,,,,
19,68,11,,alive,,,,,
19,119,11,,alive,,,,,
19,74,11,,alive,,,,,
19,84,11,,alive,,,,,
19,79,11,,alive,,,,,
19,85,11,,dead,,,,,
19,94,11,,dead,,,,,
19,98,12,,alive,,,,,
19,76,12,,alive,,,,,
19,112,12,,alive,,,,,
19,111,12,,alive,,,,,
19,55,12,,alive,,,,,
19,108,12,,alive,,,,,
19,110,12,,alive,,,,,
19,99,12,,dead,,,,,
2,7,1,,alive,,,,,
2,10,1,,alive,,,,,
2,13,1,,alive,,,,,
2,19,1,,alive,,,,,
2,14,1,,alive,,,,,
2,25,1,,alive,,,,,
2,20,1,,alive,,,,,
2,45,1,,alive,,,,,
2,59,1,,alive,,,,,
2,28,2,,dead,,,,,
2,27,2,,alive,,,,,
2,4,2,,alive,,,,,
2,9,2,,alive,,,,,
2,16,2,,alive,,,,,
2,43,2,,alive,,,,,
2,51,2,,alive,,,,,
2,66,2,,alive,,,,,
2,17,2,,alive,,,,,
2,35,2,,dead,,,,,
2,54,3,,alive,,,,,
2,105,3,,alive,,,,,
2,116,3,,alive,,,,,
2,92,3,,alive,,,,,
2,117,3,,alive,,,,,
2,93,3,,alive,,,,,
2,71,3,,alive,,,,,
2,100,3,,alive,,,,,
2,118,3,,alive,,,,,
2,86,3,,dead,,,,,
2,101,4,,alive,,,,,
2,96,4,,dead,,,,,
2,58,4,,alive,,,,,
2,102,4,,alive,,,,,
2,107,4,,alive,,,,,
2,113,4,,alive,,,,,
2,114,4,,alive,,,,,
2,120,4,,alive,,,,,
2,1,5,,alive,,,,,
2,11,5,,alive,,,,,
2,31,5,,alive,,,,,
2,34,5,,alive,,,,,
2,37,5,,alive,,,,,
2,6,5,,alive,,,,,
2,32,5,,alive,,,,,
2,12,6,,alive,,,,,
2,52,6,,alive,,,,,
2,22,6,,alive,,,,,
2,40,6,,alive,,,,,
2,56,6,,alive,,,,,
2,44,6,,alive,,,,,
2,49,6,,alive,,,,,
2,72,7,,alive,,,,,
2,104,7,,alive,,,,,
2,97,7,,alive,,,,,
2,106,7,,alive,,,,,
2,78,7,,alive,,,,,
2,83,7,,alive,,,,,
2,90,7,,alive,,,,,
2,89,7,,alive,,,,,
2,75,8,,alive,,,,,
2,103,8,,alive,,,,,
2,115,8,,alive,,,,,
2,77,8,,alive,,,,,
2,70,8,,alive,,,,,
2,95,8,,alive,,,,,
2,109,8,,alive,,,,,
2,82,8,,alive,,,,,
2,33,9,,alive,,,,,
2,23,9,,alive,,,,,
2,5,9,,alive,,,,,
2,46,9,,alive,,,,,
2,26,9,,alive,,,,,
2,39,9,,alive,,,,,
2,63,9,,alive,,,,,
2,60,9,,alive,,,,,
2,53,10,,alive,,,,,
2,48,10,,alive,,,,,
2,36,10,,alive,,,,,
2,62,10,,alive,,,,,
2,3,10,,alive,,,,,
2,47,10,,alive,,,,,
2,42,10,,alive,,,,,
2,41,10,,alive,,,,,
2,2,10,,alive,,,,,
2,15,10,,alive,,,,,
2,74,11,,alive,,,,,
2,67,11,,alive,,,,,
2,61,11,,alive,,,,,
2,68,11,,alive,,,,,
2,119,11,,alive,,,,,
2,84,11,,alive,,,,,
2,94,11,,alive,,,,,
2,79,11,,alive,,,,,
2,85,11,,dead,,,,,
2,55,12,,alive,,,,,
2,99,12,,alive,,,,,
2,108,12,,alive,,,,,
2,112,12,,alive,,,,,
2,111,12,,alive,,,,,
2,98,12,,alive,,,,,
2,76,12,,alive,,,,,
2,110,12,,alive,,,,,
20,7,1,,alive,,,,,
20,10,1,,alive,,,,,
20,14,1,,alive,,,,,
20,45,1,,alive,,,,,
20,13,1,,alive,,,,,
20,19,1,,alive,,,,,
20,20,1,,alive,,,,,
20,25,1,,dead,,,,,
20,59,1,,dead,,,,,
20,51,2,,alive,,,,,
20,43,2,,alive,,,,,
20,27,2,,alive,,,,,
20,66,2,,alive,,,,,
20,4,2,,alive,,,,,
20,9,2,,alive,,,,,
20,17,2,,alive,,,,,
20,35,2,,dead,,,,,
20,28,2,,dead,,,,,
20,16,2,,dead,,,,,
20,116,3,,alive,,,,,
20,117,3,,alive,,,,,
20,93,3,,alive,,,,,
20,71,3,,alive,,,,,
20,54,3,,alive,,,,,
20,100,3,,alive,,,,,
20,105,3,,alive,,,,,
20,92,3,,alive,,,,,
20,118,3,,alive,,,,,
20,86,3,,dead,,,,,
20,102,4,,alive,,,,,
20,114,4,,alive,,,,,
20,101,4,,alive,,,,,
20,58,4,,alive,,,,,
20,107,4,,alive,,,,,
20,113,4,,alive,,,,,
20,96,4,,dead,,,,,
20,120,4,,dead,,,,,
20,1,5,,alive,,,,,
20,11,5,,alive,,,,,
20,37,5,,alive,,,,,
20,6,5,,alive,,,,,
20,32,5,,alive,,,,,
20,34,5,,dead,,,,,
20,31,5,,dead,,,,,
20,44,6,,alive,,,,,
20,12,6,,alive,,,,,
20,49,6,,alive,,,,,
20,52,6,,alive,,,,,
20,40,6,,alive,,,,,
20,56,6,,alive,,,,,
20,22,6,,dead,,,,,
20,106,7,,alive,,,,,
20,97,7,,alive,,,,,
20,90,7,,alive,,,,,
20,72,7,,alive,,,,,
20,104,7,,alive,,,,,
20,83,7,,alive,,,,,
20,89,7,,alive,,,,,
20,78,7,,dead,,,,,
20,109,8,,alive,,,,,
20,82,8,,alive,,,,,
20,115,8,,alive,,,,,
20,70,8,,alive,,,,,
20,75,8,,alive,,,,,
20,103,8,,alive,,,,,
20,95,8,,alive,,,,,
20,77,8,,dead,,,,,
20,26,9,,alive,,,,,
20,63,9,,alive,,,,,
20,33,9,,alive,,,,,
20,23,9,,alive,,,,,
20,46,9,,alive,,,,,
20,39,9,,alive,,,,,
20,60,9,,alive,,,,,
20,5,9,,dead,,,,,
20,48,10,,alive,,,,,
20,36,10,,alive,,,,,
20,62,10,,alive,,,,,
20,3,10,,alive,,,,,
20,53,10,,alive,,,,,
20,47,10,,alive,,,,,
20,42,10,,alive,,,,,
20,2,10,,alive,,,,,
20,15,10,,alive,,,,,
20,41,10,,dead,,,,,
20,84,11,,alive,,,,,
20,67,11,,alive,,,,,
20,61,11,,alive,,,,,
20,68,11,,alive,,,,,
20,119,11,,alive,,,,,
20,74,11,,alive,,,,,
20,79,11,,alive,,,,,
20,85,11,,dead,,,,,
20,94,11,,dead,,,,,
20,98,12,,alive,,,,,
20,112,12,,alive,,,,,
20,55,12,,alive,,,,,
20,108,12,,alive,,,,,
20,76,12,,alive,,,,,
20,110,12,,alive,,,,,
20,111,12,,alive,,,,,
20,99,12,,dead,,,,,
21,7,1,,alive,,,,,
21,20,1,,alive,,,,,
21,45,1,,alive,,,,,
21,10,1,,alive,,,,,
21,13,1,,alive,,,,,
21,19,1,,alive,,,,,
21,14,1,,alive,,,,,
21,25,1,,dead,,,,,
21,59,1,,dead,,,,,
21,27,2,,alive,,,,,
21,43,2,,alive,,,,,
21,51,2,,alive,,,,,
21,66,2,,alive,,,,,
21,4,2,,alive,,,,,
21,9,2,,alive,,,,,
21,17,2,,alive,,,,,
21,35,2,,dead,,,,,
21,28,2,,dead,,,,,
21,16,2,,dead,,,,,
21,54,3,,alive,,,,,
21,100,3,,alive,,,,,
21,117,3,,alive,,,,,
21,93,3,,alive,,,,,
21,71,3,,alive,,,,,
21,105,3,,alive,,,,,
21,116,3,,alive,,,,,
21,92,3,,alive,,,,,
21,118,3,,alive,,,,,
21,86,3,,dead,,,,,
21,101,4,,alive,,,,,
21,113,4,,alive,,,,,
21,58,4,,alive,,,,,
21,102,4,,alive,,,,,
21,107,4,,alive,,,,,
21,114,4,,alive,,,,,
21,96,4,,dead,,,,,
21,120,4,,dead,,,,,
21,1,5,,alive,,,,,
21,11,5,,alive,,,,,
21,37,5,,alive,,,,,
21,6,5,,alive,,,,,
21,32,5,,alive,,,,,
21,34,5,,dead,,,,,
21,31,5,,dead,,,,,
21,44,6,,alive,,,,,
21,12,6,,alive,,,,,
21,49,6,,alive,,,,,
21,52,6,,alive,,,,,
21,40,6,,alive,,,,,
21,56,6,,alive,,,,,
21,22,6,,dead,,,,,
21,89,7,,alive,,,,,
21,106,7,,alive,,,,,
21,72,7,,alive,,,,,
21,104,7,,alive,,,,,
21,83,7,,alive,,,,,
21,97,7,,alive,,,,,
21,90,7,,alive,,,,,
21,78,7,,dead,,,,,
21,70,8,,alive,,,,,
21,75,8,,alive,,,,,
21,115,8,,alive,,,,,
21,103,8,,alive,,,,,
21,95,8,,alive,,,,,
21,109,8,,alive,,,,,
21,82,8,,alive,,,,,
21,77,8,,dead,,,,,
21,63,9,,alive,,,,,
21,33,9,,alive,,,,,
21,23,9,,alive,,,,,
21,46,9,,alive,,,,,
21,26,9,,alive,,,,,
21,39,9,,alive,,,,,
21,60,9,,alive,,,,,
21,5,9,,dead,,,,,
21,2,10,,alive,,,,,
21,15,10,,alive,,,,,
21,48,10,,alive,,,,,
21,36,10,,alive,,,,,
21,62,10,,alive,,,,,
21,3,10,,alive,,,,,
21,53,10,,alive,,,,,
21,47,10,,alive,,,,,
21,42,10,,alive,,,,,
21,41,10,,dead,,,,,
21,67,11,,alive,,,,,
21,61,11,,alive,,,,,
21,68,11,,alive,,,,,
21,119,11,,alive,,,,,
21,74,11,,alive,,,,,
21,84,11,,alive,,,,,
21,79,11,,alive,,,,,
21,85,11,,dead,,,,,
21,94,11,,dead,,,,,
21,108,12,,alive,,,,,
21,76,12,,alive,,,,,
21,112,12,,alive,,,,,
21,111,12,,alive,,,,,
21,55,12,,alive,,,,,
21,98,12,,alive,,,,,
21,110,12,,alive,,,,,
21,99,12,,dead,,,,,
22,7,1,0.14,alive,,,,,0
22,13,1,0.16,alive,,,,,0
22,20,1,0.16,alive,,,,,0
22,10,1,0.17,alive,115.07,5.874538452,3.807320463,0.046080279,0
22,14,1,0.21,alive,113.41,5.1327725,7.5840324,0.123353983,0
22,19,1,0.32,alive,,,,,0
22,45,1,0.43,alive,,,,,0
22,25,1,,dead,,,,,0
22,59,1,,dead,,,,,0
22,4,2,0.13,alive,110.43,5.055759792,6.516342374,0.080619326,0
22,9,2,0.18,alive,,,,,0
22,66,2,0.21,alive,,,,,0
22,17,2,0.21,alive,,,,,0
22,51,2,0.21,alive,111.06,4.994582924,5.02317981,0.060076951,0
22,27,2,0.28,alive,116.27,5.060951721,5.875820678,0.096219144,0
22,43,2,0.41,alive,119.53,5.099920776,6.031470052,0.102838169,0
22,35,2,,dead,,,,,0
22,28,2,,dead,,,,,0
22,16,2,,dead,,,,,0
22,54,3,0.18,alive,,,,,0
22,71,3,0.2,alive,139.85,4.736224043,6.997011833,0.12089992,0
22,100,3,0.19,alive,,,,,0
22,92,3,0.32,alive,,,,,0
22,93,3,0.33,alive,117.23,4.700859582,4.681536683,0.07384205,0
22,118,3,0.39,alive,,,,,0
22,105,3,0.43,alive,109.93,5.944618142,5.332141881,0.074159808,0
22,117,3,0.44,alive,116.4,5.299132767,4.851390563,0.075229416,0
22,116,3,0.18,dead,,,,,0
22,86,3,,dead,,,,,0
22,114,4,0.21,alive,108.4,5.193235694,5.023567299,0.074981312,0
22,107,4,0.32,alive,,,,,0
22,58,4,0.34,alive,93.36,4.81898602,5.673461859,0.069369963,0
22,101,4,0.37,alive,96.32,4.781868111,3.229279275,0.042647265,0
22,102,4,0.37,alive,99.28,5.799825842,3.613942927,0.038784013,0
22,113,4,0.58,alive,,,,,0
22,96,4,,dead,,,,,0
22,120,4,,dead,,,,,0
22,37,5,0.23,alive,,,,,0
22,6,5,0.29,alive,,,,,0
22,1,5,0.35,alive,113.17,4.913504376,6.483752587,0.089724863,0
22,11,5,0.37,alive,,,,,0
22,32,5,0.43,alive,94.53,4.858513303,2.22946453,0.029312792,0
22,34,5,,dead,,,,,0
22,31,5,,dead,,,,,0
22,12,6,0.21,alive,,,,,0
22,52,6,0.23,alive,94.77,4.315476026,7.497344643,0.115175744,0
22,49,6,0.27,alive,,,,,0
22,56,6,0.26,alive,89.33,4.007707221,3.653118346,0.053043948,0
22,44,6,0.44,alive,,,,,0
22,40,6,0.52,alive,104.15,4.6782864,5.912707365,0.097539436,0
22,22,6,,dead,,,,,0
22,106,7,0.21,alive,94.55,4.630541998,9.758748177,0.140533652,0
22,104,7,0.35,alive,121.45,5.09183343,9.83767585,0.168335068,0
22,89,7,0.21,alive,,,,,0
22,97,7,0.24,alive,138.42,5.455383774,7.750490883,0.128956117,0
22,72,7,0.27,alive,,,,,0
22,83,7,0.28,alive,116.26,5.557086658,11.22993144,0.149072293,0
22,90,7,0.33,alive,,,,,0
22,78,7,,dead,,,,,0
22,70,8,0.26,alive,,,,,0
22,95,8,0.33,alive,,,,,0
22,75,8,0.35,alive,176.53,5.902327909,21.46918782,0.314415463,0
22,82,8,0.32,alive,105.55,4.951022749,4.933249918,0.07311609,0
22,115,8,0.35,alive,127.64,5.857775632,5.601245131,0.073696998,0
22,109,8,0.43,alive,104.12,5.043808085,4.176420666,0.053625026,0
22,103,8,0.39,alive,,,,,0
22,77,8,,dead,,,,,0
22,23,9,0.14,alive,95.56,3.934617151,4.708395102,0.064688045,0
22,33,9,0.18,alive,,,,,0
22,26,9,0.2,alive,92.26,4.255999924,4.417303277,0.067641926,0
22,63,9,0.22,alive,,,,,0
22,39,9,0.32,alive,,,,,0
22,60,9,0.29,alive,,,,,0
22,46,9,0.35,alive,150.99,6.410999071,9.196011213,0.137933854,0
22,5,9,,dead,,,,,0
22,36,10,0.2,alive,86.41,5.073390674,4.61690073,0.054563894,0
22,3,10,0.18,alive,,,,,0
22,2,10,0.19,alive,118.81,5.285189904,8.712931286,0.141198095,0
22,15,10,0.25,alive,,,,,0
22,62,10,0.25,alive,,,,,0
22,47,10,0.32,alive,97.4,4.49915817,7.289519497,0.112341377,0
22,48,10,0.32,alive,95.26,3.881111993,11.09212488,0.123037797,0
22,53,10,0.41,alive,,,,,0
22,42,10,0.52,alive,,,,,0
22,41,10,,dead,,,,,0
22,74,11,0.25,alive,,,,,0
22,67,11,0.27,alive,,,,,0
22,68,11,0.33,alive,,,,,0
22,79,11,0.34,alive,111.47,4.936884471,6.479446687,0.094729338,0
22,84,11,0.48,alive,115.98,5.224224847,10.30576463,0.114883892,0
22,61,11,0.44,alive,86.52,4.65470328,4.401212455,0.048237853,0
22,119,11,0.57,alive,,,,,0
22,85,11,,dead,,,,,0
22,94,11,,dead,,,,,0
22,98,12,0.21,alive,103.52,4.985798012,5.623046766,0.071652137,0
22,111,12,0.26,alive,,,,,0
22,112,12,0.29,alive,,,,,0
22,108,12,0.34,alive,114.36,4.79165942,4.501017983,0.059823048,0
22,76,12,0.37,alive,,,,,0
22,110,12,0.3,alive,,,,,0
22,55,12,0.4,alive,88.98,4.428968003,6.535092995,0.08346928,0
22,99,12,,dead,,,,,0
23,10,1,0.17,dead,,,,,
23,20,1,0.21,dead,,,,,
23,45,1,,alive,,,,,
23,7,1,,alive,,,,,
23,13,1,,alive,,,,,
23,19,1,,alive,,,,,
23,14,1,,alive,,,,,
23,25,1,,dead,,,,,
23,59,1,,dead,,,,,
23,4,2,0.13,dead,,,,,
23,43,2,,alive,,,,,
23,66,2,,alive,,,,,
23,51,2,,alive,,,,,
23,27,2,,alive,,,,,
23,9,2,,alive,,,,,
23,17,2,,alive,,,,,
23,35,2,,dead,,,,,
23,28,2,,dead,,,,,
23,16,2,,dead,,,,,
23,71,3,0.21,dead,,,,,
23,92,3,,alive,,,,,
23,93,3,,alive,,,,,
23,54,3,,alive,,,,,
23,100,3,,alive,,,,,
23,105,3,,alive,,,,,
23,117,3,,alive,,,,,
23,118,3,,alive,,,,,
23,86,3,,dead,,,,,
23,116,3,,dead,,,,,
23,102,4,,alive,,,,,
23,114,4,,alive,,,,,
23,58,4,,alive,,,,,
23,101,4,,alive,,,,,
23,58,4,,alive,,,,,
23,107,4,,alive,,,,,
23,113,4,,alive,,,,,
23,96,4,,dead,,,,,
23,120,4,,dead,,,,,
23,1,5,,alive,,,,,
23,11,5,,alive,,,,,
23,6,5,,alive,,,,,
23,37,5,,alive,,,,,
23,32,5,,alive,,,,,
23,34,5,,dead,,,,,
23,31,5,,dead,,,,,
23,44,6,,alive,,,,,
23,49,6,,alive,,,,,
23,52,6,,alive,,,,,
23,12,6,,alive,,,,,
23,40,6,,alive,,,,,
23,56,6,,alive,,,,,
23,22,6,,dead,,,,,
23,97,7,,alive,,,,,
23,90,7,,alive,,,,,
23,89,7,,alive,,,,,
23,106,7,,alive,,,,,
23,72,7,,alive,,,,,
23,104,7,,alive,,,,,
23,83,7,,alive,,,,,
23,78,7,,dead,,,,,
23,70,8,,alive,,,,,
23,75,8,,alive,,,,,
23,103,8,,alive,,,,,
23,95,8,,alive,,,,,
23,109,8,,alive,,,,,
23,82,8,,alive,,,,,
23,115,8,,alive,,,,,
23,77,8,,dead,,,,,
23,33,9,,alive,,,,,
23,26,9,,alive,,,,,
23,60,9,,alive,,,,,
23,23,9,,alive,,,,,
23,46,9,,alive,,,,,
23,39,9,,alive,,,,,
23,63,9,,alive,,,,,
23,5,9,,dead,,,,,
23,48,10,,alive,,,,,
23,47,10,,alive,,,,,
23,42,10,,alive,,,,,
23,36,10,,alive,,,,,
23,62,10,,alive,,,,,
23,3,10,,alive,,,,,
23,53,10,,alive,,,,,
23,2,10,,alive,,,,,
23,15,10,,alive,,,,,
23,41,10,,dead,,,,,
23,84,11,,alive,,,,,
23,67,11,,alive,,,,,
23,61,11,,alive,,,,,
23,119,11,,alive,,,,,
23,74,11,,alive,,,,,
23,79,11,,alive,,,,,
23,85,11,,dead,,,,,
23,94,11,,dead,,,,,
23,108,12,,alive,,,,,
23,98,12,,alive,,,,,
23,76,12,,alive,,,,,
23,111,12,,alive,,,,,
23,55,12,,alive,,,,,
23,110,12,,alive,,,,,
23,112,12,,alive,,,,,
23,99,12,,dead,,,,,
24,7,1,0.14,dead,,,,,
24,45,1,,alive,,,,,
24,13,1,,alive,,,,,
24,19,1,,alive,,,,,
24,14,1,,alive,,,,,
24,25,1,,dead,,,,,
24,59,1,,dead,,,,,
24,10,1,,dead,,,,,
24,20,1,,dead,,,,,
24,66,2,0.19,dead,,,,,
24,43,2,,alive,,,,,
24,27,2,,alive,,,,,
24,51,2,,alive,,,,,
24,9,2,,alive,,,,,
24,17,2,,alive,,,,,
24,35,2,,dead,,,,,
24,28,2,,dead,,,,,
24,16,2,,dead,,,,,
24,4,2,,dead,,,,,
24,92,3,,alive,,,,,
24,93,3,,alive,,,,,
24,54,3,,alive,,,,,
24,100,3,,alive,,,,,
24,105,3,,alive,,,,,
24,117,3,,alive,,,,,
24,118,3,,alive,,,,,
24,86,3,,dead,,,,,
24,116,3,,dead,,,,,
24,71,3,,dead,,,,,
24,101,4,,alive,,,,,
24,58,4,,alive,,,,,
24,114,4,,alive,,,,,
24,102,4,,alive,,,,,
24,107,4,,alive,,,,,
24,113,4,,alive,,,,,
24,96,4,,dead,,,,,
24,120,4,,dead,,,,,
24,11,5,0.4,dead,,,,,
24,1,5,,alive,,,,,
24,6,5,,alive,,,,,
24,37,5,,alive,,,,,
24,32,5,,alive,,,,,
24,34,5,,dead,,,,,
24,31,5,,dead,,,,,
24,12,6,,alive,,,,,
24,44,6,,alive,,,,,
24,49,6,,alive,,,,,
24,52,6,,alive,,,,,
24,40,6,,alive,,,,,
24,56,6,,alive,,,,,
24,22,6,,dead,,,,,
24,83,7,,alive,,,,,
24,106,7,,alive,,,,,
24,72,7,,alive,,,,,
24,104,7,,alive,,,,,
24,97,7,,alive,,,,,
24,90,7,,alive,,,,,
24,89,7,,alive,,,,,
24,78,7,,dead,,,,,
24,82,8,,alive,,,,,
24,70,8,,alive,,,,,
24,75,8,,alive,,,,,
24,103,8,,alive,,,,,
24,95,8,,alive,,,,,
24,109,8,,alive,,,,,
24,115,8,,alive,,,,,
24,77,8,,dead,,,,,
24,23,9,0.13,dead,,,,,
24,26,9,,alive,,,,,
24,63,9,,alive,,,,,
24,33,9,,alive,,,,,
24,46,9,,alive,,,,,
24,39,9,,alive,,,,,
24,60,9,,alive,,,,,
24,5,9,,dead,,,,,
24,48,10,0.32,dead,,,,,
24,2,10,,alive,,,,,
24,15,10,,alive,,,,,
24,36,10,,alive,,,,,
24,62,10,,alive,,,,,
24,3,10,,alive,,,,,
24,53,10,,alive,,,,,
24,47,10,,alive,,,,,
24,42,10,,alive,,,,,
24,41,10,,dead,,,,,
24,68,11,,alive,,,,,
24,119,11,,alive,,,,,
24,84,11,,alive,,,,,
24,79,11,,alive,,,,,
24,67,11,,alive,,,,,
24,61,11,,alive,,,,,
24,74,11,,alive,,,,,
24,85,11,,dead,,,,,
24,94,11,,dead,,,,,
24,111,12,0.3,dead,,,,,
24,98,12,,alive,,,,,
24,76,12,,alive,,,,,
24,112,12,,alive,,,,,
24,55,12,,alive,,,,,
24,108,12,,alive,,,,,
24,110,12,,alive,,,,,
24,99,12,,dead,,,,,
25,13,1,0.16,dead,,,,,
25,45,1,,alive,,,,,
25,19,1,,alive,,,,,
25,14,1,,alive,,,,,
25,25,1,,dead,,,,,
25,59,1,,dead,,,,,
25,10,1,,dead,,,,,
25,20,1,,dead,,,,,
25,7,1,,dead,,,,,
25,43,2,,alive,,,,,
25,9,2,,alive,,,,,
25,51,2,,alive,,,,,
25,27,2,,alive,,,,,
25,17,2,,alive,,,,,
25,35,2,,dead,,,,,
25,28,2,,dead,,,,,
25,16,2,,dead,,,,,
25,4,2,,dead,,,,,
25,66,2,,dead,,,,,
25,93,3,,alive,,,,,
25,54,3,,alive,,,,,
25,100,3,,alive,,,,,
25,105,3,,alive,,,,,
25,92,3,,alive,,,,,
25,117,3,,alive,,,,,
25,118,3,,alive,,,,,
25,86,3,,dead,,,,,
25,116,3,,dead,,,,,
25,71,3,,dead,,,,,
25,113,4,,alive,,,,,
25,101,4,,alive,,,,,
25,58,4,,alive,,,,,
25,102,4,,alive,,,,,
25,107,4,,alive,,,,,
25,114,4,,alive,,,,,
25,96,4,,dead,,,,,
25,120,4,,dead,,,,,
25,1,5,,alive,,,,,
25,37,5,,alive,,,,,
25,6,5,,alive,,,,,
25,32,5,,alive,,,,,
25,34,5,,dead,,,,,
25,31,5,,dead,,,,,
25,11,5,,dead,,,,,
25,44,6,,alive,,,,,
25,12,6,,alive,,,,,
25,49,6,,alive,,,,,
25,52,6,,alive,,,,,
25,40,6,,alive,,,,,
25,56,6,,alive,,,,,
25,22,6,,dead,,,,,
25,89,7,0.22,dead,,,,,
25,72,7,,alive,,,,,
25,106,7,,alive,,,,,
25,104,7,,alive,,,,,
25,97,7,,alive,,,,,
25,90,7,,alive,,,,,
25,78,7,,dead,,,,,
25,70,8,,alive,,,,,
25,75,8,,alive,,,,,
25,103,8,,alive,,,,,
25,95,8,,alive,,,,,
25,109,8,,alive,,,,,
25,82,8,,alive,,,,,
25,115,8,,alive,,,,,
25,77,8,,dead,,,,,
25,33,9,,alive,,,,,
25,46,9,,alive,,,,,
25,26,9,,alive,,,,,
25,39,9,,alive,,,,,
25,63,9,,alive,,,,,
25,60,9,,alive,,,,,
25,5,9,,dead,,,,,
25,23,9,,dead,,,,,
25,2,10,0.19,dead,,,,,
25,36,10,,alive,,,,,
25,62,10,,alive,,,,,
25,3,10,,alive,,,,,
25,53,10,,alive,,,,,
25,47,10,,alive,,,,,
25,42,10,,alive,,,,,
25,15,10,,alive,,,,,
25,41,10,,dead,,,,,
25,48,10,,dead,,,,,
25,79,11,,alive,,,,,
25,67,11,,alive,,,,,
25,61,11,,alive,,,,,
25,68,11,,alive,,,,,
25,119,11,,alive,,,,,
25,85,11,,dead,,,,,
25,94,11,,dead,,,,,
25,55,12,,alive,,,,,
25,108,12,,alive,,,,,
25,98,12,,alive,,,,,
25,76,12,,alive,,,,,
25,110,12,,alive,,,,,
25,112,12,,alive,,,,,
25,99,12,,dead,,,,,
25,111,12,,dead,,,,,
26,45,1,,alive,,,,,
26,19,1,,alive,,,,,
26,14,1,,alive,,,,,
26,25,1,,dead,,,,,
26,59,1,,dead,,,,,
26,10,1,,dead,,,,,
26,20,1,,dead,,,,,
26,7,1,,dead,,,,,
26,13,1,,dead,,,,,
26,43,2,,alive,,,,,
26,51,2,,alive,,,,,
26,27,2,,alive,,,,,
26,9,2,,alive,,,,,
26,17,2,,alive,,,,,
26,35,2,,dead,,,,,
26,28,2,,dead,,,,,
26,16,2,,dead,,,,,
26,4,2,,dead,,,,,
26,66,2,,dead,,,,,
26,93,3,,alive,,,,,
26,54,3,,alive,,,,,
26,118,3,,alive,,,,,
26,100,3,,alive,,,,,
26,105,3,,alive,,,,,
26,92,3,,alive,,,,,
26,117,3,,alive,,,,,
26,86,3,,dead,,,,,
26,116,3,,dead,,,,,
26,71,3,,dead,,,,,
26,107,4,,alive,,,,,
26,113,4,,alive,,,,,
26,101,4,,alive,,,,,
26,58,4,,alive,,,,,
26,102,4,,alive,,,,,
26,114,4,,alive,,,,,
26,96,4,,dead,,,,,
26,120,4,,dead,,,,,
26,1,5,,alive,,,,,
26,37,5,,alive,,,,,
26,6,5,,alive,,,,,
26,32,5,,alive,,,,,
26,34,5,,dead,,,,,
26,31,5,,dead,,,,,
26,11,5,,dead,,,,,
26,12,6,,alive,,,,,
26,49,6,,alive,,,,,
26,44,6,,alive,,,,,
26,52,6,,alive,,,,,
26,40,6,,alive,,,,,
26,56,6,,alive,,,,,
26,22,6,,dead,,,,,
26,72,7,,alive,,,,,
26,97,7,,alive,,,,,
26,90,7,,alive,,,,,
26,106,7,,alive,,,,,
26,104,7,,alive,,,,,
26,78,7,,dead,,,,,
26,89,7,,dead,,,,,
26,70,8,,alive,,,,,
26,75,8,,alive,,,,,
26,103,8,,alive,,,,,
26,95,8,,alive,,,,,
26,109,8,,alive,,,,,
26,82,8,,alive,,,,,
26,115,8,,alive,,,,,
26,77,8,,dead,,,,,
26,33,9,,alive,,,,,
26,39,9,,alive,,,,,
26,63,9,,alive,,,,,
26,46,9,,alive,,,,,
26,26,9,,alive,,,,,
26,60,9,,alive,,,,,
26,5,9,,dead,,,,,
26,23,9,,dead,,,,,
26,62,10,,alive,,,,,
26,47,10,,alive,,,,,
26,42,10,,alive,,,,,
26,15,10,,alive,,,,,
26,36,10,,alive,,,,,
26,3,10,,alive,,,,,
26,53,10,,alive,,,,,
26,41,10,,dead,,,,,
26,48,10,,dead,,,,,
26,2,10,,dead,,,,,
26,61,11,0.36,dead,,,,,
26,74,11,,alive,,,,,
26,84,11,,alive,,,,,
26,79,11,,alive,,,,,
26,67,11,,alive,,,,,
26,68,11,,alive,,,,,
26,119,11,,alive,,,,,
26,85,11,,dead,,,,,
26,94,11,,dead,,,,,
26,98,12,,alive,,,,,
26,76,12,,alive,,,,,
26,55,12,,alive,,,,,
26,108,12,,alive,,,,,
26,110,12,,alive,,,,,
26,112,12,,alive,,,,,
26,99,12,,dead,,,,,
26,111,12,,dead,,,,,
27,19,1,,alive,,,,,
27,45,1,,alive,,,,,
27,14,1,,alive,,,,,
27,25,1,,dead,,,,,
27,59,1,,dead,,,,,
27,10,1,,dead,,,,,
27,20,1,,dead,,,,,
27,7,1,,dead,,,,,
27,13,1,,dead,,,,,
27,43,2,,alive,,,,,
27,51,2,,alive,,,,,
27,27,2,,alive,,,,,
27,17,2,,alive,,,,,
27,9,2,,alive,,,,,
27,35,2,,dead,,,,,
27,28,2,,dead,,,,,
27,16,2,,dead,,,,,
27,4,2,,dead,,,,,
27,66,2,,dead,,,,,
27,118,3,,alive,,,,,
27,93,3,,alive,,,,,
27,54,3,,alive,,,,,
27,100,3,,alive,,,,,
27,105,3,,alive,,,,,
27,92,3,,alive,,,,,
27,117,3,,alive,,,,,
27,86,3,,dead,,,,,
27,116,3,,dead,,,,,
27,71,3,,dead,,,,,
27,58,4,,alive,,,,,
27,102,4,,alive,,,,,
27,101,4,,alive,,,,,
27,107,4,,alive,,,,,
27,113,4,,alive,,,,,
27,114,4,,alive,,,,,
27,96,4,,dead,,,,,
27,120,4,,dead,,,,,
27,1,5,,alive,,,,,
27,32,5,,alive,,,,,
27,37,5,,alive,,,,,
27,6,5,,alive,,,,,
27,34,5,,dead,,,,,
27,31,5,,dead,,,,,
27,11,5,,dead,,,,,
27,52,6,,dead,,,,,
27,56,6,,alive,,,,,
27,44,6,,alive,,,,,
27,12,6,,alive,,,,,
27,49,6,,alive,,,,,
27,40,6,,alive,,,,,
27,22,6,,dead,,,,,
27,106,7,,alive,,,,,
27,72,7,,alive,,,,,
27,104,7,,alive,,,,,
27,90,7,,alive,,,,,
27,97,7,,alive,,,,,
27,78,7,,dead,,,,,
27,89,7,,dead,,,,,
27,103,8,,alive,,,,,
27,95,8,,alive,,,,,
27,109,8,,alive,,,,,
27,82,8,,alive,,,,,
27,115,8,,alive,,,,,
27,70,8,,alive,,,,,
27,75,8,,alive,,,,,
27,77,8,,dead,,,,,
27,46,9,,alive,,,,,
27,33,9,,alive,,,,,
27,26,9,,alive,,,,,
27,39,9,,alive,,,,,
27,63,9,,alive,,,,,
27,60,9,,alive,,,,,
27,5,9,,dead,,,,,
27,23,9,,dead,,,,,
27,3,10,,dead,,,,,
27,36,10,,alive,,,,,
27,62,10,,alive,,,,,
27,47,10,,alive,,,,,
27,53,10,,alive,,,,,
27,42,10,,alive,,,,,
27,15,10,,alive,,,,,
27,41,10,,dead,,,,,
27,48,10,,dead,,,,,
27,2,10,,dead,,,,,
27,67,11,,alive,,,,,
27,68,11,,alive,,,,,
27,74,11,,alive,,,,,
27,84,11,,alive,,,,,
27,119,11,,alive,,,,,
27,79,11,,alive,,,,,
27,85,11,,dead,,,,,
27,94,11,,dead,,,,,
27,61,11,,dead,,,,,
27,110,12,,alive,,,,,
27,108,12,,alive,,,,,
27,98,12,,alive,,,,,
27,76,12,,alive,,,,,
27,112,12,,alive,,,,,
27,55,12,,alive,,,,,
27,99,12,,dead,,,,,
27,111,12,,dead,,,,,
28,45,1,,alive,,,,,
28,19,1,,alive,,,,,
28,14,1,,alive,,,,,
28,25,1,,dead,,,,,
28,59,1,,dead,,,,,
28,10,1,,dead,,,,,
28,20,1,,dead,,,,,
28,7,1,,dead,,,,,
28,13,1,,dead,,,,,
28,43,2,,alive,,,,,
28,51,2,,alive,,,,,
28,27,2,,alive,,,,,
28,9,2,,alive,,,,,
28,17,2,,alive,,,,,
28,35,2,,dead,,,,,
28,28,2,,dead,,,,,
28,16,2,,dead,,,,,
28,4,2,,dead,,,,,
28,66,2,,dead,,,,,
28,93,3,,alive,,,,,
28,100,3,,alive,,,,,
28,105,3,,alive,,,,,
28,92,3,,alive,,,,,
28,117,3,,alive,,,,,
28,118,3,,alive,,,,,
28,54,3,,alive,,,,,
28,86,3,,dead,,,,,
28,116,3,,dead,,,,,
28,71,3,,dead,,,,,
28,113,4,,alive,,,,,
28,114,4,,alive,,,,,
28,101,4,,alive,,,,,
28,58,4,,alive,,,,,
28,102,4,,alive,,,,,
28,107,4,,alive,,,,,
28,96,4,,dead,,,,,
28,120,4,,dead,,,,,
28,1,5,,alive,,,,,
28,37,5,,alive,,,,,
28,32,5,,alive,,,,,
28,6,5,,alive,,,,,
28,34,5,,dead,,,,,
28,31,5,,dead,,,,,
28,11,5,,dead,,,,,
28,12,6,,alive,,,,,
28,49,6,,alive,,,,,
28,44,6,,alive,,,,,
28,40,6,,alive,,,,,
28,56,6,,alive,,,,,
28,22,6,,dead,,,,,
28,52,6,,dead,,,,,
28,97,7,,alive,,,,,
28,90,7,,alive,,,,,
28,106,7,,alive,,,,,
28,72,7,,alive,,,,,
28,104,7,,alive,,,,,
28,78,7,,dead,,,,,
28,89,7,,dead,,,,,
28,109,8,,alive,,,,,
28,82,8,,alive,,,,,
28,115,8,,alive,,,,,
28,70,8,,alive,,,,,
28,75,8,,alive,,,,,
28,103,8,,alive,,,,,
28,95,8,,alive,,,,,
28,77,8,,dead,,,,,
28,33,9,0.17,dead,,,,,
28,26,9,,alive,,,,,
28,39,9,,alive,,,,,
28,46,9,,alive,,,,,
28,63,9,,alive,,,,,
28,60,9,,alive,,,,,
28,5,9,,dead,,,,,
28,23,9,,dead,,,,,
28,36,10,0.18,dead,,,,,
28,42,10,,alive,,,,,
28,62,10,,alive,,,,,
28,53,10,,alive,,,,,
28,47,10,,alive,,,,,
28,15,10,,alive,,,,,
28,41,10,,dead,,,,,
28,48,10,,dead,,,,,
28,2,10,,dead,,,,,
28,3,10,,dead,,,,,
28,68,11,,alive,,,,,
28,74,11,,alive,,,,,
28,84,11,,alive,,,,,
28,119,11,,alive,,,,,
28,79,11,,alive,,,,,
28,67,11,,alive,,,,,
28,85,11,,dead,,,,,
28,94,11,,dead,,,,,
28,61,11,,dead,,,,,
28,98,12,,alive,,,,,
28,76,12,,alive,,,,,
28,110,12,,alive,,,,,
28,112,12,,alive,,,,,
28,55,12,,alive,,,,,
28,108,12,,alive,,,,,
28,99,12,,dead,,,,,
28,111,12,,dead,,,,,
29,14,1,0.18,alive,158.21,6.812488532,5.5978352,0.064545398,
29,19,1,0.29,alive,,,,,
29,45,1,0.36,alive,,,,,
29,25,1,,dead,,,,,
29,59,1,,dead,,,,,
29,10,1,,dead,,,,,
29,20,1,,dead,,,,,
29,7,1,,dead,,,,,
29,13,1,,dead,,,,,
29,9,2,0.16,alive,,,,,
29,51,2,0.18,alive,102.52,4.89378084,5.825551452,0.091088977,
29,17,2,0.19,alive,,,,,
29,27,2,0.27,alive,118.91,4.744151104,10.23371713,0.159937565,
29,43,2,0.37,alive,106.83,5.10110901,9.119511175,0.120095707,
29,35,2,,dead,,,,,
29,28,2,,dead,,,,,
29,16,2,,dead,,,,,
29,4,2,,dead,,,,,
29,66,2,,dead,,,,,
29,54,3,0.16,alive,,,,,
29,100,3,0.2,alive,,,,,
29,92,3,0.28,alive,,,,,
29,93,3,0.29,alive,123.1,6.066133843,11.17933626,0.121444428,
29,105,3,0.38,alive,190.26,7.380865242,5.797217192,0.059626423,
29,118,3,0.36,alive,,,,,
29,117,3,0.4,alive,126.72,5.061400772,8.2783164,0.115680113,
29,86,3,,dead,,,,,
29,116,3,,dead,,,,,
29,71,3,,dead,,,,,
29,114,4,0.18,alive,125.74,5.141669736,11.53591999,0.186586365,
29,107,4,0.3,alive,,,,,
29,58,4,0.32,alive,119.09,4.855684995,9.957239446,0.157344187,
29,101,4,0.34,alive,125.01,5.273327204,6.674269159,0.102984499,
29,102,4,0.37,alive,133.4,4.946174933,9.1838504,0.151334083,
29,113,4,0.53,alive,,,,,
29,96,4,,dead,,,,,
29,120,4,,dead,,,,,
29,6,5,0.24,alive,,,,,
29,37,5,0.21,alive,,,,,
29,1,5,0.31,alive,123.35,4.400126261,9.728582627,0.128956705,
29,32,5,0.39,alive,107.84,4.246733742,8.669289532,0.129887283,
29,34,5,,dead,,,,,
29,31,5,,dead,,,,,
29,11,5,,dead,,,,,
29,12,6,0.19,alive,,,,,
29,56,6,0.24,alive,116.64,5.080205197,7.993471462,0.117843091,
29,49,6,0.25,alive,,,,,
29,44,6,0.41,alive,,,,,
29,40,6,0.48,alive,111.34,5.468403272,9.938399231,0.140264489,
29,22,6,,dead,,,,,
29,52,6,,dead,,,,,
29,106,7,0.19,alive,,,,,
29,97,7,0.21,alive,147,4.46535485,13.02074114,0.17073319,
29,72,7,0.26,alive,,,,,
29,90,7,0.32,alive,,,,,
29,104,7,0.32,alive,128.57,5.115346291,19.759747,0.260260602,
29,78,7,,dead,,,,,
29,89,7,,dead,,,,,
29,70,8,0.23,alive,,,,,
29,95,8,0.29,alive,,,,,
29,115,8,0.34,alive,133.16,5.229519939,8.523404393,0.108273182,
29,75,8,0.31,alive,149.79,5.440764578,8.250264041,0.09199478,
29,82,8,0.35,alive,127.4,5.417890305,7.3094629,0.087333341,
29,103,8,0.38,alive,,,,,
29,109,8,0.41,alive,119.05,5.259671227,8.918379566,0.121181515,
29,77,8,,dead,,,,,
29,26,9,0.19,alive,109.2,4.933906601,8.049548108,0.118508885,
29,63,9,0.21,alive,,,,,
29,60,9,0.24,alive,,,,,
29,39,9,0.27,alive,,,,,
29,46,9,0.3,alive,152.12,6.459321039,6.054750133,0.09674222,
29,5,9,,dead,,,,,
29,23,9,,dead,,,,,
29,33,9,,dead,,,,,
29,15,10,0.2,alive,,,,,
29,62,10,0.23,alive,,,,,
29,47,10,0.28,alive,125.69,5.244901324,10.89706951,0.15299042,
29,53,10,0.39,alive,,,,,
29,42,10,0.46,alive,,,,,
29,41,10,,dead,,,,,
29,48,10,,dead,,,,,
29,2,10,,dead,,,,,
29,3,10,,dead,,,,,
29,36,10,,dead,,,,,
29,74,11,0.23,alive,,,,,
29,67,11,0.24,alive,,,,,
29,68,11,0.29,alive,,,,,
29,79,11,0.32,alive,122.95,4.751129584,7.261113619,0.089866043,
29,84,11,0.41,alive,127.55,5.770658979,9.774686009,0.135164752,
29,119,11,0.54,alive,,,,,
29,85,11,,dead,,,,,
29,94,11,,dead,,,,,
29,61,11,,dead,,,,,
29,98,12,0.19,alive,121.62,5.806266208,7.215696996,0.09634559,
29,110,12,0.26,alive,,,,,
29,112,12,0.26,alive,,,,,
29,108,12,0.31,alive,125.27,5.40828956,9.428169639,0.126004884,
29,76,12,0.33,alive,,,,,
29,55,12,0.37,alive,120.82,5.494496788,7.375892596,0.082380648,
29,99,12,,dead,,,,,
29,111,12,,dead,,,,,
3,13,1,,alive,,,,,
3,20,1,,alive,,,,,
3,45,1,,alive,,,,,
3,59,1,,alive,,,,,
3,7,1,,alive,,,,,
3,10,1,,alive,,,,,
3,19,1,,alive,,,,,
3,14,1,,alive,,,,,
3,25,1,,alive,,,,,
3,17,2,,alive,,,,,
3,16,2,,alive,,,,,
3,43,2,,alive,,,,,
3,51,2,,alive,,,,,
3,27,2,,alive,,,,,
3,66,2,,alive,,,,,
3,4,2,,alive,,,,,
3,9,2,,alive,,,,,
3,35,2,,dead,,,,,
3,28,2,,dead,,,,,
3,116,3,,alive,,,,,
3,93,3,,alive,,,,,
3,71,3,,alive,,,,,
3,54,3,,alive,,,,,
3,100,3,,alive,,,,,
3,105,3,,alive,,,,,
3,92,3,,alive,,,,,
3,117,3,,alive,,,,,
3,118,3,,alive,,,,,
3,86,3,,dead,,,,,
3,107,4,,alive,,,,,
3,113,4,,alive,,,,,
3,114,4,,alive,,,,,
3,120,4,,alive,,,,,
3,101,4,,alive,,,,,
3,58,4,,alive,,,,,
3,102,4,,alive,,,,,
3,96,4,,dead,,,,,
3,31,5,,alive,,,,,
3,6,5,,alive,,,,,
3,1,5,,alive,,,,,
3,11,5,,alive,,,,,
3,34,5,,alive,,,,,
3,37,5,,alive,,,,,
3,32,5,,alive,,,,,
3,52,6,,alive,,,,,
3,22,6,,alive,,,,,
3,56,6,,alive,,,,,
3,49,6,,alive,,,,,
3,44,6,,alive,,,,,
3,12,6,,alive,,,,,
3,49,6,,alive,,,,,
3,40,6,,alive,,,,,
3,97,7,,alive,,,,,
3,106,7,,alive,,,,,
3,72,7,,alive,,,,,
3,78,7,,alive,,,,,
3,104,7,,alive,,,,,
3,90,7,,alive,,,,,
3,89,7,,alive,,,,,
3,83,7,,dead,,,,,
3,103,8,,alive,,,,,
3,109,8,,alive,,,,,
3,82,8,,alive,,,,,
3,115,8,,alive,,,,,
3,70,8,,alive,,,,,
3,75,8,,alive,,,,,
3,95,8,,alive,,,,,
3,77,8,,alive,,,,,
3,39,9,,alive,,,,,
3,63,9,,alive,,,,,
3,60,9,,alive,,,,,
3,33,9,,alive,,,,,
3,23,9,,alive,,,,,
3,5,9,,alive,,,,,
3,46,9,,alive,,,,,
3,26,9,,alive,,,,,
3,62,10,,alive,,,,,
3,53,10,,alive,,,,,
3,36,10,,alive,,,,,
3,3,10,,alive,,,,,
3,47,10,,alive,,,,,
3,42,10,,alive,,,,,
3,41,10,,alive,,,,,
3,2,10,,alive,,,,,
3,15,10,,alive,,,,,
3,67,11,,alive,,,,,
3,68,11,,alive,,,,,
3,74,11,,alive,,,,,
3,61,11,,alive,,,,,
3,119,11,,alive,,,,,
3,84,11,,alive,,,,,
3,94,11,,alive,,,,,
3,79,11,,alive,,,,,
3,85,11,,dead,,,,,
3,76,12,,alive,,,,,
3,55,12,,alive,,,,,
3,99,12,,alive,,,,,
3,108,12,,alive,,,,,
3,98,12,,alive,,,,,
3,110,12,,alive,,,,,
3,112,12,,alive,,,,,
3,111,12,,alive,,,,,
30,14,1,0.21,dead,,,,,
30,45,1,,alive,,,,,
30,19,1,,alive,,,,,
30,25,1,,dead,,,,,
30,59,1,,dead,,,,,
30,10,1,,dead,,,,,
30,20,1,,dead,,,,,
30,7,1,,dead,,,,,
30,13,1,,dead,,,,,
30,51,2,0.19,dead,,,,,
30,27,2,0.29,dead,,,,,
30,9,2,,alive,,,,,
30,43,2,,alive,,,,,
30,17,2,,alive,,,,,
30,35,2,,dead,,,,,
30,28,2,,dead,,,,,
30,16,2,,dead,,,,,
30,4,2,,dead,,,,,
30,66,2,,dead,,,,,
30,54,3,0.17,dead,,,,,
30,100,3,0.18,dead,,,,,
30,93,3,0.33,dead,,,,,
30,117,3,,alive,,,,,
30,105,3,,alive,,,,,
30,92,3,,alive,,,,,
30,118,3,,alive,,,,,
30,86,3,,dead,,,,,
30,116,3,,dead,,,,,
30,71,3,,dead,,,,,
30,114,4,0.21,dead,,,,,
30,101,4,,alive,,,,,
30,58,4,,alive,,,,,
30,102,4,,alive,,,,,
30,107,4,,alive,,,,,
30,113,4,,alive,,,,,
30,96,4,,dead,,,,,
30,120,4,,dead,,,,,
30,6,5,0.23,dead,,,,,
30,37,5,,alive,,,,,
30,1,5,,alive,,,,,
30,32,5,,alive,,,,,
30,34,5,,dead,,,,,
30,31,5,,dead,,,,,
30,11,5,,dead,,,,,
30,44,6,,alive,,,,,
30,12,6,,alive,,,,,
30,49,6,,alive,,,,,
30,40,6,,alive,,,,,
30,56,6,,alive,,,,,
30,22,6,,dead,,,,,
30,52,6,,dead,,,,,
30,90,7,,alive,,,,,
30,106,7,,alive,,,,,
30,72,7,,alive,,,,,
30,104,7,,alive,,,,,
30,97,7,,alive,,,,,
30,78,7,,dead,,,,,
30,89,7,,dead,,,,,
30,70,8,0.24,dead,,,,,
30,75,8,,alive,,,,,
30,103,8,,alive,,,,,
30,95,8,,alive,,,,,
30,109,8,,alive,,,,,
30,82,8,,alive,,,,,
30,115,8,,alive,,,,,
30,77,8,,dead,,,,,
30,26,9,,alive,,,,,
30,60,9,,alive,,,,,
30,46,9,,alive,,,,,
30,39,9,,alive,,,,,
30,63,9,,alive,,,,,
30,5,9,,dead,,,,,
30,23,9,,dead,,,,,
30,33,9,,dead,,,,,
30,62,10,0.21,dead,,,,,
30,53,10,,alive,,,,,
30,47,10,,alive,,,,,
30,42,10,,alive,,,,,
30,15,10,,alive,,,,,
30,41,10,,dead,,,,,
30,48,10,,dead,,,,,
30,2,10,,dead,,,,,
30,3,10,,dead,,,,,
30,36,10,,dead,,,,,
30,67,11,0.2,dead,,,,,
30,74,11,0.25,dead,,,,,
30,84,11,,alive,,,,,
30,79,11,,alive,,,,,
30,68,11,,alive,,,,,
30,119,11,,alive,,,,,
30,85,11,,dead,,,,,
30,94,11,,dead,,,,,
30,61,11,,dead,,,,,
30,98,12,0.12,dead,,,,,
30,55,12,,alive,,,,,
30,76,12,,alive,,,,,
30,110,12,,alive,,,,,
30,108,12,,alive,,,,,
30,112,12,,alive,,,,,
30,99,12,,dead,,,,,
30,111,12,,dead,,,,,
31,19,1,0.29,dead,,,,,
31,45,1,,alive,,,,,
31,25,1,,dead,,,,,
31,59,1,,dead,,,,,
31,10,1,,dead,,,,,
31,20,1,,dead,,,,,
31,7,1,,dead,,,,,
31,13,1,,dead,,,,,
31,14,1,,dead,,,,,
31,9,2,0.18,dead,,,,,
31,43,2,0.43,dead,,,,,
31,17,2,,alive,,,,,
31,35,2,,dead,,,,,
31,28,2,,dead,,,,,
31,16,2,,dead,,,,,
31,4,2,,dead,,,,,
31,66,2,,dead,,,,,
31,51,2,,dead,,,,,
31,27,2,,dead,,,,,
31,117,3,0.42,dead,,,,,
31,105,3,,alive,,,,,
31,118,3,,alive,,,,,
31,86,3,,dead,,,,,
31,116,3,,dead,,,,,
31,71,3,,dead,,,,,
31,93,3,,dead,,,,,
31,100,3,,dead,,,,,
31,54,3,,dead,,,,,
31,101,4,,alive,,,,,
31,58,4,,alive,,,,,
31,102,4,,alive,,,,,
31,107,4,,alive,,,,,
31,113,4,,alive,,,,,
31,96,4,,dead,,,,,
31,120,4,,dead,,,,,
31,114,4,,dead,,,,,
31,1,5,,alive,,,,,
31,37,5,,alive,,,,,
31,32,5,,alive,,,,,
31,34,5,,dead,,,,,
31,31,5,,dead,,,,,
31,11,5,,dead,,,,,
31,6,5,,dead,,,,,
31,12,6,0.19,dead,,,,,
31,44,6,,alive,,,,,
31,49,6,,alive,,,,,
31,40,6,,alive,,,,,
31,56,6,,alive,,,,,
31,22,6,,dead,,,,,
31,52,6,,dead,,,,,
31,106,7,0.18,dead,,,,,
31,97,7,,alive,,,,,
31,72,7,,alive,,,,,
31,104,7,,alive,,,,,
31,90,7,,alive,,,,,
31,78,7,,dead,,,,,
31,89,7,,dead,,,,,
31,103,8,,alive,,,,,
31,95,8,,alive,,,,,
31,75,8,,alive,,,,,
31,109,8,,alive,,,,,
31,82,8,,alive,,,,,
31,115,8,,alive,,,,,
31,77,8,,dead,,,,,
31,70,8,,dead,,,,,
31,63,9,0.23,dead,,,,,
31,46,9,,alive,,,,,
31,60,9,,alive,,,,,
31,26,9,,alive,,,,,
31,39,9,,alive,,,,,
31,5,9,,dead,,,,,
31,23,9,,dead,,,,,
31,33,9,,dead,,,,,
31,15,10,0.23,dead,,,,,
31,47,10,0.29,dead,,,,,
31,42,10,0.46,dead,,,,,
31,53,10,,alive,,,,,
31,41,10,,dead,,,,,
31,48,10,,dead,,,,,
31,2,10,,dead,,,,,
31,3,10,,dead,,,,,
31,36,10,,dead,,,,,
31,62,10,,dead,,,,,
31,68,11,,alive,,,,,
31,84,11,,alive,,,,,
31,119,11,,alive,,,,,
31,79,11,,alive,,,,,
31,85,11,,dead,,,,,
31,94,11,,dead,,,,,
31,61,11,,dead,,,,,
31,67,11,,dead,,,,,
31,74,11,,dead,,,,,
31,76,12,,alive,,,,,
31,108,12,,alive,,,,,
31,55,12,,alive,,,,,
31,110,12,,alive,,,,,
31,112,12,,alive,,,,,
31,99,12,,dead,,,,,
31,111,12,,dead,,,,,
31,98,12,,dead,,,,,
32,45,1,,alive,,,,,
32,25,1,,dead,,,,,
32,59,1,,dead,,,,,
32,10,1,,dead,,,,,
32,20,1,,dead,,,,,
32,7,1,,dead,,,,,
32,13,1,,dead,,,,,
32,14,1,,dead,,,,,
32,19,1,,dead,,,,,
32,17,2,,alive,,,,,
32,35,2,,dead,,,,,
32,28,2,,dead,,,,,
32,16,2,,dead,,,,,
32,4,2,,dead,,,,,
32,66,2,,dead,,,,,
32,51,2,,dead,,,,,
32,27,2,,dead,,,,,
32,43,2,,dead,,,,,
32,9,2,,dead,,,,,
32,92,3,,alive,,,,,
32,105,3,,alive,,,,,
32,118,3,,alive,,,,,
32,86,3,,dead,,,,,
32,116,3,,dead,,,,,
32,71,3,,dead,,,,,
32,93,3,,dead,,,,,
32,100,3,,dead,,,,,
32,54,3,,dead,,,,,
32,117,3,,dead,,,,,
32,113,4,,alive,,,,,
32,101,4,,alive,,,,,
32,58,4,,alive,,,,,
32,102,4,,alive,,,,,
32,107,4,,alive,,,,,
32,96,4,,dead,,,,,
32,120,4,,dead,,,,,
32,114,4,,dead,,,,,
32,1,5,,alive,,,,,
32,37,5,,alive,,,,,
32,32,5,,alive,,,,,
32,34,5,,dead,,,,,
32,31,5,,dead,,,,,
32,11,5,,dead,,,,,
32,6,5,,dead,,,,,
32,40,6,,alive,,,,,
32,44,6,,alive,,,,,
32,49,6,,alive,,,,,
32,56,6,,alive,,,,,
32,22,6,,dead,,,,,
32,52,6,,dead,,,,,
32,12,6,,dead,,,,,
32,97,7,,alive,,,,,
32,72,7,,alive,,,,,
32,104,7,,alive,,,,,
32,90,7,,alive,,,,,
32,78,7,,dead,,,,,
32,89,7,,dead,,,,,
32,106,7,,dead,,,,,
32,115,8,,alive,,,,,
32,75,8,,alive,,,,,
32,103,8,,alive,,,,,
32,95,8,,alive,,,,,
32,109,8,,alive,,,,,
32,82,8,,alive,,,,,
32,77,8,,dead,,,,,
32,70,8,,dead,,,,,
32,26,9,,alive,,,,,
32,46,9,,alive,,,,,
32,39,9,,alive,,,,,
32,60,9,,alive,,,,,
32,5,9,,dead,,,,,
32,23,9,,dead,,,,,
32,33,9,,dead,,,,,
32,63,9,,dead,,,,,
32,53,10,,alive,,,,,
32,41,10,,dead,,,,,
32,48,10,,dead,,,,,
32,2,10,,dead,,,,,
32,3,10,,dead,,,,,
32,36,10,,dead,,,,,
32,62,10,,dead,,,,,
32,47,10,,dead,,,,,
32,42,10,,dead,,,,,
32,15,10,,dead,,,,,
32,68,11,,alive,,,,,
32,84,11,,alive,,,,,
32,119,11,,alive,,,,,
32,79,11,,alive,,,,,
32,85,11,,dead,,,,,
32,94,11,,dead,,,,,
32,61,11,,dead,,,,,
32,67,11,,dead,,,,,
32,74,11,,dead,,,,,
32,112,12,0.28,dead,,,,,
32,108,12,,alive,,,,,
32,76,12,,alive,,,,,
32,110,12,,alive,,,,,
32,55,12,,alive,,,,,
32,99,12,,dead,,,,,
32,111,12,,dead,,,,,
32,98,12,,dead,,,,,
33,45,1,,alive,,,,,
33,25,1,,dead,,,,,
33,59,1,,dead,,,,,
33,10,1,,dead,,,,,
33,20,1,,dead,,,,,
33,7,1,,dead,,,,,
33,13,1,,dead,,,,,
33,14,1,,dead,,,,,
33,19,1,,dead,,,,,
33,17,2,,alive,,,,,
33,35,2,,dead,,,,,
33,28,2,,dead,,,,,
33,16,2,,dead,,,,,
33,4,2,,dead,,,,,
33,66,2,,dead,,,,,
33,51,2,,dead,,,,,
33,27,2,,dead,,,,,
33,43,2,,dead,,,,,
33,9,2,,dead,,,,,
33,105,3,,alive,,,,,
33,92,3,,alive,,,,,
33,105,3,,alive,,,,,
33,86,3,,dead,,,,,
33,116,3,,dead,,,,,
33,71,3,,dead,,,,,
33,93,3,,dead,,,,,
33,100,3,,dead,,,,,
33,54,3,,dead,,,,,
33,117,3,,dead,,,,,
33,101,4,,alive,,,,,
33,58,4,,alive,,,,,
33,102,4,,alive,,,,,
33,107,4,,alive,,,,,
33,113,4,,alive,,,,,
33,96,4,,dead,,,,,
33,120,4,,dead,,,,,
33,114,4,,dead,,,,,
33,1,5,,alive,,,,,
33,37,5,,alive,,,,,
33,32,5,,alive,,,,,
33,34,5,,dead,,,,,
33,31,5,,dead,,,,,
33,11,5,,dead,,,,,
33,6,5,,dead,,,,,
33,49,6,,alive,,,,,
33,44,6,,alive,,,,,
33,40,6,,alive,,,,,
33,56,6,,alive,,,,,
33,22,6,,dead,,,,,
33,52,6,,dead,,,,,
33,12,6,,dead,,,,,
33,97,7,,alive,,,,,
33,72,7,,alive,,,,,
33,104,7,,alive,,,,,
33,90,7,,alive,,,,,
33,78,7,,dead,,,,,
33,89,7,,dead,,,,,
33,106,7,,dead,,,,,
33,75,8,,alive,,,,,
33,103,8,,alive,,,,,
33,95,8,,alive,,,,,
33,109,8,,alive,,,,,
33,82,8,,alive,,,,,
33,115,8,,alive,,,,,
33,77,8,,dead,,,,,
33,70,8,,dead,,,,,
33,46,9,,alive,,,,,
33,26,9,,alive,,,,,
33,39,9,,alive,,,,,
33,60,9,,alive,,,,,
33,5,9,,dead,,,,,
33,23,9,,dead,,,,,
33,33,9,,dead,,,,,
33,63,9,,dead,,,,,
33,53,10,0.37,dead,,,,,
33,41,10,,dead,,,,,
33,48,10,,dead,,,,,
33,2,10,,dead,,,,,
33,3,10,,dead,,,,,
33,36,10,,dead,,,,,
33,62,10,,dead,,,,,
33,47,10,,dead,,,,,
33,42,10,,dead,,,,,
33,15,10,,dead,,,,,
33,68,11,,alive,,,,,
33,84,11,,alive,,,,,
33,119,11,,alive,,,,,
33,79,11,,alive,,,,,
33,85,11,,dead,,,,,
33,94,11,,dead,,,,,
33,61,11,,dead,,,,,
33,67,11,,dead,,,,,
33,74,11,,dead,,,,,
33,110,12,0.25,dead,,,,,
33,76,12,0.31,dead,,,,,
33,110,12,,alive,,,,,
33,55,12,,alive,,,,,
33,99,12,,dead,,,,,
33,111,12,,dead,,,,,
33,98,12,,dead,,,,,
33,112,12,,dead,,,,,
34,45,1,,alive,,,,,
34,25,1,,dead,,,,,
34,59,1,,dead,,,,,
34,10,1,,dead,,,,,
34,20,1,,dead,,,,,
34,7,1,,dead,,,,,
34,13,1,,dead,,,,,
34,14,1,,dead,,,,,
34,19,1,,dead,,,,,
34,17,2,,alive,,,,,
34,35,2,,dead,,,,,
34,28,2,,dead,,,,,
34,16,2,,dead,,,,,
34,4,2,,dead,,,,,
34,66,2,,dead,,,,,
34,51,2,,dead,,,,,
34,27,2,,dead,,,,,
34,43,2,,dead,,,,,
34,9,2,,dead,,,,,
34,105,3,,alive,,,,,
34,92,3,,alive,,,,,
34,118,3,,alive,,,,,
34,86,3,,dead,,,,,
34,116,3,,dead,,,,,
34,71,3,,dead,,,,,
34,93,3,,dead,,,,,
34,100,3,,dead,,,,,
34,54,3,,dead,,,,,
34,117,3,,dead,,,,,
34,101,4,,alive,,,,,
34,58,4,,alive,,,,,
34,102,4,,alive,,,,,
34,107,4,,alive,,,,,
34,113,4,,alive,,,,,
34,96,4,,dead,,,,,
34,120,4,,dead,,,,,
34,114,4,,dead,,,,,
34,1,5,,alive,,,,,
34,37,5,,alive,,,,,
34,32,5,,alive,,,,,
34,34,5,,dead,,,,,
34,31,5,,dead,,,,,
34,11,5,,dead,,,,,
34,6,5,,dead,,,,,
34,44,6,,alive,,,,,
34,49,6,,alive,,,,,
34,40,6,,alive,,,,,
34,56,6,,alive,,,,,
34,22,6,,dead,,,,,
34,52,6,,dead,,,,,
34,12,6,,dead,,,,,
34,97,7,0.19,dead,,,,,
34,72,7,,alive,,,,,
34,104,7,,alive,,,,,
34,90,7,,alive,,,,,
34,78,7,,dead,,,,,
34,89,7,,dead,,,,,
34,106,7,,dead,,,,,
34,75,8,,alive,,,,,
34,103,8,,alive,,,,,
34,95,8,,alive,,,,,
34,109,8,,alive,,,,,
34,82,8,,alive,,,,,
34,115,8,,alive,,,,,
34,77,8,,dead,,,,,
34,70,8,,dead,,,,,
34,26,9,,alive,,,,,
34,46,9,,alive,,,,,
34,39,9,,alive,,,,,
34,60,9,,alive,,,,,
34,5,9,,dead,,,,,
34,23,9,,dead,,,,,
34,33,9,,dead,,,,,
34,63,9,,dead,,,,,
34,41,10,,dead,,,,,
34,48,10,,dead,,,,,
34,2,10,,dead,,,,,
34,3,10,,dead,,,,,
34,36,10,,dead,,,,,
34,62,10,,dead,,,,,
34,47,10,,dead,,,,,
34,42,10,,dead,,,,,
34,15,10,,dead,,,,,
34,53,10,,dead,,,,,
34,68,11,0.29,dead,,,,,
34,84,11,,alive,,,,,
34,119,11,,alive,,,,,
34,79,11,,alive,,,,,
34,85,11,,dead,,,,,
34,94,11,,dead,,,,,
34,61,11,,dead,,,,,
34,67,11,,dead,,,,,
34,74,11,,dead,,,,,
34,55,12,,alive,,,,,
34,108,12,,alive,,,,,
34,99,12,,dead,,,,,
34,111,12,,dead,,,,,
34,98,12,,dead,,,,,
34,112,12,,dead,,,,,
34,76,12,,dead,,,,,
34,110,12,,dead,,,,,
35,45,1,,alive,,,,,
35,25,1,,dead,,,,,
35,59,1,,dead,,,,,
35,10,1,,dead,,,,,
35,20,1,,dead,,,,,
35,7,1,,dead,,,,,
35,13,1,,dead,,,,,
35,14,1,,dead,,,,,
35,19,1,,dead,,,,,
35,17,2,,alive,,,,,
35,35,2,,dead,,,,,
35,28,2,,dead,,,,,
35,16,2,,dead,,,,,
35,4,2,,dead,,,,,
35,66,2,,dead,,,,,
35,51,2,,dead,,,,,
35,27,2,,dead,,,,,
35,43,2,,dead,,,,,
35,9,2,,dead,,,,,
35,105,3,,alive,,,,,
35,92,3,,alive,,,,,
35,118,3,,alive,,,,,
35,86,3,,dead,,,,,
35,116,3,,dead,,,,,
35,71,3,,dead,,,,,
35,93,3,,dead,,,,,
35,100,3,,dead,,,,,
35,54,3,,dead,,,,,
35,117,3,,dead,,,,,
35,102,4,,alive,,,,,
35,101,4,,alive,,,,,
35,58,4,,alive,,,,,
35,107,4,,alive,,,,,
35,113,4,,alive,,,,,
35,96,4,,dead,,,,,
35,120,4,,dead,,,,,
35,114,4,,dead,,,,,
35,1,5,,alive,,,,,
35,37,5,,alive,,,,,
35,32,5,,alive,,,,,
35,34,5,,dead,,,,,
35,31,5,,dead,,,,,
35,11,5,,dead,,,,,
35,6,5,,dead,,,,,
35,44,6,,alive,,,,,
35,49,6,,alive,,,,,
35,40,6,,alive,,,,,
35,22,6,,dead,,,,,
35,52,6,,dead,,,,,
35,12,6,,dead,,,,,
35,72,7,,alive,,,,,
35,104,7,,alive,,,,,
35,90,7,,alive,,,,,
35,78,7,,dead,,,,,
35,89,7,,dead,,,,,
35,106,7,,dead,,,,,
35,97,7,,dead,,,,,
35,75,8,,alive,,,,,
35,103,8,,alive,,,,,
35,95,8,,alive,,,,,
35,109,8,,alive,,,,,
35,82,8,,alive,,,,,
35,115,8,,alive,,,,,
35,77,8,,dead,,,,,
35,70,8,,dead,,,,,
35,60,9,0.24,dead,,,,,
35,39,9,0.28,dead,,,,,
35,46,9,,alive,,,,,
35,26,9,,alive,,,,,
35,5,9,,dead,,,,,
35,23,9,,dead,,,,,
35,33,9,,dead,,,,,
35,63,9,,dead,,,,,
35,41,10,,dead,,,,,
35,48,10,,dead,,,,,
35,2,10,,dead,,,,,
35,3,10,,dead,,,,,
35,36,10,,dead,,,,,
35,62,10,,dead,,,,,
35,47,10,,dead,,,,,
35,42,10,,dead,,,,,
35,15,10,,dead,,,,,
35,53,10,,dead,,,,,
35,84,11,,alive,,,,,
35,119,11,,alive,,,,,
35,79,11,,alive,,,,,
35,85,11,,dead,,,,,
35,94,11,,dead,,,,,
35,61,11,,dead,,,,,
35,67,11,,dead,,,,,
35,74,11,,dead,,,,,
35,68,11,,dead,,,,,
35,55,12,0.39,dead,,,,,
35,108,12,,alive,,,,,
35,99,12,,dead,,,,,
35,111,12,,dead,,,,,
35,98,12,,dead,,,,,
35,112,12,,dead,,,,,
35,76,12,,dead,,,,,
35,110,12,,dead,,,,,
36,45,1,0.35,alive,,,,,
36,25,1,,dead,,,,,
36,59,1,,dead,,,,,
36,10,1,,dead,,,,,
36,20,1,,dead,,,,,
36,7,1,,dead,,,,,
36,13,1,,dead,,,,,
36,14,1,,dead,,,,,
36,19,1,,dead,,,,,
36,17,2,0.18,alive,,,,,
36,35,2,,dead,,,,,
36,28,2,,dead,,,,,
36,16,2,,dead,,,,,
36,4,2,,dead,,,,,
36,66,2,,dead,,,,,
36,51,2,,dead,,,,,
36,27,2,,dead,,,,,
36,43,2,,dead,,,,,
36,9,2,,dead,,,,,
36,92,3,0.25,alive,,,,,
36,118,3,0.34,alive,,,,,
36,105,3,0.35,alive,,,,,
36,86,3,,dead,,,,,
36,116,3,,dead,,,,,
36,71,3,,dead,,,,,
36,93,3,,dead,,,,,
36,100,3,,dead,,,,,
36,54,3,,dead,,,,,
36,117,3,,dead,,,,,
36,107,4,0.27,alive,,,,,
36,58,4,0.28,alive,,,,,
36,101,4,0.31,alive,,,,,
36,102,4,0.32,alive,,,,,
36,113,4,0.49,alive,,,,,
36,96,4,,dead,,,,,
36,120,4,,dead,,,,,
36,114,4,,dead,,,,,
36,37,5,0.2,alive,,,,,
36,1,5,0.28,alive,,,,,
36,32,5,0.35,alive,,,,,
36,34,5,,dead,,,,,
36,31,5,,dead,,,,,
36,11,5,,dead,,,,,
36,6,5,,dead,,,,,
36,56,6,0.21,alive,,,,,
36,49,6,0.22,alive,,,,,
36,44,6,0.36,alive,,,,,
36,40,6,0.43,alive,,,,,
36,22,6,,dead,,,,,
36,52,6,,dead,,,,,
36,12,6,,dead,,,,,
36,72,7,0.25,alive,,,,,
36,104,7,0.28,alive,,,,,
36,90,7,0.29,alive,,,,,
36,78,7,,dead,,,,,
36,89,7,,dead,,,,,
36,106,7,,dead,,,,,
36,97,7,,dead,,,,,
36,95,8,0.28,alive,,,,,
36,75,8,0.26,alive,,,,,
36,82,8,0.32,alive,,,,,
36,115,8,0.29,alive,,,,,
36,103,8,0.34,alive,,,,,
36,109,8,0.36,alive,,,,,
36,77,8,,dead,,,,,
36,70,8,,dead,,,,,
36,26,9,0.18,alive,,,,,
36,46,9,0.28,alive,,,,,
36,5,9,,dead,,,,,
36,23,9,,dead,,,,,
36,33,9,,dead,,,,,
36,63,9,,dead,,,,,
36,39,9,,dead,,,,,
36,60,9,,dead,,,,,
36,41,10,,dead,,,,,
36,48,10,,dead,,,,,
36,2,10,,dead,,,,,
36,3,10,,dead,,,,,
36,36,10,,dead,,,,,
36,62,10,,dead,,,,,
36,47,10,,dead,,,,,
36,42,10,,dead,,,,,
36,15,10,,dead,,,,,
36,53,10,,dead,,,,,
36,79,11,0.29,alive,,,,,
36,84,11,0.38,alive,,,,,
36,119,11,0.5,alive,,,,,
36,85,11,,dead,,,,,
36,94,11,,dead,,,,,
36,61,11,,dead,,,,,
36,67,11,,dead,,,,,
36,74,11,,dead,,,,,
36,68,11,,dead,,,,,
36,108,12,0.28,alive,,,,,
36,99,12,,dead,,,,,
36,111,12,,dead,,,,,
36,98,12,,dead,,,,,
36,112,12,,dead,,,,,
36,76,12,,dead,,,,,
36,110,12,,dead,,,,,
36,55,12,,dead,,,,,
4,10,1,,alive,,,,,
4,13,1,,alive,,,,,
4,45,1,,alive,,,,,
4,59,1,,alive,,,,,
4,7,1,,alive,,,,,
4,19,1,,alive,,,,,
4,14,1,,alive,,,,,
4,25,1,,alive,,,,,
4,20,1,,alive,,,,,
4,66,2,,alive,,,,,
4,16,2,,alive,,,,,
4,43,2,,alive,,,,,
4,51,2,,alive,,,,,
4,27,2,,alive,,,,,
4,4,2,,alive,,,,,
4,9,2,,alive,,,,,
4,17,2,,alive,,,,,
4,35,2,,dead,,,,,
4,28,2,,dead,,,,,
4,71,3,,alive,,,,,
4,54,3,,alive,,,,,
4,93,3,,alive,,,,,
4,100,3,,alive,,,,,
4,105,3,,alive,,,,,
4,116,3,,alive,,,,,
4,92,3,,alive,,,,,
4,117,3,,alive,,,,,
4,118,3,,alive,,,,,
4,86,3,,dead,,,,,
4,101,4,,alive,,,,,
4,102,4,,alive,,,,,
4,114,4,,alive,,,,,
4,58,4,,alive,,,,,
4,107,4,,alive,,,,,
4,113,4,,alive,,,,,
4,120,4,,alive,,,,,
4,96,4,,dead,,,,,
4,11,5,,alive,,,,,
4,31,5,,alive,,,,,
4,32,5,,alive,,,,,
4,1,5,,alive,,,,,
4,34,5,,alive,,,,,
4,37,5,,alive,,,,,
4,6,5,,alive,,,,,
4,44,6,,alive,,,,,
4,12,6,,alive,,,,,
4,52,6,,alive,,,,,
4,22,6,,alive,,,,,
4,40,6,,alive,,,,,
4,49,6,,alive,,,,,
4,56,6,,alive,,,,,
4,104,7,,alive,,,,,
4,83,7,,alive,,,,,
4,97,7,,alive,,,,,
4,90,7,,alive,,,,,
4,89,7,,alive,,,,,
4,106,7,,alive,,,,,
4,72,7,,alive,,,,,
4,78,7,,alive,,,,,
4,82,8,,alive,,,,,
4,115,8,,alive,,,,,
4,77,8,,alive,,,,,
4,75,8,,alive,,,,,
4,109,8,,,,,,,
4,70,8,,alive,,,,,
4,103,8,,alive,,,,,
4,95,8,,alive,,,,,
4,46,9,,alive,,,,,
4,26,9,,alive,,,,,
4,63,9,,alive,,,,,
4,33,9,,alive,,,,,
4,23,9,,alive,,,,,
4,5,9,,alive,,,,,
4,39,9,,alive,,,,,
4,60,9,,alive,,,,,
4,48,10,,alive,,,,,
4,36,10,,alive,,,,,
4,62,10,,alive,,,,,
4,41,10,,alive,,,,,
4,15,10,,alive,,,,,
4,3,10,,alive,,,,,
4,53,10,,alive,,,,,
4,47,10,,alive,,,,,
4,42,10,,alive,,,,,
4,2,10,,alive,,,,,
4,67,11,,alive,,,,,
4,68,11,,alive,,,,,
4,79,11,,alive,,,,,
4,61,11,,alive,,,,,
4,119,11,,alive,,,,,
4,74,11,,alive,,,,,
4,84,11,,alive,,,,,
4,94,11,,alive,,,,,
4,85,11,,dead,,,,,
4,108,12,,alive,,,,,
4,110,12,,alive,,,,,
4,112,12,,alive,,,,,
4,111,12,,alive,,,,,
4,55,12,,alive,,,,,
4,99,12,,alive,,,,,
4,98,12,,alive,,,,,
4,76,12,,alive,,,,,
5,7,1,,alive,,,,,
5,13,1,,alive,,,,,
5,19,1,,alive,,,,,
5,25,1,,alive,,,,,
5,20,1,,alive,,,,,
5,45,1,,alive,,,,,
5,59,1,,alive,,,,,
5,10,1,,alive,,,,,
5,14,1,,alive,,,,,
5,27,2,,alive,,,,,
5,66,2,,alive,,,,,
5,4,2,,alive,,,,,
5,9,2,,alive,,,,,
5,16,2,,alive,,,,,
5,43,2,,alive,,,,,
5,51,2,,alive,,,,,
5,17,2,,alive,,,,,
5,35,2,,dead,,,,,
5,28,2,,dead,,,,,
5,105,3,,alive,,,,,
5,116,3,,alive,,,,,
5,92,3,,alive,,,,,
5,117,3,,alive,,,,,
5,118,3,,alive,,,,,
5,93,3,,alive,,,,,
5,54,3,,alive,,,,,
5,71,3,,alive,,,,,
5,100,3,,alive,,,,,
5,86,3,,dead,,,,,
5,101,4,,alive,,,,,
5,107,4,,alive,,,,,
5,113,4,,alive,,,,,
5,114,4,,alive,,,,,
5,58,4,,alive,,,,,
5,102,4,,alive,,,,,
5,120,4,,alive,,,,,
5,96,4,,dead,,,,,
5,1,5,,alive,,,,,
5,11,5,,alive,,,,,
5,34,5,,alive,,,,,
5,31,5,,alive,,,,,
5,37,5,,alive,,,,,
5,6,5,,alive,,,,,
5,32,5,,alive,,,,,
5,49,6,,alive,,,,,
5,22,6,,alive,,,,,
5,44,6,,alive,,,,,
5,12,6,,alive,,,,,
5,52,6,,alive,,,,,
5,40,6,,alive,,,,,
5,56,6,,alive,,,,,
5,72,7,,alive,,,,,
5,90,7,,alive,,,,,
5,78,7,,alive,,,,,
5,104,7,,alive,,,,,
5,83,7,,alive,,,,,
5,97,7,,alive,,,,,
5,89,7,,alive,,,,,
5,106,7,,alive,,,,,
5,109,8,,,,,,,
5,115,8,,alive,,,,,
5,77,8,,alive,,,,,
5,75,8,,alive,,,,,
5,82,8,,alive,,,,,
5,70,8,,alive,,,,,
5,103,8,,alive,,,,,
5,95,8,,alive,,,,,
5,63,9,,alive,,,,,
5,26,9,,alive,,,,,
5,60,9,,alive,,,,,
5,33,9,,alive,,,,,
5,23,9,,alive,,,,,
5,5,9,,alive,,,,,
5,46,9,,alive,,,,,
5,39,9,,alive,,,,,
5,47,10,,alive,,,,,
5,42,10,,alive,,,,,
5,15,10,,alive,,,,,
5,48,10,,alive,,,,,
5,62,10,,alive,,,,,
5,3,10,,alive,,,,,
5,53,10,,alive,,,,,
5,41,10,,alive,,,,,
5,2,10,,alive,,,,,
5,36,10,,alive,,,,,
5,67,11,,alive,,,,,
5,74,11,,alive,,,,,
5,94,11,,alive,,,,,
5,61,11,,alive,,,,,
5,68,11,,alive,,,,,
5,119,11,,alive,,,,,
5,84,11,,alive,,,,,
5,79,11,,alive,,,,,
5,85,11,,dead,,,,,
5,112,12,,alive,,,,,
5,55,12,,alive,,,,,
5,99,12,,alive,,,,,
5,76,12,,alive,,,,,
5,110,12,,alive,,,,,
5,111,12,,alive,,,,,
5,108,12,,alive,,,,,
5,98,12,,alive,,,,,
6,7,1,,alive,,,,,
6,13,1,,alive,,,,,
6,19,1,,alive,,,,,
6,25,1,,alive,,,,,
6,45,1,,alive,,,,,
6,59,1,,alive,,,,,
6,10,1,,alive,,,,,
6,14,1,,alive,,,,,
6,20,1,,alive,,,,,
6,43,2,,alive,,,,,
6,27,2,,alive,,,,,
6,66,2,,alive,,,,,
6,51,2,,alive,,,,,
6,4,2,,alive,,,,,
6,9,2,,alive,,,,,
6,17,2,,alive,,,,,
6,35,2,,dead,,,,,
6,28,2,,dead,,,,,
6,116,3,,alive,,,,,
6,92,3,,alive,,,,,
6,93,3,,alive,,,,,
6,71,3,,alive,,,,,
6,54,3,,alive,,,,,
6,100,3,,alive,,,,,
6,105,3,,alive,,,,,
6,118,3,,alive,,,,,
6,86,3,,dead,,,,,
6,114,4,,alive,,,,,
6,101,4,,alive,,,,,
6,102,4,,alive,,,,,
6,113,4,,alive,,,,,
6,114,4,,alive,,,,,
6,58,4,,alive,,,,,
6,107,4,,alive,,,,,
6,120,4,,alive,,,,,
6,96,4,,dead,,,,,
6,11,5,,alive,,,,,
6,31,5,,alive,,,,,
6,37,5,,alive,,,,,
6,1,5,,alive,,,,,
6,34,5,,alive,,,,,
6,6,5,,alive,,,,,
6,32,5,,alive,,,,,
6,106,5,,alive,,,,,
6,12,6,,alive,,,,,
6,22,6,,alive,,,,,
6,56,6,,alive,,,,,
6,44,6,,alive,,,,,
6,49,6,,alive,,,,,
6,52,6,,alive,,,,,
6,40,6,,alive,,,,,
6,72,7,,alive,,,,,
6,83,7,,alive,,,,,
6,78,7,,alive,,,,,
6,104,7,,alive,,,,,
6,97,7,,alive,,,,,
6,90,7,,alive,,,,,
6,89,7,,alive,,,,,
6,109,8,,alive,,,,,
6,82,8,,alive,,,,,
6,115,8,,alive,,,,,
6,70,8,,alive,,,,,
6,75,8,,alive,,,,,
6,103,8,,alive,,,,,
6,95,8,,alive,,,,,
6,77,8,,alive,,,,,
6,63,9,,alive,,,,,
6,33,9,,alive,,,,,
6,23,9,,alive,,,,,
6,5,9,,alive,,,,,
6,46,9,,alive,,,,,
6,26,9,,alive,,,,,
6,39,9,,alive,,,,,
6,60,9,,alive,,,,,
6,47,10,,alive,,,,,
6,2,10,,alive,,,,,
6,48,10,,alive,,,,,
6,36,10,,alive,,,,,
6,62,10,,alive,,,,,
6,3,10,,alive,,,,,
6,53,10,,alive,,,,,
6,42,10,,alive,,,,,
6,41,10,,alive,,,,,
6,15,10,,alive,,,,,
6,67,11,,alive,,,,,
6,74,11,,alive,,,,,
6,61,11,,alive,,,,,
6,68,11,,alive,,,,,
6,119,11,,alive,,,,,
6,84,11,,alive,,,,,
6,94,11,,alive,,,,,
6,79,11,,alive,,,,,
6,85,11,,dead,,,,,
6,112,12,,alive,,,,,
6,111,12,,alive,,,,,
6,55,12,,alive,,,,,
6,99,12,,alive,,,,,
6,108,12,,alive,,,,,
6,98,12,,alive,,,,,
6,76,12,,alive,,,,,
6,110,12,,alive,,,,,
7,7,1,,alive,,,,,
7,13,1,,alive,,,,,
7,25,1,,alive,,,,,
7,20,1,,alive,,,,,
7,45,1,,alive,,,,,
7,59,1,,alive,,,,,
7,10,1,,alive,,,,,
7,19,1,,alive,,,,,
7,14,1,,alive,,,,,
7,43,2,,alive,,,,,
7,16,2,,alive,,,,,
7,51,2,,alive,,,,,
7,27,2,,alive,,,,,
7,66,2,,alive,,,,,
7,4,2,,alive,,,,,
7,9,2,,alive,,,,,
7,17,2,,alive,,,,,
7,35,2,,dead,,,,,
7,28,2,,dead,,,,,
7,71,3,,alive,,,,,
7,54,3,,alive,,,,,
7,100,3,,alive,,,,,
7,116,3,,alive,,,,,
7,93,3,,alive,,,,,
7,105,3,,alive,,,,,
7,92,3,,alive,,,,,
7,117,3,,alive,,,,,
7,118,3,,alive,,,,,
7,86,3,,dead,,,,,
7,101,4,,alive,,,,,
7,114,4,,alive,,,,,
7,120,4,,alive,,,,,
7,58,4,,alive,,,,,
7,102,4,,alive,,,,,
7,107,4,,alive,,,,,
7,113,4,,alive,,,,,
7,96,4,,dead,,,,,
7,1,5,,alive,,,,,
7,11,5,,alive,,,,,
7,31,5,,alive,,,,,
7,34,5,,alive,,,,,
7,37,5,,alive,,,,,
7,6,5,,alive,,,,,
7,32,5,,alive,,,,,
7,12,6,,alive,,,,,
7,49,6,,alive,,,,,
7,40,6,,alive,,,,,
7,56,6,,alive,,,,,
7,44,6,,alive,,,,,
7,52,6,,alive,,,,,
7,22,6,,alive,,,,,
7,106,7,,alive,,,,,
7,72,7,,alive,,,,,
7,90,7,,alive,,,,,
7,89,7,,alive,,,,,
7,78,7,,alive,,,,,
7,104,7,,alive,,,,,
7,83,7,,alive,,,,,
7,97,7,,alive,,,,,
7,75,8,,alive,,,,,
7,82,8,,alive,,,,,
7,115,8,,alive,,,,,
7,77,8,,alive,,,,,
7,70,8,,alive,,,,,
7,103,8,,alive,,,,,
7,95,8,,alive,,,,,
7,109,8,,alive,,,,,
7,33,9,,alive,,,,,
7,26,9,,alive,,,,,
7,23,9,,alive,,,,,
7,5,9,,alive,,,,,
7,46,9,,alive,,,,,
7,39,9,,alive,,,,,
7,63,9,,alive,,,,,
7,60,9,,alive,,,,,
7,62,10,,alive,,,,,
7,3,10,,alive,,,,,
7,53,10,,alive,,,,,
7,2,10,,alive,,,,,
7,48,10,,alive,,,,,
7,36,10,,alive,,,,,
7,47,10,,alive,,,,,
7,42,10,,alive,,,,,
7,41,10,,alive,,,,,
7,15,10,,alive,,,,,
7,74,11,,alive,,,,,
7,84,11,,alive,,,,,
7,79,11,,alive,,,,,
7,67,11,,alive,,,,,
7,61,11,,alive,,,,,
7,68,11,,alive,,,,,
7,119,11,,alive,,,,,
7,94,11,,alive,,,,,
7,85,11,,dead,,,,,
7,98,12,,alive,,,,,
7,76,12,,alive,,,,,
7,110,12,,alive,,,,,
7,55,12,,alive,,,,,
7,99,12,,alive,,,,,
7,108,12,,alive,,,,,
7,112,12,,alive,,,,,
7,111,12,,alive,,,,,
8,10,1,0.18,alive,99.34,4.92000657,6.30068106,0.08487421,0
8,7,1,0.14,alive,90.19,4.920981671,5.20451337,0.056983054,0
8,25,1,0.15,alive,96.89,5.493605098,3.430788269,0.046640452,0
8,13,1,0.17,alive,61.49,4.330990042,5.831093728,0.055872622,0
8,59,1,0.19,alive,64.39,4.576830097,4.180212829,0.046766678,0
8,20,1,0.19,alive,102.4,4.865877894,6.156898098,0.108391092,1
8,14,1,0.23,alive,90.87,5.227462447,4.111660319,0.050096737,1
8,19,1,0.36,alive,87.42,4.96081616,4.951418579,0.049718987,1
8,45,1,0.47,alive,82.96,5.357747152,6.264138451,0.082218917,0
8,16,2,0.12,alive,73.78,4.486973289,3.832922827,0.047145461,1
8,4,2,0.15,alive,78.86,4.899020723,4.663266716,0.045083027,0
8,9,2,0.2,alive,89.09,4.371845183,6.64820148,0.088403119,0
8,51,2,0.2,alive,77.81,4.084202134,4.228108985,0.050836176,0
8,17,2,0.21,alive,96.1,5.121750017,5.970947752,0.091384498,0
8,66,2,0.24,alive,89.41,4.735626845,4.996356777,0.070985689,0
8,27,2,0.34,alive,96.99,5.050242518,7.3916623,0.114147894,0
8,43,2,0.53,alive,104.62,5.573711746,3.572633472,0.041638344,0
8,35,2,,dead,,,,,0
8,28,2,,dead,,,,,0
8,116,3,0.21,alive,,,,,0
8,54,3,0.22,alive,,,,,1
8,100,3,0.23,alive,,,,,0
8,71,3,0.23,alive,75.44,3.75868019,6.882954841,0.093568187,1
8,92,3,0.38,alive,,,,,0
8,93,3,0.4,alive,93.53,5.358755698,3.38217089,0.039550324,1
8,118,3,0.42,alive,,,,,1
8,105,3,0.47,alive,96.04,5.372808456,5.223799704,0.08351541,0
8,117,3,0.5,alive,88.63,4.251333718,4.636268184,0.067389713,0
8,86,3,,dead,,,,,0
8,120,4,0.21,alive,,,,,1
8,114,4,0.21,alive,82,4.537164157,4.385583168,0.054037371,1
8,107,4,0.38,alive,,,,,0
8,58,4,0.39,alive,82.16,3.966322878,3.348473998,0.041216112,1
8,101,4,0.42,alive,86.43,4.399850778,9.046248257,0.131571563,1
8,102,4,0.45,alive,66.91,3.806148667,7.552478433,0.093799951,1
8,113,4,0.63,alive,,,,,0
8,96,4,,dead,,,,,0
8,31,5,0.21,alive,122,5.136520066,7.066713239,0.117085122,0
8,37,5,0.24,alive,,,,,1
8,6,5,0.32,alive,,,,,0
8,11,5,0.42,alive,,,,,0
8,34,5,0.33,alive,63.08,3.989075992,5.929392793,0.068116159,0
8,1,5,0.4,alive,76.98,4.456251992,4.097597439,0.046313246,1
8,32,5,0.55,alive,56.53,4.081134225,7.292667781,0.094777234,0
8,22,6,0.22,alive,74.53,4.279278236,3.881649271,0.042762467,0
8,12,6,0.23,alive,,,,,0
8,52,6,0.27,alive,67.91,4.182925852,4.938535776,0.066671759,0
8,56,6,0.31,alive,74.33,4.447346275,4.348656965,0.060301902,0
8,49,6,0.33,alive,,,,,0
8,44,6,0.52,alive,,,,,1
8,40,6,0.61,alive,74.81,4.552044718,6.770359512,0.105171469,0
8,106,7,0.25,alive,66.65,3.864824535,6.41290935,0.098657025,0
8,78,7,0.24,alive,,,,,0
8,89,7,0.25,alive,,,,,1
8,72,7,0.32,alive,,,,,0
8,90,7,0.39,alive,,,,,1
8,97,7,0.27,alive,108.29,5.172372216,6.903227663,0.096107855,1
8,83,7,0.36,alive,93.57,4.632461222,8.129393843,0.104939405,1
8,104,7,0.39,alive,89,4.1584768,7.409092907,0.101118099,0
8,77,8,0.21,alive,,,,,0
8,70,8,0.29,alive,,,,,0
8,95,8,0.35,alive,,,,,0
8,75,8,0.38,alive,143.5,5.170819445,12.4939381,0.234055498,0
8,115,8,0.39,alive,72.89,4.514611519,8.664228282,0.096515829,0
8,82,8,0.4,alive,94.54,5.305647839,4.78677475,0.055083829,1
8,103,8,0.41,alive,,,,,0
8,109,8,0.52,alive,114.58,4.8308353,7.804973627,0.124551792,1
8,5,9,0.11,alive,75.75,3.927049423,5.740613091,0.070894612,0
8,23,9,0.17,alive,68.56,4.390807661,4.067826966,0.049106346,0
8,33,9,0.2,alive,,,,,0
8,26,9,0.2,alive,68.85,4.26963675,4.287037281,0.052617301,0
8,63,9,0.25,alive,,,,,0
8,60,9,0.33,alive,,,,,0
8,39,9,0.34,alive,,,,,0
8,46,9,0.4,alive,78.3,4.130448651,6.714812359,0.094908826,0
8,41,10,0.16,alive,78.44,4.195524311,7.483387132,0.084853785,0
8,3,10,0.19,alive,85.91,4.752660074,6.90338583,0.081834493,0
8,36,10,0.21,alive,61.76,4.228618228,6.364707276,0.076114334,0
8,62,10,0.28,alive,86.17,5.095165068,6.489145138,0.067333744,0
8,2,10,0.22,alive,73.66,4.495160136,10.02037257,0.100412527,1
8,15,10,0.25,alive,68.36,4.411921407,7.494880952,0.076688535,1
8,47,10,0.39,alive,91.47,4.262723083,8.362724397,0.10832743,1
8,48,10,0.41,alive,79.96,4.433390294,6.852840852,0.084620495,0
8,53,10,0.45,alive,67.19,4.249052182,6.0406988,0.076616827,0
8,42,10,0.57,alive,57.98,3.725370295,5.643348884,0.053907746,1
8,74,11,0.28,alive,,,,,0
8,67,11,0.32,alive,,,,,1
8,94,11,0.36,alive,120.22,4.760061115,13.58506105,0.226731551,0
8,79,11,0.4,alive,81.7,4.751395329,7.584911445,0.087687334,0
8,68,11,0.39,alive,,,,,0
8,84,11,0.59,alive,160.87,5.921464124,4.033053628,0.042197015,0
8,61,11,0.54,alive,83.19,4.525338315,5.550997155,0.06943992,1
8,119,11,0.65,alive,,,,,1
8,85,11,,dead,,,,,0
8,99,12,0.16,alive,83.53,4.648134197,5.515271309,0.059073324,0
8,98,12,0.25,alive,80.26,4.480304824,4.915188911,0.071385302,0
8,112,12,0.32,alive,,,,,0
8,110,12,0.34,alive,,,,,0
8,111,12,0.31,alive,,,,,1
8,108,12,0.38,alive,80.49,4.281732397,5.48239438,0.052318232,0
8,76,12,0.45,alive,,,,,0
8,55,12,0.48,alive,66.78,4.446267303,6.687527791,0.083360525,1
9,25,1,0.16,dead,,,,,
9,7,1,,alive,,,,,
9,45,1,,alive,,,,,
9,59,1,,alive,,,,,
9,10,1,,alive,,,,,
9,13,1,,alive,,,,,
9,19,1,,alive,,,,,
9,14,1,,alive,,,,,
9,20,1,,alive,,,,,
9,27,2,,alive,,,,,
9,9,2,,alive,,,,,
9,16,2,,alive,,,,,
9,43,2,,alive,,,,,
9,51,2,,alive,,,,,
9,66,2,,alive,,,,,
9,4,2,,alive,,,,,
9,17,2,,alive,,,,,
9,35,2,,dead,,,,,
9,28,2,,dead,,,,,
9,71,3,,alive,,,,,
9,54,3,,alive,,,,,
9,105,3,,alive,,,,,
9,116,3,,alive,,,,,
9,93,3,,alive,,,,,
9,100,3,,alive,,,,,
9,92,3,,alive,,,,,
9,117,3,,alive,,,,,
9,118,3,,alive,,,,,
9,86,3,,dead,,,,,
9,101,4,,alive,,,,,
9,58,4,,alive,,,,,
9,102,4,,alive,,,,,
9,107,4,,alive,,,,,
9,113,4,,alive,,,,,
9,114,4,,alive,,,,,
9,120,4,,alive,,,,,
9,96,4,,dead,,,,,
9,31,5,,alive,,,,,
9,34,5,,alive,,,,,
9,37,5,,alive,,,,,
9,1,5,,alive,,,,,
9,11,5,,alive,,,,,
9,6,5,,alive,,,,,
9,32,5,,alive,,,,,
9,44,6,,alive,,,,,
9,12,6,,alive,,,,,
9,22,6,,alive,,,,,
9,56,6,,alive,,,,,
9,49,6,,alive,,,,,
9,52,6,,alive,,,,,
9,40,6,,alive,,,,,
9,72,7,,alive,,,,,
9,97,7,,alive,,,,,
9,90,7,,alive,,,,,
9,89,7,,alive,,,,,
9,106,7,,alive,,,,,
9,78,7,,alive,,,,,
9,104,7,,alive,,,,,
9,83,7,,alive,,,,,
9,115,8,,alive,,,,,
9,70,8,,alive,,,,,
9,75,8,,alive,,,,,
9,103,8,,alive,,,,,
9,95,8,,alive,,,,,
9,109,8,,alive,,,,,
9,82,8,,alive,,,,,
9,77,8,,alive,,,,,
9,5,9,0.11,dead,,,,,
9,33,9,,alive,,,,,
9,23,9,,alive,,,,,
9,46,9,,alive,,,,,
9,26,9,,alive,,,,,
9,39,9,,alive,,,,,
9,63,9,,alive,,,,,
9,60,9,,alive,,,,,
9,41,10,0.16,dead,,,,,
9,62,10,,alive,,,,,
9,47,10,,alive,,,,,
9,15,10,,alive,,,,,
9,48,10,,alive,,,,,
9,36,10,,alive,,,,,
9,3,10,,alive,,,,,
9,53,10,,alive,,,,,
9,42,10,,alive,,,,,
9,2,10,,alive,,,,,
9,94,11,0.3,dead,,,,,
9,67,11,,alive,,,,,
9,61,11,,alive,,,,,
9,68,11,,alive,,,,,
9,119,11,,alive,,,,,
9,74,11,,alive,,,,,
9,84,11,,alive,,,,,
9,79,11,,alive,,,,,
9,85,11,,dead,,,,,
9,108,12,,alive,,,,,
9,76,12,,alive,,,,,
9,112,12,,alive,,,,,
9,55,12,,alive,,,,,
9,99,12,,alive,,,,,
9,98,12,,alive,,,,,
9,110,12,,alive,,,,,
9,111,12,,alive,,,,,