pathogen_type.x,study_id,study_exp_id,publication_year,treatment,trait_type,trait,n_infection_measure,T_time_post,C_time_post,share_animal_ID,share_value_ID,T_cohort_ID,n_T_animals,n_T_replicates,error_T_n,C_cohort_ID,C_prevalence,C_mortality,n_C_animals,n_C_replicates,error_C_n,trait_unit,flag_unit_transformed,error_type,mean_T_trait_initial,error_T_trait,mean_C_trait_initial,error_C_trait,Data_inclusiveness_flag,host_species,AmphibiaWeb_species,family,host_origin,known_sex,life_stage_treated,life_stage_tested,life_stage_matched,Location_post_exposure,lineage,pathogen_virulence,pathogen_origin,pathogen_matched_or_not,pathogen_passage_history,year_isolation,time_interval,SD_T_initial,SD_C_initial,exp_id,T_ID,C_ID
Bd,Adams_et_al_2022,Bd_Adams_et_al_2022_1,2022,live_pathogen,mortality,mortality,NA,21,21,1,1,1,19,19,NA,1,88.23529412,0,20,20,NA,%,FALSE,SE,0,NA,0,NA,FALSE,Rana draytonii,Rana draytonii,Ranidae,wild,yes,adult,adult,SAME,laboratory,unclear,"high (CJB5, CJB7) + low (TST77, CJB4)","Rana sierrae (TST77, CJB4) and Rana muscosa (CJB5, CJB7)",same,unclear,unclear,20,NA,NA,1,1_T_1,1_C_1
Bd,Adams_et_al_2022,Bd_Adams_et_al_2022_1,2022,live_pathogen,prevalence_peak,prevalence,2,15,15,1,2,1,19,19,NA,1,NA,0,17,17,NA,%,FALSE,NA,63.15789474,NA,88.23529412,NA,FALSE,Rana draytonii,Rana draytonii,Ranidae,wild,yes,adult,adult,SAME,laboratory,unclear,"high (CJB5, CJB7) + low (TST77, CJB4)","Rana sierrae (TST77, CJB4) and Rana muscosa (CJB5, CJB7)",same,unclear,unclear,20,NA,NA,1,2_T_1,2_C_1
Bd,Adams_et_al_2022,Bd_Adams_et_al_2022_1,2022,live_pathogen,intensity_peak,intensity,2,15.857143,15.75,1,3,1,14,14,14,1,88.23529412,0,16,16,16,zoospore equivalents,FALSE,SD,31.82071,47.16964,586.2825,795.94058,FALSE,Rana draytonii,Rana draytonii,Ranidae,wild,yes,adult,adult,SAME,laboratory,unclear,"high (CJB5, CJB7) + low (TST77, CJB4)","Rana sierrae (TST77, CJB4) and Rana muscosa (CJB5, CJB7)",same,unclear,unclear,20,47.16964,795.94058,1,3_T_1,3_C_1
Bd,Adams_et_al_2022,Bd_Adams_et_al_2022_2,2022,live_pathogen,mortality,mortality,NA,20,20,1,4,1,10,10,NA,1,100,0,40,40,NA,%,FALSE,SE,0,NA,0,NA,FALSE,Rana draytonii,Rana draytonii,Ranidae,wild,yes,adult,adult,SAME,laboratory,unclear,"high (CJB5, CJB7) + low (TST77, CJB4)","Rana sierrae (TST77, CJB4) and Rana muscosa (CJB5, CJB7)",same,unclear,unclear,332,NA,NA,2,4_T_1,4_C_1
Bd,Adams_et_al_2022,Bd_Adams_et_al_2022_2,2022,live_pathogen,mortality,mortality,NA,20,20,1,4,2,10,10,NA,1,100,0,40,40,NA,%,FALSE,SE,0,NA,0,NA,FALSE,Rana draytonii,Rana draytonii,Ranidae,wild,yes,adult,adult,SAME,laboratory,unclear,"high (CJB5, CJB7) + low (TST77, CJB4)","Rana sierrae (TST77, CJB4) and Rana muscosa (CJB5, CJB7)",same,unclear,unclear,332,NA,NA,2,4_T_2,4_C_1
Bd,Adams_et_al_2022,Bd_Adams_et_al_2022_2,2022,live_pathogen,prevalence_peak,prevalence,3,5,5,1,5,1,9,9,NA,1,NA,0,36,36,NA,%,FALSE,NA,100,NA,100,NA,FALSE,Rana draytonii,Rana draytonii,Ranidae,wild,yes,adult,adult,SAME,laboratory,unclear,"high (CJB5, CJB7) + low (TST77, CJB4)","Rana sierrae (TST77, CJB4) and Rana muscosa (CJB5, CJB7)",same,unclear,unclear,332,NA,NA,2,5_T_1,5_C_1
Bd,Adams_et_al_2022,Bd_Adams_et_al_2022_2,2022,live_pathogen,prevalence_peak,prevalence,3,5,5,1,5,2,9,9,NA,1,NA,0,36,36,NA,%,FALSE,NA,100,NA,100,NA,FALSE,Rana draytonii,Rana draytonii,Ranidae,wild,yes,adult,adult,SAME,laboratory,unclear,"high (CJB5, CJB7) + low (TST77, CJB4)","Rana sierrae (TST77, CJB4) and Rana muscosa (CJB5, CJB7)",same,unclear,unclear,332,NA,NA,2,5_T_2,5_C_1
Bd,Adams_et_al_2022,Bd_Adams_et_al_2022_2,2022,live_pathogen,intensity_peak,intensity,3,6.666667,10.472222,1,6,1,9,9,9,1,100,0,36,36,36,zoospore equivalents,FALSE,SD,762.87,375.79127,2858.02889,3436.01343,FALSE,Rana draytonii,Rana draytonii,Ranidae,wild,yes,adult,adult,SAME,laboratory,unclear,"high (CJB5, CJB7) + low (TST77, CJB4)","Rana sierrae (TST77, CJB4) and Rana muscosa (CJB5, CJB7)",same,unclear,unclear,332,375.79127,3436.01343,2,6_T_1,6_C_1
Bd,Adams_et_al_2022,Bd_Adams_et_al_2022_2,2022,live_pathogen,intensity_peak,intensity,3,9.222222,10.472222,1,6,2,9,9,9,1,100,0,36,36,36,zoospore equivalents,FALSE,SD,831.44889,1279.00743,2858.02889,3436.01343,FALSE,Rana draytonii,Rana draytonii,Ranidae,wild,yes,adult,adult,SAME,laboratory,unclear,"high (CJB5, CJB7) + low (TST77, CJB4)","Rana sierrae (TST77, CJB4) and Rana muscosa (CJB5, CJB7)",same,unclear,unclear,332,1279.00743,3436.01343,2,6_T_2,6_C_1
Bd,Barnett_et_al_2021,Bd_Barnett_et_al_2021_1,2021,natural_chem,mortality,mortality,NA,16,16,48,122,1,16,16,NA,1,86.66666667,6.25,16,16,NA,%,FALSE,NA,12.5,NA,6.25,NA,FALSE,Osteopilus septentrionalis,Osteopilus septentrionalis,Hylidae,wild,no,adult,adult,SAME,laboratory,unclear,low,unclear,same,unclear,unclear,1,NA,NA,1,122_T_1,122_C_1
Bd,Barnett_et_al_2021,Bd_Barnett_et_al_2021_1,2021,natural_chem,mortality,mortality,NA,16,16,48,122,2,14,14,NA,1,86.66666667,6.25,16,16,NA,%,FALSE,NA,0,NA,6.25,NA,FALSE,Osteopilus septentrionalis,Osteopilus septentrionalis,Hylidae,wild,no,adult,adult,SAME,laboratory,unclear,low,unclear,different,unclear,unclear,1,NA,NA,1,122_T_2,122_C_1
Bd,Barnett_et_al_2021,Bd_Barnett_et_al_2021_1,2021,natural_chem,prevalence_other,prevalence,1,16,16,48,123,1,14,14,NA,1,NA,6.25,15,15,NA,%,FALSE,NA,57.14285714,NA,86.66666667,NA,FALSE,Osteopilus septentrionalis,Osteopilus septentrionalis,Hylidae,wild,no,adult,adult,SAME,laboratory,unclear,low,unclear,same,unclear,unclear,1,NA,NA,1,123_T_1,123_C_1
Bd,Barnett_et_al_2021,Bd_Barnett_et_al_2021_1,2021,natural_chem,prevalence_other,prevalence,1,16,16,48,123,2,14,14,NA,1,NA,6.25,15,15,NA,%,FALSE,NA,50,NA,86.66666667,NA,FALSE,Osteopilus septentrionalis,Osteopilus septentrionalis,Hylidae,wild,no,adult,adult,SAME,laboratory,unclear,low,unclear,different,unclear,unclear,1,NA,NA,1,123_T_2,123_C_1
Bd,Barnett_et_al_2021,Bd_Barnett_et_al_2021_1,2021,natural_chem,intensity_other,intensity,1,16,16,48,124,1,8,8,8,1,86.66666667,6.25,13,13,13,# of zoospores ,FALSE,SD,3404.23828,9302.50334,28.98333,59.50239,FALSE,Osteopilus septentrionalis,Osteopilus septentrionalis,Hylidae,wild,no,adult,adult,SAME,laboratory,unclear,low,unclear,same,unclear,unclear,1,9302.50334,59.50239,1,124_T_1,124_C_1
Bd,Barnett_et_al_2021,Bd_Barnett_et_al_2021_1,2021,natural_chem,intensity_other,intensity,1,16,16,48,124,2,7,7,7,1,86.66666667,6.25,13,13,13,# of zoospores ,FALSE,SD,1377.78911,3558.42183,28.98333,59.50239,FALSE,Osteopilus septentrionalis,Osteopilus septentrionalis,Hylidae,wild,no,adult,adult,SAME,laboratory,unclear,low,unclear,different,unclear,unclear,1,3558.42183,59.50239,1,124_T_2,124_C_1
Bd,Barnett_et_al_2021,Bd_Barnett_et_al_2021_2,2021,natural_chem,mortality,mortality,NA,16,16,49,125,1,15,15,NA,1,64.28571429,12.5,16,16,NA,%,FALSE,NA,0,NA,12.5,NA,FALSE,Osteopilus septentrionalis,Osteopilus septentrionalis,Hylidae,wild,no,adult,adult,SAME,laboratory,unclear,high,unclear,different,unclear,2004,1,NA,NA,2,125_T_1,125_C_1
Bd,Barnett_et_al_2021,Bd_Barnett_et_al_2021_2,2021,natural_chem,mortality,mortality,NA,16,16,49,125,2,14,14,NA,1,64.28571429,12.5,16,16,NA,%,FALSE,NA,14.28571429,NA,12.5,NA,FALSE,Osteopilus septentrionalis,Osteopilus septentrionalis,Hylidae,wild,no,adult,adult,SAME,laboratory,unclear,high,unclear,same,unclear,2004,1,NA,NA,2,125_T_2,125_C_1
Bd,Barnett_et_al_2021,Bd_Barnett_et_al_2021_2,2021,natural_chem,prevalence_other,prevalence,1,16,16,49,126,1,15,15,NA,1,NA,12.5,14,14,NA,%,FALSE,NA,53.33333333,NA,64.28571429,NA,FALSE,Osteopilus septentrionalis,Osteopilus septentrionalis,Hylidae,wild,no,adult,adult,SAME,laboratory,unclear,high,unclear,different,unclear,2004,1,NA,NA,2,126_T_1,126_C_1
Bd,Barnett_et_al_2021,Bd_Barnett_et_al_2021_2,2021,natural_chem,prevalence_other,prevalence,1,16,16,49,126,2,12,12,NA,1,NA,12.5,14,14,NA,%,FALSE,NA,83.33333333,NA,64.28571429,NA,FALSE,Osteopilus septentrionalis,Osteopilus septentrionalis,Hylidae,wild,no,adult,adult,SAME,laboratory,unclear,high,unclear,same,unclear,2004,1,NA,NA,2,126_T_2,126_C_1
Bd,Barnett_et_al_2021,Bd_Barnett_et_al_2021_2,2021,natural_chem,intensity_other,intensity,1,16,16,49,127,1,8,8,8,1,64.28571429,12.5,9,9,9,# of zoospores ,FALSE,SD,68.99407,80.04865,400.84158,894.53351,FALSE,Osteopilus septentrionalis,Osteopilus septentrionalis,Hylidae,wild,no,adult,adult,SAME,laboratory,unclear,high,unclear,different,unclear,2004,1,80.04865,894.53351,2,127_T_1,127_C_1
Bd,Barnett_et_al_2021,Bd_Barnett_et_al_2021_2,2021,natural_chem,intensity_other,intensity,1,16,16,49,127,2,10,10,10,1,64.28571429,12.5,9,9,9,# of zoospores ,FALSE,SD,11171.18958,26331.1281,400.84158,894.53351,FALSE,Osteopilus septentrionalis,Osteopilus septentrionalis,Hylidae,wild,no,adult,adult,SAME,laboratory,unclear,high,unclear,same,unclear,2004,1,26331.1281,894.53351,2,127_T_2,127_C_1
Bd,Barnett_et_al_2023,Bd_Barnett_et_al_2023_1,2023,natural_chem,prevalence_other,prevalence,1,12,12,47,120,1,28.2,28.2,NA,1,NA,,28.2,28.2,NA,%,FALSE,SE,58.03571599,NA,74.77678742,NA,FALSE,Pseudacris regilla,Pseudacris regilla,Hylidae,wild,no,larva,larva,SAME,laboratory,unclear,unclear,unclear,same,unclear,unclear,1,NA,NA,1,120_T_1,120_C_1
Bd,Barnett_et_al_2023,Bd_Barnett_et_al_2023_1,2023,natural_chem,intensity_other,intensity,1,12,12,47,121,1,16.36607191,16.36607191,16.36607191,1,74.77678742,,21.08705405,21.08705405,21.08705405,# of In (genome equivalents),ln(X)_NOSD,SE,7.903587444,0.8449,11.30044843,0.818,FALSE,Pseudacris regilla,Pseudacris regilla,Hylidae,wild,no,larva,larva,SAME,laboratory,unclear,unclear,unclear,same,unclear,unclear,1,NA,NA,1,121_T_1,121_C_1
Bd,Becker_et_al_2009,Bd_Becker_et_al_2009_1,2009,probiotic,mortality,mortality,NA,13,13,57,144,1,15,15,NA,1,NA,43.75,16,16,NA,%,FALSE,NA,26.66666667,NA,43.75,NA,MAYBE,Plethodon cinereus,Plethodon cinereus,Plethodontidae,wild,no,adult,adult,SAME,laboratory,unclear,unclear,unclear,NA,unclear,unclear,3,NA,NA,1,144_T_1,144_C_1
Bd,Becker_et_al_2011,Bd_Becker_et_al_2011_1,2011,probiotic,mortality,mortality,NA,116,109,32,82,1,20,20,NA,1,NA,100,20,20,NA,%,FALSE,NA,100,NA,100,NA,FALSE,Atelopus zeteki,Atelopus zeteki,Bufonidae,captive,no,juvenile,juvenile,SAME,laboratory,unclear,unclear,Smilisca phaeota,NA,unclear,unclear,2,NA,NA,1,82_T_1,82_C_1
Bd,Becker_et_al_2011,Bd_Becker_et_al_2011_1,2011,probiotic,intensity_peak,intensity,5,39,39,32,83,1,20,20,20,1,NA,100,20,20,20,# of log 10 (genomic equivalent),log10(X),SE,4.030769113,0.106153846,4.415384498,0.134615385,TRUE,Atelopus zeteki,Atelopus zeteki,Bufonidae,captive,no,juvenile,juvenile,SAME,laboratory,unclear,unclear,Smilisca phaeota,NA,unclear,unclear,2,0.4747,0.602,1,83_T_1,83_C_1
Bd,Becker_et_al_2015,Bd_Becker_et_al_2015_1,2015,probiotic,mortality,mortality,NA,241,241,31,80,1,7,7,NA,1,0,49.89429175,8,8,NA,%,FALSE,NA,28.75264271,NA,49.89429175,NA,FALSE,Atelopus zeteki,Atelopus zeteki,Bufonidae,captive,no,adult,adult,SAME,laboratory,unclear,unclear,Smilisca phaeota,NA,unclear,unclear,3,NA,NA,1,80_T_1,80_C_1
Bd,Becker_et_al_2015,Bd_Becker_et_al_2015_1,2015,probiotic,mortality,mortality,NA,241,241,31,80,2,7,7,NA,1,0,49.89429175,8,8,NA,%,FALSE,NA,71.24735729,NA,49.89429175,NA,FALSE,Atelopus zeteki,Atelopus zeteki,Bufonidae,captive,no,adult,adult,SAME,laboratory,unclear,unclear,Smilisca phaeota,NA,unclear,unclear,3,NA,NA,1,80_T_2,80_C_1
Bd,Becker_et_al_2015,Bd_Becker_et_al_2015_1,2015,probiotic,mortality,mortality,NA,241,241,31,80,3,7,7,NA,1,0,49.89429175,8,8,NA,%,FALSE,NA,71.45877378,NA,49.89429175,NA,FALSE,Atelopus zeteki,Atelopus zeteki,Bufonidae,captive,no,adult,adult,SAME,laboratory,unclear,unclear,Smilisca phaeota,NA,unclear,unclear,3,NA,NA,1,80_T_3,80_C_1
Bd,Becker_et_al_2015,Bd_Becker_et_al_2015_1,2015,probiotic,mortality,mortality,NA,241,241,31,80,4,8,8,NA,1,0,49.89429175,8,8,NA,%,FALSE,NA,87.31501057,NA,49.89429175,NA,FALSE,Atelopus zeteki,Atelopus zeteki,Bufonidae,captive,no,adult,adult,SAME,laboratory,unclear,unclear,Smilisca phaeota,NA,unclear,unclear,3,NA,NA,1,80_T_4,80_C_1
Bd,Becker_et_al_2015,Bd_Becker_et_al_2015_1,2015,probiotic,prevalence_other,prevalence,1,241,241,31,81,1,5,5,NA,1,NA,49.89429175,4,4,NA,%,FALSE,NA,80,NA,0,NA,FALSE,Atelopus zeteki,Atelopus zeteki,Bufonidae,captive,no,adult,adult,SAME,laboratory,unclear,unclear,Smilisca phaeota,NA,unclear,unclear,3,NA,NA,1,81_T_1,81_C_1
Bd,Becker_et_al_2015,Bd_Becker_et_al_2015_1,2015,probiotic,prevalence_other,prevalence,1,241,241,31,81,2,2,2,NA,1,NA,49.89429175,4,4,NA,%,FALSE,NA,100,NA,0,NA,FALSE,Atelopus zeteki,Atelopus zeteki,Bufonidae,captive,no,adult,adult,SAME,laboratory,unclear,unclear,Smilisca phaeota,NA,unclear,unclear,3,NA,NA,1,81_T_2,81_C_1
Bd,Becker_et_al_2015,Bd_Becker_et_al_2015_1,2015,probiotic,prevalence_other,prevalence,1,241,241,31,81,3,2,2,NA,1,NA,49.89429175,4,4,NA,%,FALSE,NA,100,NA,0,NA,FALSE,Atelopus zeteki,Atelopus zeteki,Bufonidae,captive,no,adult,adult,SAME,laboratory,unclear,unclear,Smilisca phaeota,NA,unclear,unclear,3,NA,NA,1,81_T_3,81_C_1
Bd,Becker_et_al_2015,Bd_Becker_et_al_2015_1,2015,probiotic,prevalence_other,prevalence,1,241,241,31,81,4,1,1,NA,1,NA,49.89429175,4,4,NA,%,FALSE,NA,100,NA,0,NA,FALSE,Atelopus zeteki,Atelopus zeteki,Bufonidae,captive,no,adult,adult,SAME,laboratory,unclear,unclear,Smilisca phaeota,NA,unclear,unclear,3,NA,NA,1,81_T_4,81_C_1
Bd,Becker_et_al_2021,Bd_Becker_et_al_2021_1,2021,probiotic,mortality,mortality,NA,89.86175115,90.03456221,36,93,2,17,17,NA,1,100,95.07772021,28,28,NA,%,FALSE,NA,93.00518135,NA,95.07772021,NA,FALSE,Atelopus zeteki,Atelopus zeteki,Bufonidae,captive,no,juvenile,adult,DIFFERENT,laboratory,GPL,high,Hylomantis lemur,NA,unclear,unclear,1,NA,NA,1,93_T_2,93_C_1
Bd,Becker_et_al_2021,Bd_Becker_et_al_2021_1,2021,probiotic,prevalence_average,prevalence,3,28,28,36,94,2,17,17,NA,1,NA,95.07772021,28,28,NA,%,FALSE,NA,100,NA,100,NA,FALSE,Atelopus zeteki,Atelopus zeteki,Bufonidae,captive,no,juvenile,adult,DIFFERENT,laboratory,GPL,high,Hylomantis lemur,NA,unclear,unclear,1,NA,NA,1,94_T_2,94_C_1
Bd,Becker_et_al_2021,Bd_Becker_et_al_2021_1,2021,probiotic,intensity_peak,intensity,3,56,56,36,95,2,13,13,13,1,100,95.07772021,22,22,22,# of log 10 (zoospores equivalents + 1),log10(X+1)_NOSD,SE,4.534606205,4.009546539,4.868735084,4.486873508,TRUE,Atelopus zeteki,Atelopus zeteki,Bufonidae,captive,no,juvenile,adult,DIFFERENT,laboratory,GPL,high,Hylomantis lemur,NA,unclear,unclear,1,NA,NA,1,95_T_2,95_C_1
Bd,Cashins_et_al_2013,Bd_Cashins_et_al_2013_1,2013,synthetic_antiparastics,mortality,mortality,NA,70,70,28,71,2,11,11,NA,2,16.66666667,14.28571429,28,28,NA,%,FALSE,NA,18.182,NA,14.28571429,NA,FALSE,Litoria booroolongensis,Rhyaconastes booroolongensis,Hylidae,captive,no,juvenile,juvenile,SAME,laboratory,unclear,unclear, Litoria booroolongensis,NA,unclear,unclear,80,NA,NA,1,71_C_1,71_C_2
Bd,Cashins_et_al_2013,Bd_Cashins_et_al_2013_1,2013,synthetic_antiparastics,prevalence_other,prevalence,1,70,70,28,72,2,9,9,NA,2,NA,14.28571429,24,24,NA,%,FALSE,NA,33.333,NA,16.66666667,NA,FALSE,Litoria booroolongensis,Rhyaconastes booroolongensis,Hylidae,captive,no,juvenile,juvenile,SAME,laboratory,unclear,unclear, Litoria booroolongensis,NA,unclear,unclear,80,NA,NA,1,72_C_1,72_C_2
Bd,Cashins_et_al_2013,Bd_Cashins_et_al_2013_1,2013,synthetic_antiparastics,intensity_peak,intensity,4,21,14,28,73,2,11,11,11,2,16.66666667,14.28571429,28,28,28,# of log 10 (zoospores + 1),log10(X+1)_NOSD,NA,3.325,NA,3.04556962,NA,MAYBE,Litoria booroolongensis,Rhyaconastes booroolongensis,Hylidae,captive,no,juvenile,juvenile,SAME,laboratory,unclear,unclear, Litoria booroolongensis,NA,unclear,unclear,80,NA,NA,1,73_C_1,73_C_2
Bd,Cashins_et_al_2013,Bd_Cashins_et_al_2013_1,2013,live_pathogen,mortality,mortality,NA,70,70,28,71,1,32,32,NA,1,33.333,18.182,11,11,NA,%,FALSE,NA,15.625,NA,18.182,NA,FALSE,Litoria booroolongensis,Rhyaconastes booroolongensis,Hylidae,captive,no,juvenile,juvenile,SAME,laboratory,unclear,unclear, Litoria booroolongensis,same,unclear,unclear,80,NA,NA,1,71_T_1,71_C_1
Bd,Cashins_et_al_2013,Bd_Cashins_et_al_2013_1,2013,live_pathogen,prevalence_other,prevalence,1,70,70,28,72,1,27,27,NA,1,NA,18.182,9,9,NA,%,FALSE,NA,14.815,NA,33.333,NA,FALSE,Litoria booroolongensis,Rhyaconastes booroolongensis,Hylidae,captive,no,juvenile,juvenile,SAME,laboratory,unclear,unclear, Litoria booroolongensis,same,unclear,unclear,80,NA,NA,1,72_T_1,72_C_1
Bd,Cashins_et_al_2013,Bd_Cashins_et_al_2013_1,2013,live_pathogen,intensity_peak,intensity,4,35,21,28,73,1,32,32,32,1,33.333,18.182,11,11,11,# of log 10 (zoospores + 1),log10(X+1)_NOSD,NA,3.02,NA,3.325,NA,MAYBE,Litoria booroolongensis,Rhyaconastes booroolongensis,Hylidae,captive,no,juvenile,juvenile,SAME,laboratory,unclear,unclear, Litoria booroolongensis,same,unclear,unclear,80,NA,NA,1,73_T_1,73_C_1
Bd,Davidson_et_al_2012,Bd_Davidson_et_al_2012_1,2012,live_pathogen,intensity_other,intensity,1,NA,NA,46,119,1,22,22,22,1,NA,,8,8,8,# of genome equivalents,FALSE,SE,300,1135,2132,4780,FALSE,Ambystoma tigrinum,Ambystoma tigrinum,Ambystomatidae,NA,no,juvenile,juvenile,SAME,laboratory,unclear,unclear,Pseudacris triseriata,same,unclear,unclear,180,5323.621887,13519.88166,1,119_T_1,119_C_1
Bd,Ellison_et_al_2014,Bd_Ellison_et_al_2014_1,2014,live_pathogen,prevalence_other,prevalence,1,8,8,6,78,1,2,2,NA,1,NA,100,5,5,NA,%,FALSE,NA,100,NA,100,NA,FALSE,Atelopus zeteki,Atelopus zeteki,Bufonidae,captive,yes,adult,adult,SAME,laboratory,GPL,high,Hylomantis lemur,different,unclear,2004 (cryopreserved),30,NA,NA,1,78_T_1,78_C_1
Bd,Ellison_et_al_2014,Bd_Ellison_et_al_2014_1,2014,live_pathogen,mortality,mortality,NA,27.5,27.5,6,79,1,2,2,NA,1,100,100,5,5,NA,%,FALSE,NA,100,NA,100,NA,FALSE,Atelopus zeteki,Atelopus zeteki,Bufonidae,captive,yes,adult,adult,SAME,laboratory,GPL,high,Hylomantis lemur,different,unclear,2004 (cryopreserved),30,NA,NA,1,79_T_1,79_C_1
Bd,Greener_et_al_2020,Bd_Greener_et_al_2020_1,2020,live_pathogen,mortality,mortality,NA,84,84,10,28,1,2,2,NA,1,100,83.33333333,6,6,NA,%,FALSE,NA,0,NA,83.33333333,NA,FALSE,Alytes obstetricans,Alytes obstetricans,Alytidae,captive,no,juvenile,juvenile,SAME,laboratory,GPL,high,unclear,different,unclear,unclear,99,NA,NA,1,28_T_1,28_C_1
Bd,Greener_et_al_2020,Bd_Greener_et_al_2020_1,2020,live_pathogen,mortality,mortality,NA,84,84,10,28,2,4,4,NA,1,100,83.33333333,6,6,NA,%,FALSE,NA,25,NA,83.33333333,NA,FALSE,Alytes obstetricans,Alytes obstetricans,Alytidae,captive,no,juvenile,juvenile,SAME,laboratory,GPL,high,unclear,different,unclear,unclear,99,NA,NA,1,28_T_2,28_C_1
Bd,Greener_et_al_2020,Bd_Greener_et_al_2020_1,2020,live_pathogen,mortality,mortality,NA,84,84,10,28,3,3,3,NA,1,100,83.33333333,6,6,NA,%,FALSE,NA,66.66666667,NA,83.33333333,NA,FALSE,Alytes obstetricans,Alytes obstetricans,Alytidae,captive,no,juvenile,juvenile,SAME,laboratory,GPL,high,unclear,different,unclear,unclear,99,NA,NA,1,28_T_3,28_C_1
Bd,Greener_et_al_2020,Bd_Greener_et_al_2020_1,2020,live_pathogen,mortality,mortality,NA,48,84,10,28,4,7,7,NA,1,100,83.33333333,6,6,NA,%,FALSE,NA,100,NA,83.33333333,NA,FALSE,Alytes obstetricans,Alytes obstetricans,Alytidae,captive,no,juvenile,juvenile,SAME,laboratory,GPL,high,unclear,different,unclear,unclear,99,NA,NA,1,28_T_4,28_C_1
Bd,Greener_et_al_2020,Bd_Greener_et_al_2020_1,2020,live_pathogen,intensity_peak,intensity,12,56,22.16667,10,29,1,2,2,2,1,100,83.33333333,6,6,6,genomic equivalent,FALSE,SD,865,657.6093,57666.67,32762.3361,FALSE,Alytes obstetricans,Alytes obstetricans,Alytidae,captive,no,juvenile,juvenile,SAME,laboratory,GPL,high,unclear,different,unclear,unclear,99,657.6093,32762.3361,1,29_T_1,29_C_1
Bd,Greener_et_al_2020,Bd_Greener_et_al_2020_1,2020,live_pathogen,intensity_peak,intensity,12,45.5,22.16667,10,29,2,4,4,4,1,100,83.33333333,6,6,6,genomic equivalent,FALSE,SD,9357,8458.809,57666.67,32762.3361,FALSE,Alytes obstetricans,Alytes obstetricans,Alytidae,captive,no,juvenile,juvenile,SAME,laboratory,GPL,high,unclear,different,unclear,unclear,99,8458.809,32762.3361,1,29_T_2,29_C_1
Bd,Greener_et_al_2020,Bd_Greener_et_al_2020_1,2020,live_pathogen,intensity_peak,intensity,12,18.66667,22.16667,10,29,3,3,3,3,1,100,83.33333333,6,6,6,genomic equivalent,FALSE,SD,57026.67,73158.0791,57666.67,32762.3361,FALSE,Alytes obstetricans,Alytes obstetricans,Alytidae,captive,no,juvenile,juvenile,SAME,laboratory,GPL,high,unclear,different,unclear,unclear,99,73158.0791,32762.3361,1,29_T_3,29_C_1
Bd,Greener_et_al_2020,Bd_Greener_et_al_2020_1,2020,live_pathogen,intensity_peak,intensity,7,18,22.16667,10,29,4,7,7,7,1,100,83.33333333,6,6,6,genomic equivalent,FALSE,SD,144891.43,155884.7668,57666.67,32762.3361,FALSE,Alytes obstetricans,Alytes obstetricans,Alytidae,captive,no,juvenile,juvenile,SAME,laboratory,GPL,high,unclear,different,unclear,unclear,99,155884.7668,32762.3361,1,29_T_4,29_C_1
Bd,Greener_et_al_2020,Bd_Greener_et_al_2020_1,2020,live_pathogen,prevalence_peak,prevalence,12,7,7,10,30,1,2,2,NA,1,NA,83.33333333,6,6,NA,%,FALSE,NA,100,NA,100,NA,FALSE,Alytes obstetricans,Alytes obstetricans,Alytidae,captive,no,juvenile,juvenile,SAME,laboratory,GPL,high,unclear,different,unclear,unclear,99,NA,NA,1,30_T_1,30_C_1
Bd,Greener_et_al_2020,Bd_Greener_et_al_2020_1,2020,live_pathogen,prevalence_peak,prevalence,12,7,7,10,30,2,4,4,NA,1,NA,83.33333333,6,6,NA,%,FALSE,NA,100,NA,100,NA,FALSE,Alytes obstetricans,Alytes obstetricans,Alytidae,captive,no,juvenile,juvenile,SAME,laboratory,GPL,high,unclear,different,unclear,unclear,99,NA,NA,1,30_T_2,30_C_1
Bd,Greener_et_al_2020,Bd_Greener_et_al_2020_1,2020,live_pathogen,prevalence_peak,prevalence,12,7,7,10,30,3,3,3,NA,1,NA,83.33333333,6,6,NA,%,FALSE,NA,100,NA,100,NA,FALSE,Alytes obstetricans,Alytes obstetricans,Alytidae,captive,no,juvenile,juvenile,SAME,laboratory,GPL,high,unclear,different,unclear,unclear,99,NA,NA,1,30_T_3,30_C_1
Bd,Greener_et_al_2020,Bd_Greener_et_al_2020_1,2020,live_pathogen,prevalence_peak,prevalence,7,7,7,10,30,4,7,7,NA,1,NA,83.33333333,6,6,NA,%,FALSE,NA,100,NA,100,NA,FALSE,Alytes obstetricans,Alytes obstetricans,Alytidae,captive,no,juvenile,juvenile,SAME,laboratory,GPL,high,unclear,different,unclear,unclear,99,NA,NA,1,30_T_4,30_C_1
Bd,Harris_et_al_2009a,Bd_Harris_et_al_2009a_1,2009,probiotic,mortality,mortality,NA,139,139,35,90,1,6,6,NA,1,100,83.33333333,6,6,NA,%,FALSE,NA,0,NA,83.33333333,NA,FALSE,Rana muscosa,Rana muscosa,Ranidae,wild,no,juvenile,juvenile,SAME,laboratory,unclear,unclear,Rana muscosa,NA,unclear,unclear,2,NA,NA,1,90_T_1,90_C_1
Bd,Harris_et_al_2009a,Bd_Harris_et_al_2009a_1,2009,probiotic,prevalence_other,prevalence,1,139,139,35,91,1,6,6,NA,1,NA,83.33333333,1,1,NA,%,FALSE,NA,0,NA,100,NA,FALSE,Rana muscosa,Rana muscosa,Ranidae,wild,no,juvenile,juvenile,SAME,laboratory,unclear,unclear,Rana muscosa,NA,unclear,unclear,2,NA,NA,1,91_T_1,91_C_1
Bd,Harris_et_al_2009a,Bd_Harris_et_al_2009a_1,2009,probiotic,intensity_peak,intensity,3,139,139,35,92,1,6,6,6,1,100,83.33333333,1,1,NA,# log10 (zoospore equivalents),log10(X),SE,0,0,5.069306931,NA,TRUE,Rana muscosa,Rana muscosa,Ranidae,wild,no,juvenile,juvenile,SAME,laboratory,unclear,unclear,Rana muscosa,NA,unclear,unclear,2,0,NA,1,92_T_1,92_C_1
Bd,Harris_et_al_2009b,Bd_Harris_et_al_2009b_1,2009,probiotic,mortality,mortality,NA,14,14,56,141,1,19,19,NA,1,60,0,20,20,NA,%,FALSE,NA,0,NA,0,NA,FALSE,Plethodon cinereus,Plethodon cinereus,Plethodontidae,wild,no,adult,adult,SAME,laboratory,unclear,unclear,unclear,NA,unclear,unclear,3,NA,NA,1,141_T_1,141_C_1
Bd,Harris_et_al_2009b,Bd_Harris_et_al_2009b_1,2009,probiotic,prevalence_other,prevalence,1,14,14,56,142,1,19,19,NA,1,NA,0,20,20,NA,%,FALSE,NA,78.94736842,NA,60,NA,FALSE,Plethodon cinereus,Plethodon cinereus,Plethodontidae,wild,no,adult,adult,SAME,laboratory,unclear,unclear,unclear,NA,unclear,unclear,3,NA,NA,1,142_T_1,142_C_1
Bd,Harris_et_al_2009b,Bd_Harris_et_al_2009b_1,2009,probiotic,intensity_other,intensity,1,14,14,56,143,1,16,16,16,1,60,0,12,12,12,# of zoospore,FALSE,SE,6.19,1.9,9.75,5.6,MAYBE,Plethodon cinereus,Plethodon cinereus,Plethodontidae,wild,no,adult,adult,SAME,laboratory,unclear,unclear,unclear,NA,unclear,unclear,3,7.6,19.39896904,1,143_T_1,143_C_1
Bd,Hauser_et_al_2024,Bd_Hauser_et_al_2024_1,2024,other,intensity_peak,intensity,2,21,21,23,59,1,7,7,7,1,NA,,7,7,7,# of log10(zoospore genomic equivalents*10^5 / _L DNA),log10(X),SE,1.737463127,0.05899705,2.421828909,0.312684366,MAYBE,Xenopus laevis,Xenopus laevis,Pipidae,captive,no,juvenile,juvenile,SAME,laboratory,GPL,unclear,unclear,NA,unclear,unclear,0.5,0.2,0.8,1,59_T_1,59_C_1
Bd,Hauser_et_al_2024,Bd_Hauser_et_al_2024_2,2024,other,intensity_peak,intensity,2,21,21,24,60,1,7,7,7,1,NA,,7,7,7,# of zoospore genomic equivalents*10^5 / _L DNA,FALSE,SE,38.4488189,1.003937008,42.20866142,0.866141732,MAYBE,Xenopus laevis,Xenopus laevis,Pipidae,captive,no,juvenile,juvenile,SAME,laboratory,GPL,unclear,unclear,NA,unclear,unclear,0.5,2.656167655,2.291595623,2,60_T_1,60_C_1
Bd,Kaganer_et_al_2023,Bd_Kaganer_et_al_2023_1,2023,dead_pathogen,mortality,mortality,NA,135,135,33,84,1,13,13,NA,1,100,0,6,6,NA,%,FALSE,NA,0,NA,0,NA,FALSE,Cryptobranchus alleganiensis,Cryptobranchus alleganiensis,Cryptobranchidae,wild,yes,juvenile,juvenile,SAME,laboratory,unclear,unclear,Sachatamia albomaculata,same,unclear,unclear,26,NA,NA,1,84_T_1,84_C_1
Bd,Kaganer_et_al_2023,Bd_Kaganer_et_al_2023_1,2023,dead_pathogen,mortality,mortality,NA,135,135,33,84,2,13,13,NA,1,100,0,6,6,NA,%,FALSE,NA,7.692307692,NA,0,NA,FALSE,Cryptobranchus alleganiensis,Cryptobranchus alleganiensis,Cryptobranchidae,wild,yes,juvenile,juvenile,SAME,laboratory,unclear,unclear,Sachatamia albomaculata,same,unclear,unclear,26,NA,NA,1,84_T_2,84_C_1
Bd,Kaganer_et_al_2023,Bd_Kaganer_et_al_2023_1,2023,dead_pathogen,prevalence_peak,prevalence,33,21,21,33,85,1,13,13,NA,1,NA,0,6,6,NA,%,FALSE,NA,100,NA,100,NA,FALSE,Cryptobranchus alleganiensis,Cryptobranchus alleganiensis,Cryptobranchidae,wild,yes,juvenile,juvenile,SAME,laboratory,unclear,unclear,Sachatamia albomaculata,same,unclear,unclear,26,NA,NA,1,85_T_1,85_C_1
Bd,Kaganer_et_al_2023,Bd_Kaganer_et_al_2023_1,2023,dead_pathogen,prevalence_peak,prevalence,33,28,21,33,85,2,13,13,NA,1,NA,0,6,6,NA,%,FALSE,NA,100,NA,100,NA,FALSE,Cryptobranchus alleganiensis,Cryptobranchus alleganiensis,Cryptobranchidae,wild,yes,juvenile,juvenile,SAME,laboratory,unclear,unclear,Sachatamia albomaculata,same,unclear,unclear,26,NA,NA,1,85_T_2,85_C_1
Bd,Kaganer_et_al_2023,Bd_Kaganer_et_al_2023_1,2023,dead_pathogen,intensity_peak,intensity,33,76.23077,98,33,86,1,13,13,13,1,100,0,6,6,6,# of Bd Internal Transcribed Spacer 1 (ITS1) copies,FALSE,SD,9940541,10215631,11886875,7868364,FALSE,Cryptobranchus alleganiensis,Cryptobranchus alleganiensis,Cryptobranchidae,wild,yes,juvenile,juvenile,SAME,laboratory,unclear,unclear,Sachatamia albomaculata,same,unclear,unclear,26,10215631,7868364,1,86_T_1,86_C_1
Bd,Kaganer_et_al_2023,Bd_Kaganer_et_al_2023_1,2023,dead_pathogen,intensity_peak,intensity,33,95,98,33,86,2,13,13,13,1,100,0,6,6,6,# of Bd Internal Transcribed Spacer 1 (ITS1) copies,FALSE,SD,22483483,26571561,11886875,7868364,FALSE,Cryptobranchus alleganiensis,Cryptobranchus alleganiensis,Cryptobranchidae,wild,yes,juvenile,juvenile,SAME,laboratory,unclear,unclear,Sachatamia albomaculata,same,unclear,unclear,26,26571561,7868364,1,86_T_2,86_C_1
Bd,Kaganer_et_al_2023,Bd_Kaganer_et_al_2023_2,2023,dead_pathogen,mortality,mortality,NA,135,135,34,87,1,13,13,NA,1,100,0,6,6,NA,%,FALSE,NA,0,NA,0,NA,FALSE,Cryptobranchus alleganiensis,Cryptobranchus alleganiensis,Cryptobranchidae,wild,yes,juvenile,juvenile,SAME,laboratory,unclear,unclear,Sachatamia albomaculata,same,unclear,unclear,26,NA,NA,2,87_T_1,87_C_1
Bd,Kaganer_et_al_2023,Bd_Kaganer_et_al_2023_2,2023,dead_pathogen,mortality,mortality,NA,135,135,34,87,2,13,13,NA,1,100,0,6,6,NA,%,FALSE,NA,7.692307692,NA,0,NA,FALSE,Cryptobranchus alleganiensis,Cryptobranchus alleganiensis,Cryptobranchidae,wild,yes,juvenile,juvenile,SAME,laboratory,unclear,unclear,Sachatamia albomaculata,same,unclear,unclear,26,NA,NA,2,87_T_2,87_C_1
Bd,Kaganer_et_al_2023,Bd_Kaganer_et_al_2023_2,2023,dead_pathogen,prevalence_peak,prevalence,33,35,30,34,88,1,13,13,NA,1,NA,0,6,6,NA,%,FALSE,NA,100,NA,100,NA,FALSE,Cryptobranchus alleganiensis,Cryptobranchus alleganiensis,Cryptobranchidae,wild,yes,juvenile,juvenile,SAME,laboratory,unclear,unclear,Sachatamia albomaculata,same,unclear,unclear,26,NA,NA,2,88_T_1,88_C_1
Bd,Kaganer_et_al_2023,Bd_Kaganer_et_al_2023_2,2023,dead_pathogen,prevalence_peak,prevalence,33,30,30,34,88,2,13,13,NA,1,NA,0,6,6,NA,%,FALSE,NA,100,NA,100,NA,FALSE,Cryptobranchus alleganiensis,Cryptobranchus alleganiensis,Cryptobranchidae,wild,yes,juvenile,juvenile,SAME,laboratory,unclear,unclear,Sachatamia albomaculata,same,unclear,unclear,26,NA,NA,2,88_T_2,88_C_1
Bd,Kaganer_et_al_2023,Bd_Kaganer_et_al_2023_2,2023,dead_pathogen,intensity_peak,intensity,33,104.46154,103.8333,34,89,1,13,13,13,1,100,0,6,6,6,# of Bd Internal Transcribed Spacer 1 (ITS1) copies,FALSE,SD,90693914,154645551,9968957,8031725,FALSE,Cryptobranchus alleganiensis,Cryptobranchus alleganiensis,Cryptobranchidae,wild,yes,juvenile,juvenile,SAME,laboratory,unclear,unclear,Sachatamia albomaculata,same,unclear,unclear,26,154645551,8031725,2,89_T_1,89_C_1
Bd,Kaganer_et_al_2023,Bd_Kaganer_et_al_2023_2,2023,dead_pathogen,intensity_peak,intensity,33,101.76923,103.8333,34,89,2,13,13,13,1,100,0,6,6,6,# of Bd Internal Transcribed Spacer 1 (ITS1) copies,FALSE,SD,66076458,73562877,9968957,8031725,FALSE,Cryptobranchus alleganiensis,Cryptobranchus alleganiensis,Cryptobranchidae,wild,yes,juvenile,juvenile,SAME,laboratory,unclear,unclear,Sachatamia albomaculata,same,unclear,unclear,26,73562877,8031725,2,89_T_2,89_C_1
Bd,Knutie_et_al_2018,Bd_Knutie_et_al_2018_1,2018,other,prevalence_other,prevalence,1,21,21,51,131,1,9,9,NA,1,NA,,7,7,NA,%,FALSE,NA,66.66666667,NA,42.85714286,NA,FALSE,Osteopilus septentrionalis,Osteopilus septentrionalis,Hylidae,wild,no,larva,larva,SAME,laboratory,unclear,unclear,Rana catesbeiana,NA,unclear,unclear,1,NA,NA,1,131_T_1,131_C_1
Bd,Knutie_et_al_2018,Bd_Knutie_et_al_2018_1,2018,other,intensity_other,intensity,1,21,21,51,133,1,6,6,6,1,42.85714286,,3,3,3,# of genome equivalents,FALSE,SD,5099.992,3941.253,10417.07,6608.011,FALSE,Osteopilus septentrionalis,Osteopilus septentrionalis,Hylidae,wild,no,larva,larva,SAME,laboratory,unclear,unclear,Rana catesbeiana,NA,unclear,unclear,1,3941.253,6608.011,1,133_T_1,133_C_1
Bd,Knutie_et_al_2018,Bd_Knutie_et_al_2018_2,2018,other,prevalence_other,prevalence,1,21,21,52,132,1,11,11,NA,1,NA,,9,9,NA,%,FALSE,NA,27.27272727,NA,66.66666667,NA,FALSE,Osteopilus septentrionalis,Osteopilus septentrionalis,Hylidae,wild,no,larva,larva,SAME,laboratory,unclear,unclear,Rana catesbeiana,NA,unclear,unclear,1,NA,NA,2,132_T_1,132_C_1
Bd,Knutie_et_al_2018,Bd_Knutie_et_al_2018_2,2018,other,intensity_other,intensity,1,21,21,52,134,1,3,3,3,1,66.66666667,,6,6,6,# of genome equivalents,FALSE,SD,4873.567,3417.392,10484.627,14224.459,FALSE,Osteopilus septentrionalis,Osteopilus septentrionalis,Hylidae,wild,no,larva,larva,SAME,laboratory,unclear,unclear,Rana catesbeiana,NA,unclear,unclear,1,3417.392,14224.459,2,134_T_1,134_C_1
Bd,Knutie_et_al_2018,Bd_Knutie_et_al_2018_3,2018,other,prevalence_other,prevalence,2,17.5,17.5,53,135,1,3,3,NA,1,NA,,9,7,NA,%,FALSE,NA,33.33333333,NA,22.22222222,NA,FALSE,Osteopilus septentrionalis,Osteopilus septentrionalis,Hylidae,wild,no,larva,juvenile,DIFFERENT,laboratory,unclear,unclear,Rana catesbeiana,NA,unclear,unclear,78,NA,NA,3,135_T_1,135_C_1
Bd,Knutie_et_al_2018,Bd_Knutie_et_al_2018_3,2018,other,intensity_other,intensity,2,17.5,17.5,53,137,1,1,1,NA,1,22.22222222,,2,2,2,# of genome equivalents,FALSE,SD,153.5137,NA,9066.3542,1333.804,FALSE,Osteopilus septentrionalis,Osteopilus septentrionalis,Hylidae,wild,no,larva,juvenile,DIFFERENT,laboratory,unclear,unclear,Rana catesbeiana,NA,unclear,unclear,78,NA,1333.804,3,137_T_1,137_C_1
Bd,Knutie_et_al_2018,Bd_Knutie_et_al_2018_4,2018,other,prevalence_other,prevalence,2,17.5,17.5,54,136,1,4,3,NA,1,NA,,8,6,NA,%,FALSE,NA,25,NA,62.5,NA,FALSE,Osteopilus septentrionalis,Osteopilus septentrionalis,Hylidae,wild,no,larva,juvenile,DIFFERENT,laboratory,unclear,unclear,Rana catesbeiana,NA,unclear,unclear,78,NA,NA,4,136_T_1,136_C_1
Bd,Knutie_et_al_2018,Bd_Knutie_et_al_2018_4,2018,other,intensity_other,intensity,2,17.5,17.5,54,138,1,1,1,NA,1,62.5,,5,5,5,# of genome equivalents,FALSE,SD,1566.5916,NA,2722.4206,2042.363,FALSE,Osteopilus septentrionalis,Osteopilus septentrionalis,Hylidae,wild,no,larva,juvenile,DIFFERENT,laboratory,unclear,unclear,Rana catesbeiana,NA,unclear,unclear,78,NA,2042.363,4,138_T_1,138_C_1
Bd,Korpita_PhD_thesis,Bd_Korpita_PhD_thesis_1,2023,probiotic,prevalence_peak,prevalence,2,11,11,2,7,1,30,3,NA,1,NA,,30,3,NA,%,FALSE,NA,13.3,NA,16.7,NA,FALSE,Anaxyrus boreas,Anaxyrus boreas,Bufonidae,wild,no,larva,juvenile,DIFFERENT,semi-natural,unclear,unclear,unclear,NA,unclear,unclear,0,NA,NA,1,7_T_1,7_C_1
Bd,Korpita_PhD_thesis,Bd_Korpita_PhD_thesis_1,2023,probiotic,intensity_peak,intensity,2,11,11,2,8,1,4,3,4,1,16.7,,5,3,5,zoospore equivalents,FALSE,SE,35.23,18.07,67.23,36.32,MAYBE,Anaxyrus boreas,Anaxyrus boreas,Bufonidae,wild,no,larva,juvenile,DIFFERENT,semi-natural,unclear,unclear,unclear,NA,unclear,unclear,0,36.14,81.21398894,1,8_T_1,8_C_1
Bd,Madison_et_al_2019,Bd_Madison_et_al_2019_1,2019,probiotic,mortality,mortality,NA,36,36,19,49,1,7,7,NA,1,62.5,37.5,8,8,NA,%,FALSE,NA,14.28571429,NA,37.5,NA,FALSE,Acris blanchardi,Acris blanchardi,Hylidae,wild,no,juvenile,juvenile,SAME,laboratory,GPL,high,unclear,NA,unclear,unclear,3,NA,NA,1,49_T_1,49_C_1
Bd,Madison_et_al_2019,Bd_Madison_et_al_2019_1,2019,probiotic,mortality,mortality,NA,36,36,19,49,2,8,8,NA,1,62.5,37.5,8,8,NA,%,FALSE,NA,87.5,NA,37.5,NA,FALSE,Acris blanchardi,Acris blanchardi,Hylidae,wild,no,juvenile,juvenile,SAME,laboratory,GPL,high,unclear,NA,unclear,unclear,3,NA,NA,1,49_T_2,49_C_1
Bd,Madison_et_al_2019,Bd_Madison_et_al_2019_1,2019,probiotic,prevalence_peak,prevalence,3,8,8,19,51,1,7,7,NA,1,NA,37.5,8,8,NA,%,FALSE,NA,28.57142857,NA,62.5,NA,FALSE,Acris blanchardi,Acris blanchardi,Hylidae,wild,no,juvenile,juvenile,SAME,laboratory,GPL,high,unclear,NA,unclear,unclear,3,NA,NA,1,51_T_1,51_C_1
Bd,Madison_et_al_2019,Bd_Madison_et_al_2019_1,2019,probiotic,prevalence_peak,prevalence,3,8,8,19,51,2,8,8,NA,1,NA,37.5,8,8,NA,%,FALSE,NA,25,NA,62.5,NA,FALSE,Acris blanchardi,Acris blanchardi,Hylidae,wild,no,juvenile,juvenile,SAME,laboratory,GPL,high,unclear,NA,unclear,unclear,3,NA,NA,1,51_T_2,51_C_1
Bd,Madison_et_al_2019,Bd_Madison_et_al_2019_2,2019,probiotic,mortality,mortality,NA,36,36,20,50,1,5,5,NA,1,12.5,87.5,8,8,NA,%,FALSE,NA,40,NA,87.5,NA,FALSE,Acris blanchardi,Acris blanchardi,Hylidae,wild,no,juvenile,juvenile,SAME,laboratory,GPL,high,unclear,NA,unclear,unclear,3,NA,NA,2,50_T_1,50_C_1
Bd,Madison_et_al_2019,Bd_Madison_et_al_2019_2,2019,probiotic,mortality,mortality,NA,36,36,20,50,2,8,8,NA,1,12.5,87.5,8,8,NA,%,FALSE,NA,100,NA,87.5,NA,FALSE,Acris blanchardi,Acris blanchardi,Hylidae,wild,no,juvenile,juvenile,SAME,laboratory,GPL,high,unclear,NA,unclear,unclear,3,NA,NA,2,50_T_2,50_C_1
Bd,Madison_et_al_2019,Bd_Madison_et_al_2019_2,2019,probiotic,prevalence_peak,prevalence,3,8,8,20,52,1,5,5,NA,1,NA,87.5,8,8,NA,%,FALSE,NA,20,NA,12.5,NA,FALSE,Acris blanchardi,Acris blanchardi,Hylidae,wild,no,juvenile,juvenile,SAME,laboratory,GPL,high,unclear,NA,unclear,unclear,3,NA,NA,2,52_T_1,52_C_1
Bd,Madison_et_al_2019,Bd_Madison_et_al_2019_2,2019,probiotic,prevalence_peak,prevalence,3,8,8,20,52,2,8,8,NA,1,NA,87.5,8,8,NA,%,FALSE,NA,37.5,NA,12.5,NA,FALSE,Acris blanchardi,Acris blanchardi,Hylidae,wild,no,juvenile,juvenile,SAME,laboratory,GPL,high,unclear,NA,unclear,unclear,3,NA,NA,2,52_T_2,52_C_1
Bd,McMahon_et_al_2014,Bd_McMahon_et_al_2014_1,2014,live_pathogen,intensity_other,intensity,1,11,11,25,70,1,20,20,20,1,NA,,20,20,20,# of log 10 (zoospore genome equivalents (GE) / g of frog),log10(X),SE,3.495744697,0.140425532,3.602127676,0.153191489,TRUE,Osteopilus septentrionalis ,Osteopilus septentrionalis,Hylidae,wild,no,juvenile,juvenile,SAME,laboratory,unclear,unclear,Rana catesbeiana,same,unclear,unclear,1,0.6,0.7,1,70_T_1,70_C_1
Bd,McMahon_et_al_2014,Bd_McMahon_et_al_2014_1,2014,live_pathogen,intensity_other,intensity,1,11,11,25,70,2,20,20,20,1,NA,,20,20,20,# of log 10 (zoospore genome equivalents (GE) / g of frog),log10(X),SE,2.98085108,0.140425532,3.602127676,0.153191489,TRUE,Osteopilus septentrionalis ,Osteopilus septentrionalis,Hylidae,wild,no,juvenile,juvenile,SAME,laboratory,unclear,unclear,Rana catesbeiana,same,unclear,unclear,1,0.6,0.7,1,70_T_2,70_C_1
Bd,McMahon_et_al_2014,Bd_McMahon_et_al_2014_2,2014,live_pathogen,mortality,mortality,NA,11,11,25,61,1,20,20,NA,1,100,30,10,10,NA,%,FALSE,NA,15,NA,30,NA,FALSE,Osteopilus septentrionalis ,Osteopilus septentrionalis,Hylidae,wild,no,juvenile,juvenile,SAME,laboratory,unclear,unclear,Rana catesbeiana,same,unclear,unclear,1,NA,NA,2,61_T_1,61_C_1
Bd,McMahon_et_al_2014,Bd_McMahon_et_al_2014_2,2014,live_pathogen,mortality,mortality,NA,11,11,25,61,2,20,20,NA,1,100,30,10,10,NA,%,FALSE,NA,10,NA,30,NA,FALSE,Osteopilus septentrionalis ,Osteopilus septentrionalis,Hylidae,wild,no,juvenile,juvenile,SAME,laboratory,unclear,unclear,Rana catesbeiana,same,unclear,unclear,1,NA,NA,2,61_T_2,61_C_1
Bd,McMahon_et_al_2014,Bd_McMahon_et_al_2014_2,2014,live_pathogen,mortality,mortality,NA,11,11,25,61,3,20,20,NA,1,100,30,10,10,NA,%,FALSE,NA,5,NA,30,NA,FALSE,Osteopilus septentrionalis ,Osteopilus septentrionalis,Hylidae,wild,no,juvenile,juvenile,SAME,laboratory,unclear,unclear,Rana catesbeiana,same,unclear,unclear,1,NA,NA,2,61_T_3,61_C_1
Bd,McMahon_et_al_2014,Bd_McMahon_et_al_2014_2,2014,live_pathogen,prevalence_other,prevalence,1,11,11,25,62,1,17,17,NA,1,NA,30,7,7,NA,%,FALSE,NA,100,NA,100,NA,MAYBE,Osteopilus septentrionalis ,Osteopilus septentrionalis,Hylidae,wild,no,juvenile,juvenile,SAME,laboratory,unclear,unclear,Rana catesbeiana,same,unclear,unclear,1,NA,NA,2,62_T_1,62_C_1
Bd,McMahon_et_al_2014,Bd_McMahon_et_al_2014_2,2014,live_pathogen,prevalence_other,prevalence,1,11,11,25,62,2,18,18,NA,1,NA,30,7,7,NA,%,FALSE,NA,100,NA,100,NA,MAYBE,Osteopilus septentrionalis ,Osteopilus septentrionalis,Hylidae,wild,no,juvenile,juvenile,SAME,laboratory,unclear,unclear,Rana catesbeiana,same,unclear,unclear,1,NA,NA,2,62_T_2,62_C_1
Bd,McMahon_et_al_2014,Bd_McMahon_et_al_2014_2,2014,live_pathogen,prevalence_other,prevalence,1,11,11,25,62,3,19,19,NA,1,NA,30,7,7,NA,%,FALSE,NA,95,NA,100,NA,MAYBE,Osteopilus septentrionalis ,Osteopilus septentrionalis,Hylidae,wild,no,juvenile,juvenile,SAME,laboratory,unclear,unclear,Rana catesbeiana,same,unclear,unclear,1,NA,NA,2,62_T_3,62_C_1
Bd,McMahon_et_al_2014,Bd_McMahon_et_al_2014_2,2014,live_pathogen,intensity_other,intensity,1,11,11,25,63,1,17,17,17,1,100,30,7,7,7,# of zoospore genome equivalents (GE) / g of frog,FALSE,SE,18142.85714,386.9897959,23571.42857,338.5204082,TRUE,Osteopilus septentrionalis ,Osteopilus septentrionalis,Hylidae,wild,no,juvenile,juvenile,SAME,laboratory,unclear,unclear,Rana catesbeiana,same,unclear,unclear,1,1595.599805,895.6408138,2,63_T_1,63_C_1
Bd,McMahon_et_al_2014,Bd_McMahon_et_al_2014_2,2014,live_pathogen,intensity_other,intensity,1,11,11,25,63,2,18,18,18,1,100,30,7,7,7,# of zoospore genome equivalents (GE) / g of frog,FALSE,SE,18761.9044,544.1326531,23571.42857,338.5204082,TRUE,Osteopilus septentrionalis ,Osteopilus septentrionalis,Hylidae,wild,no,juvenile,juvenile,SAME,laboratory,unclear,unclear,Rana catesbeiana,same,unclear,unclear,1,2308.559333,895.6408138,2,63_T_2,63_C_1
Bd,McMahon_et_al_2014,Bd_McMahon_et_al_2014_2,2014,live_pathogen,intensity_other,intensity,1,11,11,25,63,3,19,19,19,1,100,30,7,7,7,# of zoospore genome equivalents (GE) / g of frog,FALSE,SE,14999.99964,230,23571.42857,338.5204082,TRUE,Osteopilus septentrionalis ,Osteopilus septentrionalis,Hylidae,wild,no,juvenile,juvenile,SAME,laboratory,unclear,unclear,Rana catesbeiana,same,unclear,unclear,1,1002.546757,895.6408138,2,63_T_3,63_C_1
Bd,McMahon_et_al_2014,Bd_McMahon_et_al_2014_3,2014,live_pathogen,mortality,mortality,NA,11,11,26,64,1,20,20,NA,1,95,5,20,20,NA,%,FALSE,NA,10,NA,5,NA,FALSE,Osteopilus septentrionalis ,Osteopilus septentrionalis,Hylidae,wild,no,juvenile,juvenile,SAME,laboratory,unclear,unclear,Rana catesbeiana,same,unclear,unclear,1,NA,NA,3,64_T_1,64_C_1
Bd,McMahon_et_al_2014,Bd_McMahon_et_al_2014_3,2014,live_pathogen,mortality,mortality,NA,11,11,26,64,2,20,20,NA,1,95,5,20,20,NA,%,FALSE,NA,0,NA,5,NA,FALSE,Osteopilus septentrionalis ,Osteopilus septentrionalis,Hylidae,wild,no,juvenile,juvenile,SAME,laboratory,unclear,unclear,Rana catesbeiana,same,unclear,unclear,1,NA,NA,3,64_T_2,64_C_1
Bd,McMahon_et_al_2014,Bd_McMahon_et_al_2014_3,2014,live_pathogen,mortality,mortality,NA,11,11,26,64,3,20,20,NA,1,95,5,20,20,NA,%,FALSE,NA,0,NA,5,NA,FALSE,Osteopilus septentrionalis ,Osteopilus septentrionalis,Hylidae,wild,no,juvenile,juvenile,SAME,laboratory,unclear,unclear,Rana catesbeiana,same,unclear,unclear,1,NA,NA,3,64_T_3,64_C_1
Bd,McMahon_et_al_2014,Bd_McMahon_et_al_2014_3,2014,live_pathogen,prevalence_other,prevalence,1,42,42,26,65,1,18,18,NA,1,NA,5,19,19,NA,%,FALSE,NA,77,NA,95,NA,MAYBE,Osteopilus septentrionalis ,Osteopilus septentrionalis,Hylidae,wild,no,juvenile,juvenile,SAME,laboratory,unclear,unclear,Rana catesbeiana,same,unclear,unclear,1,NA,NA,3,65_T_1,65_C_1
Bd,McMahon_et_al_2014,Bd_McMahon_et_al_2014_3,2014,live_pathogen,prevalence_other,prevalence,1,42,42,26,65,2,20,20,NA,1,NA,5,19,19,NA,%,FALSE,NA,85,NA,95,NA,MAYBE,Osteopilus septentrionalis ,Osteopilus septentrionalis,Hylidae,wild,no,juvenile,juvenile,SAME,laboratory,unclear,unclear,Rana catesbeiana,same,unclear,unclear,1,NA,NA,3,65_T_2,65_C_1
Bd,McMahon_et_al_2014,Bd_McMahon_et_al_2014_3,2014,live_pathogen,prevalence_other,prevalence,1,42,42,26,65,3,20,20,NA,1,NA,5,19,19,NA,%,FALSE,NA,70,NA,95,NA,MAYBE,Osteopilus septentrionalis ,Osteopilus septentrionalis,Hylidae,wild,no,juvenile,juvenile,SAME,laboratory,unclear,unclear,Rana catesbeiana,same,unclear,unclear,1,NA,NA,3,65_T_3,65_C_1
Bd,McMahon_et_al_2014,Bd_McMahon_et_al_2014_3,2014,live_pathogen,intensity_other,intensity,1,42,42,26,66,1,18,18,18,1,95,5,19,19,19,# of log 10 (zoospore genome equivalents (GE) / g of frog),log10(X),SE,3.941995342,0.129211137,4.354988381,0.204176334,TRUE,Osteopilus septentrionalis ,Osteopilus septentrionalis,Hylidae,wild,no,juvenile,juvenile,SAME,laboratory,unclear,unclear,Rana catesbeiana,same,unclear,unclear,1,0.5482,0.9,3,66_T_1,66_C_1
Bd,McMahon_et_al_2014,Bd_McMahon_et_al_2014_3,2014,live_pathogen,intensity_other,intensity,1,42,42,26,66,2,20,20,20,1,95,5,19,19,19,# of log 10 (zoospore genome equivalents (GE) / g of frog),log10(X),SE,3.306264483,0.130649652,4.354988381,0.204176334,TRUE,Osteopilus septentrionalis ,Osteopilus septentrionalis,Hylidae,wild,no,juvenile,juvenile,SAME,laboratory,unclear,unclear,Rana catesbeiana,same,unclear,unclear,1,0.58428,0.9,3,66_T_2,66_C_1
Bd,McMahon_et_al_2014,Bd_McMahon_et_al_2014_3,2014,live_pathogen,intensity_other,intensity,1,42,42,26,66,3,20,20,20,1,95,5,19,19,19,# of log 10 (zoospore genome equivalents (GE) / g of frog),log10(X),SE,3.812064947,0.128491879,4.354988381,0.204176334,TRUE,Osteopilus septentrionalis ,Osteopilus septentrionalis,Hylidae,wild,no,juvenile,juvenile,SAME,laboratory,unclear,unclear,Rana catesbeiana,same,unclear,unclear,1,0.57463,0.9,3,66_T_3,66_C_1
Bd,McMahon_et_al_2014,Bd_McMahon_et_al_2014_3,2014,dead_pathogen,mortality,mortality,NA,11,11,27,67,4,20,20,NA,2,100,15,20,20,NA,%,FALSE,NA,10,NA,15,NA,FALSE,Osteopilus septentrionalis ,Osteopilus septentrionalis,Hylidae,wild,no,juvenile,juvenile,SAME,laboratory,unclear,unclear,Rana catesbeiana,same,unclear,unclear,1,NA,NA,3,67_T_4,67_C_2
Bd,McMahon_et_al_2014,Bd_McMahon_et_al_2014_3,2014,dead_pathogen,mortality,mortality,NA,11,11,27,67,5,20,20,NA,2,100,15,20,20,NA,%,FALSE,NA,5,NA,15,NA,FALSE,Osteopilus septentrionalis ,Osteopilus septentrionalis,Hylidae,wild,no,juvenile,juvenile,SAME,laboratory,unclear,unclear,Rana catesbeiana,same,unclear,unclear,1,NA,NA,3,67_T_5,67_C_2
Bd,McMahon_et_al_2014,Bd_McMahon_et_al_2014_3,2014,dead_pathogen,mortality,mortality,NA,11,11,27,67,6,20,20,NA,2,100,15,20,20,NA,%,FALSE,NA,15,NA,15,NA,FALSE,Osteopilus septentrionalis ,Osteopilus septentrionalis,Hylidae,wild,no,juvenile,juvenile,SAME,laboratory,unclear,unclear,Rana catesbeiana,same,unclear,unclear,1,NA,NA,3,67_T_6,67_C_2
Bd,McMahon_et_al_2014,Bd_McMahon_et_al_2014_3,2014,dead_pathogen,prevalence_other,prevalence,1,42,42,27,68,4,18,18,NA,2,NA,15,17,17,NA,%,FALSE,NA,94,NA,100,NA,MAYBE,Osteopilus septentrionalis ,Osteopilus septentrionalis,Hylidae,wild,no,juvenile,juvenile,SAME,laboratory,unclear,unclear,Rana catesbeiana,same,unclear,unclear,1,NA,NA,3,68_T_4,68_C_2
Bd,McMahon_et_al_2014,Bd_McMahon_et_al_2014_3,2014,dead_pathogen,prevalence_other,prevalence,1,42,42,27,68,5,19,19,NA,2,NA,15,17,17,NA,%,FALSE,NA,71,NA,100,NA,MAYBE,Osteopilus septentrionalis ,Osteopilus septentrionalis,Hylidae,wild,no,juvenile,juvenile,SAME,laboratory,unclear,unclear,Rana catesbeiana,same,unclear,unclear,1,NA,NA,3,68_T_5,68_C_2
Bd,McMahon_et_al_2014,Bd_McMahon_et_al_2014_3,2014,dead_pathogen,prevalence_other,prevalence,1,42,42,27,68,6,17,17,NA,2,NA,15,17,17,NA,%,FALSE,NA,71,NA,100,NA,MAYBE,Osteopilus septentrionalis ,Osteopilus septentrionalis,Hylidae,wild,no,juvenile,juvenile,SAME,laboratory,unclear,unclear,Rana catesbeiana,same,unclear,unclear,1,NA,NA,3,68_T_6,68_C_2
Bd,McMahon_et_al_2014,Bd_McMahon_et_al_2014_3,2014,dead_pathogen,intensity_other,intensity,1,42,42,27,69,4,18,18,18,2,100,15,17,17,17,# of log 10 (zoospore genome equivalents (GE) / g of frog),log10(X),SE,4.229698358,0.069605568,4.600928057,0.139211137,TRUE,Osteopilus septentrionalis ,Osteopilus septentrionalis,Hylidae,wild,no,juvenile,juvenile,SAME,laboratory,unclear,unclear,Rana catesbeiana,same,unclear,unclear,1,0.3,0.6,3,69_T_4,69_C_2
Bd,McMahon_et_al_2014,Bd_McMahon_et_al_2014_3,2014,dead_pathogen,intensity_other,intensity,1,42,42,27,69,5,19,19,19,2,100,15,17,17,17,# of log 10 (zoospore genome equivalents (GE) / g of frog),log10(X),SE,4.109048706,0.139211137,4.600928057,0.139211137,TRUE,Osteopilus septentrionalis ,Osteopilus septentrionalis,Hylidae,wild,no,juvenile,juvenile,SAME,laboratory,unclear,unclear,Rana catesbeiana,same,unclear,unclear,1,0.6,0.6,3,69_T_5,69_C_2
Bd,McMahon_et_al_2014,Bd_McMahon_et_al_2014_3,2014,dead_pathogen,intensity_other,intensity,1,42,42,27,69,6,17,17,17,2,100,15,17,17,17,# of log 10 (zoospore genome equivalents (GE) / g of frog),log10(X),SE,3.621809727,0.133132251,4.600928057,0.139211137,TRUE,Osteopilus septentrionalis ,Osteopilus septentrionalis,Hylidae,wild,no,juvenile,juvenile,SAME,laboratory,unclear,unclear,Rana catesbeiana,same,unclear,unclear,1,0.5489183,0.6,3,69_T_6,69_C_2
Bd,McMahon_et_al_2021,Bd_McMahon_et_al_2021_1,2021,synthetic_antiparastics,mortality,mortality,NA,14,14,41,108,1,11,11,NA,1,55.55555556,0,9,9,NA,%,FALSE,NA,0,NA,0,NA,FALSE,Osteopilus septentrionalis,Osteopilus septentrionalis,Hylidae,wild,no,juvenile,adult,DIFFERENT,laboratory,unclear,unclear,unclear,NA,unclear,unclear,896,NA,NA,1,108_T_1,108_C_1
Bd,McMahon_et_al_2021,Bd_McMahon_et_al_2021_1,2021,synthetic_antiparastics,prevalence_other,prevalence,1,14,14,41,109,1,11,11,NA,1,NA,0,9,9,NA,%,FALSE,NA,18.18181818,NA,55.55555556,NA,FALSE,Osteopilus septentrionalis,Osteopilus septentrionalis,Hylidae,wild,no,juvenile,adult,DIFFERENT,laboratory,unclear,unclear,unclear,NA,unclear,unclear,896,NA,NA,1,109_T_1,109_C_1
Bd,McMahon_et_al_2021,Bd_McMahon_et_al_2021_1,2021,synthetic_antiparastics,intensity_other,intensity,1,14,14,41,110,1,2,2,2,1,55.55555556,0,5,5,5,# of genome equivalents,FALSE,SD,2651.77,3727.541,4770.762,9151.056,FALSE,Osteopilus septentrionalis,Osteopilus septentrionalis,Hylidae,wild,no,juvenile,adult,DIFFERENT,laboratory,unclear,unclear,unclear,NA,unclear,unclear,896,3727.541,9151.056,1,110_T_1,110_C_1
Bd,McMahon_et_al_2023,Bd_McMahon_et_al_2023_1,2023,dead_pathogen,mortality,mortality,NA,14,14,50,128,1,15,15,NA,1,60,13,15,15,NA,%,FALSE,NA,6,NA,13,NA,FALSE,Pseudacris regilla,Pseudacris regilla,Hylidae,wild,no,juvenile,juvenile,SAME,laboratory,unclear,unclear,unclear,same,unclear,2004,1,NA,NA,1,128_T_1,128_C_1
Bd,McMahon_et_al_2023,Bd_McMahon_et_al_2023_1,2023,dead_pathogen,prevalence_other,prevalence,1,14,14,50,129,1,14.1,14.1,NA,1,NA,13,13.05,13.05,NA,%,FALSE,NA,75,NA,60,NA,FALSE,Pseudacris regilla,Pseudacris regilla,Hylidae,wild,no,juvenile,juvenile,SAME,laboratory,unclear,unclear,unclear,same,unclear,2004,1,NA,NA,1,129_T_1,129_C_1
Bd,McMahon_et_al_2023,Bd_McMahon_et_al_2023_1,2023,dead_pathogen,intensity_other,intensity,1,14,14,50,130,1,10.575,10.575,10.575,1,60,13,7.83,7.83,7.83,# of genome equivalents,FALSE,SD,1885.273973,1114.374065,3205.479452,1148.626607,FALSE,Pseudacris regilla,Pseudacris regilla,Hylidae,wild,no,juvenile,juvenile,SAME,laboratory,unclear,unclear,unclear,same,unclear,2004,1,1114.374065,1148.626607,1,130_T_1,130_C_1
Bd,McMahon_et_al_2024,Bd_McMahon_et_al_2024_1,2024,natural_chem,mortality,mortality,NA,14,14,39,102,1,7,7,NA,1,60,0,15,15,NA,%,FALSE,NA,0,NA,0,NA,FALSE,Pseudacris regilla,Pseudacris regilla,Hylidae,wild,no,larva,larva,SAME,laboratory,unclear,unclear,unclear,same,unclear,unclear,1,NA,NA,1,102_T_1,102_C_1
Bd,McMahon_et_al_2024,Bd_McMahon_et_al_2024_1,2024,natural_chem,mortality,mortality,NA,14,14,39,102,2,6,6,NA,1,60,0,15,15,NA,%,FALSE,NA,0,NA,0,NA,FALSE,Pseudacris regilla,Pseudacris regilla,Hylidae,wild,no,larva,larva,SAME,laboratory,unclear,unclear,unclear,same,unclear,unclear,1,NA,NA,1,102_T_2,102_C_1
Bd,McMahon_et_al_2024,Bd_McMahon_et_al_2024_1,2024,natural_chem,mortality,mortality,NA,14,14,39,102,3,6,6,NA,1,60,0,15,15,NA,%,FALSE,NA,0,NA,0,NA,FALSE,Pseudacris regilla,Pseudacris regilla,Hylidae,wild,no,larva,larva,SAME,laboratory,unclear,unclear,unclear,same,unclear,unclear,1,NA,NA,1,102_T_3,102_C_1
Bd,McMahon_et_al_2024,Bd_McMahon_et_al_2024_1,2024,natural_chem,mortality,mortality,NA,14,14,39,102,4,6,6,NA,1,60,0,15,15,NA,%,FALSE,NA,16.66666667,NA,0,NA,FALSE,Pseudacris regilla,Pseudacris regilla,Hylidae,wild,no,larva,larva,SAME,laboratory,unclear,unclear,unclear,same,unclear,unclear,1,NA,NA,1,102_T_4,102_C_1
Bd,McMahon_et_al_2024,Bd_McMahon_et_al_2024_1,2024,natural_chem,mortality,mortality,NA,14,14,39,102,5,7,7,NA,1,60,0,15,15,NA,%,FALSE,NA,0,NA,0,NA,FALSE,Pseudacris regilla,Pseudacris regilla,Hylidae,wild,no,larva,larva,SAME,laboratory,unclear,unclear,unclear,same,unclear,unclear,1,NA,NA,1,102_T_5,102_C_1
Bd,McMahon_et_al_2024,Bd_McMahon_et_al_2024_1,2024,natural_chem,mortality,mortality,NA,14,14,39,102,6,7,7,NA,1,60,0,15,15,NA,%,FALSE,NA,0,NA,0,NA,FALSE,Pseudacris regilla,Pseudacris regilla,Hylidae,wild,no,larva,larva,SAME,laboratory,unclear,unclear,unclear,same,unclear,unclear,1,NA,NA,1,102_T_6,102_C_1
Bd,McMahon_et_al_2024,Bd_McMahon_et_al_2024_1,2024,natural_chem,mortality,mortality,NA,14,14,39,102,7,7,7,NA,1,60,0,15,15,NA,%,FALSE,NA,0,NA,0,NA,FALSE,Pseudacris regilla,Pseudacris regilla,Hylidae,wild,no,larva,larva,SAME,laboratory,unclear,unclear,unclear,same,unclear,unclear,1,NA,NA,1,102_T_7,102_C_1
Bd,McMahon_et_al_2024,Bd_McMahon_et_al_2024_1,2024,natural_chem,mortality,mortality,NA,14,14,39,102,8,6,6,NA,1,60,0,15,15,NA,%,FALSE,NA,0,NA,0,NA,FALSE,Pseudacris regilla,Pseudacris regilla,Hylidae,wild,no,larva,larva,SAME,laboratory,unclear,unclear,unclear,same,unclear,unclear,1,NA,NA,1,102_T_8,102_C_1
Bd,McMahon_et_al_2024,Bd_McMahon_et_al_2024_1,2024,natural_chem,mortality,mortality,NA,14,14,39,102,9,6,6,NA,1,60,0,15,15,NA,%,FALSE,NA,0,NA,0,NA,FALSE,Pseudacris regilla,Pseudacris regilla,Hylidae,wild,no,larva,larva,SAME,laboratory,unclear,unclear,unclear,same,unclear,unclear,1,NA,NA,1,102_T_9,102_C_1
Bd,McMahon_et_al_2024,Bd_McMahon_et_al_2024_1,2024,natural_chem,mortality,mortality,NA,14,14,39,102,10,6,6,NA,1,60,0,15,15,NA,%,FALSE,NA,0,NA,0,NA,FALSE,Pseudacris regilla,Pseudacris regilla,Hylidae,wild,no,larva,larva,SAME,laboratory,unclear,unclear,unclear,same,unclear,unclear,1,NA,NA,1,102_T_10,102_C_1
Bd,McMahon_et_al_2024,Bd_McMahon_et_al_2024_1,2024,natural_chem,mortality,mortality,NA,14,14,39,102,11,6,6,NA,1,60,0,15,15,NA,%,FALSE,NA,0,NA,0,NA,FALSE,Pseudacris regilla,Pseudacris regilla,Hylidae,wild,no,larva,larva,SAME,laboratory,unclear,unclear,unclear,same,unclear,unclear,1,NA,NA,1,102_T_11,102_C_1
Bd,McMahon_et_al_2024,Bd_McMahon_et_al_2024_1,2024,natural_chem,mortality,mortality,NA,14,14,39,102,12,5,5,NA,1,60,0,15,15,NA,%,FALSE,NA,0,NA,0,NA,FALSE,Pseudacris regilla,Pseudacris regilla,Hylidae,wild,no,larva,larva,SAME,laboratory,unclear,unclear,unclear,same,unclear,unclear,1,NA,NA,1,102_T_12,102_C_1
Bd,McMahon_et_al_2024,Bd_McMahon_et_al_2024_1,2024,natural_chem,mortality,mortality,NA,14,14,39,102,13,4,4,NA,1,60,0,15,15,NA,%,FALSE,NA,0,NA,0,NA,FALSE,Pseudacris regilla,Pseudacris regilla,Hylidae,wild,no,larva,larva,SAME,laboratory,unclear,unclear,unclear,same,unclear,unclear,1,NA,NA,1,102_T_13,102_C_1
Bd,McMahon_et_al_2024,Bd_McMahon_et_al_2024_1,2024,natural_chem,prevalence_other,prevalence,1,14,14,39,103,1,7,7,NA,1,NA,0,15,15,NA,%,FALSE,NA,28.57142857,NA,60,NA,FALSE,Pseudacris regilla,Pseudacris regilla,Hylidae,wild,no,larva,larva,SAME,laboratory,unclear,unclear,unclear,same,unclear,unclear,1,NA,NA,1,103_T_1,103_C_1
Bd,McMahon_et_al_2024,Bd_McMahon_et_al_2024_1,2024,natural_chem,prevalence_other,prevalence,1,14,14,39,103,2,6,6,NA,1,NA,0,15,15,NA,%,FALSE,NA,33.33333333,NA,60,NA,FALSE,Pseudacris regilla,Pseudacris regilla,Hylidae,wild,no,larva,larva,SAME,laboratory,unclear,unclear,unclear,same,unclear,unclear,1,NA,NA,1,103_T_2,103_C_1
Bd,McMahon_et_al_2024,Bd_McMahon_et_al_2024_1,2024,natural_chem,prevalence_other,prevalence,1,14,14,39,103,3,6,6,NA,1,NA,0,15,15,NA,%,FALSE,NA,50,NA,60,NA,FALSE,Pseudacris regilla,Pseudacris regilla,Hylidae,wild,no,larva,larva,SAME,laboratory,unclear,unclear,unclear,same,unclear,unclear,1,NA,NA,1,103_T_3,103_C_1
Bd,McMahon_et_al_2024,Bd_McMahon_et_al_2024_1,2024,natural_chem,prevalence_other,prevalence,1,14,14,39,103,4,5,5,NA,1,NA,0,15,15,NA,%,FALSE,NA,0,NA,60,NA,FALSE,Pseudacris regilla,Pseudacris regilla,Hylidae,wild,no,larva,larva,SAME,laboratory,unclear,unclear,unclear,same,unclear,unclear,1,NA,NA,1,103_T_4,103_C_1
Bd,McMahon_et_al_2024,Bd_McMahon_et_al_2024_1,2024,natural_chem,prevalence_other,prevalence,1,14,14,39,103,5,7,7,NA,1,NA,0,15,15,NA,%,FALSE,NA,28.57142857,NA,60,NA,FALSE,Pseudacris regilla,Pseudacris regilla,Hylidae,wild,no,larva,larva,SAME,laboratory,unclear,unclear,unclear,same,unclear,unclear,1,NA,NA,1,103_T_5,103_C_1
Bd,McMahon_et_al_2024,Bd_McMahon_et_al_2024_1,2024,natural_chem,prevalence_other,prevalence,1,14,14,39,103,6,7,7,NA,1,NA,0,15,15,NA,%,FALSE,NA,28.57142857,NA,60,NA,FALSE,Pseudacris regilla,Pseudacris regilla,Hylidae,wild,no,larva,larva,SAME,laboratory,unclear,unclear,unclear,same,unclear,unclear,1,NA,NA,1,103_T_6,103_C_1
Bd,McMahon_et_al_2024,Bd_McMahon_et_al_2024_1,2024,natural_chem,prevalence_other,prevalence,1,14,14,39,103,7,7,7,NA,1,NA,0,15,15,NA,%,FALSE,NA,42.85714286,NA,60,NA,FALSE,Pseudacris regilla,Pseudacris regilla,Hylidae,wild,no,larva,larva,SAME,laboratory,unclear,unclear,unclear,same,unclear,unclear,1,NA,NA,1,103_T_7,103_C_1
Bd,McMahon_et_al_2024,Bd_McMahon_et_al_2024_1,2024,natural_chem,prevalence_other,prevalence,1,14,14,39,103,8,6,6,NA,1,NA,0,15,15,NA,%,FALSE,NA,16.66666667,NA,60,NA,FALSE,Pseudacris regilla,Pseudacris regilla,Hylidae,wild,no,larva,larva,SAME,laboratory,unclear,unclear,unclear,same,unclear,unclear,1,NA,NA,1,103_T_8,103_C_1
Bd,McMahon_et_al_2024,Bd_McMahon_et_al_2024_1,2024,natural_chem,prevalence_other,prevalence,1,14,14,39,103,9,6,6,NA,1,NA,0,15,15,NA,%,FALSE,NA,0,NA,60,NA,FALSE,Pseudacris regilla,Pseudacris regilla,Hylidae,wild,no,larva,larva,SAME,laboratory,unclear,unclear,unclear,same,unclear,unclear,1,NA,NA,1,103_T_9,103_C_1
Bd,McMahon_et_al_2024,Bd_McMahon_et_al_2024_1,2024,natural_chem,prevalence_other,prevalence,1,14,14,39,103,10,6,6,NA,1,NA,0,15,15,NA,%,FALSE,NA,0,NA,60,NA,FALSE,Pseudacris regilla,Pseudacris regilla,Hylidae,wild,no,larva,larva,SAME,laboratory,unclear,unclear,unclear,same,unclear,unclear,1,NA,NA,1,103_T_10,103_C_1
Bd,McMahon_et_al_2024,Bd_McMahon_et_al_2024_1,2024,natural_chem,prevalence_other,prevalence,1,14,14,39,103,11,6,6,NA,1,NA,0,15,15,NA,%,FALSE,NA,0,NA,60,NA,FALSE,Pseudacris regilla,Pseudacris regilla,Hylidae,wild,no,larva,larva,SAME,laboratory,unclear,unclear,unclear,same,unclear,unclear,1,NA,NA,1,103_T_11,103_C_1
Bd,McMahon_et_al_2024,Bd_McMahon_et_al_2024_1,2024,natural_chem,prevalence_other,prevalence,1,14,14,39,103,12,5,5,NA,1,NA,0,15,15,NA,%,FALSE,NA,40,NA,60,NA,FALSE,Pseudacris regilla,Pseudacris regilla,Hylidae,wild,no,larva,larva,SAME,laboratory,unclear,unclear,unclear,same,unclear,unclear,1,NA,NA,1,103_T_12,103_C_1
Bd,McMahon_et_al_2024,Bd_McMahon_et_al_2024_1,2024,natural_chem,prevalence_other,prevalence,1,14,14,39,103,13,4,4,NA,1,NA,0,15,15,NA,%,FALSE,NA,25,NA,60,NA,FALSE,Pseudacris regilla,Pseudacris regilla,Hylidae,wild,no,larva,larva,SAME,laboratory,unclear,unclear,unclear,same,unclear,unclear,1,NA,NA,1,103_T_13,103_C_1
Bd,McMahon_et_al_2024,Bd_McMahon_et_al_2024_1,2024,natural_chem,intensity_other,intensity,1,14,14,39,104,1,2,2,2,1,60,0,9,9,9,# of genome equivalents,FALSE,SD,233.2758,293.69121,5740.3303,15949.67262,FALSE,Pseudacris regilla,Pseudacris regilla,Hylidae,wild,no,larva,larva,SAME,laboratory,unclear,unclear,unclear,same,unclear,unclear,1,293.69121,15949.67262,1,104_T_1,104_C_1
Bd,McMahon_et_al_2024,Bd_McMahon_et_al_2024_1,2024,natural_chem,intensity_other,intensity,1,14,14,39,104,2,2,2,2,1,60,0,9,9,9,# of genome equivalents,FALSE,SD,155.68,175.85245,5740.3303,15949.67262,FALSE,Pseudacris regilla,Pseudacris regilla,Hylidae,wild,no,larva,larva,SAME,laboratory,unclear,unclear,unclear,same,unclear,unclear,1,175.85245,15949.67262,1,104_T_2,104_C_1
Bd,McMahon_et_al_2024,Bd_McMahon_et_al_2024_1,2024,natural_chem,intensity_other,intensity,1,14,14,39,104,3,3,3,3,1,60,0,9,9,9,# of genome equivalents,FALSE,SD,417.1806,102.27927,5740.3303,15949.67262,FALSE,Pseudacris regilla,Pseudacris regilla,Hylidae,wild,no,larva,larva,SAME,laboratory,unclear,unclear,unclear,same,unclear,unclear,1,102.27927,15949.67262,1,104_T_3,104_C_1
Bd,McMahon_et_al_2024,Bd_McMahon_et_al_2024_1,2024,natural_chem,intensity_other,intensity,1,14,14,39,104,5,2,2,2,1,60,0,9,9,9,# of genome equivalents,FALSE,SD,532.3176,189.5882,5740.3303,15949.67262,FALSE,Pseudacris regilla,Pseudacris regilla,Hylidae,wild,no,larva,larva,SAME,laboratory,unclear,unclear,unclear,same,unclear,unclear,1,189.5882,15949.67262,1,104_T_5,104_C_1
Bd,McMahon_et_al_2024,Bd_McMahon_et_al_2024_1,2024,natural_chem,intensity_other,intensity,1,14,14,39,104,6,2,2,2,1,60,0,9,9,9,# of genome equivalents,FALSE,SD,150.5886,172.23763,5740.3303,15949.67262,FALSE,Pseudacris regilla,Pseudacris regilla,Hylidae,wild,no,larva,larva,SAME,laboratory,unclear,unclear,unclear,same,unclear,unclear,1,172.23763,15949.67262,1,104_T_6,104_C_1
Bd,McMahon_et_al_2024,Bd_McMahon_et_al_2024_1,2024,natural_chem,intensity_other,intensity,1,14,14,39,104,7,3,3,3,1,60,0,9,9,9,# of genome equivalents,FALSE,SD,288.8597,77.44108,5740.3303,15949.67262,FALSE,Pseudacris regilla,Pseudacris regilla,Hylidae,wild,no,larva,larva,SAME,laboratory,unclear,unclear,unclear,same,unclear,unclear,1,77.44108,15949.67262,1,104_T_7,104_C_1
Bd,McMahon_et_al_2024,Bd_McMahon_et_al_2024_1,2024,natural_chem,intensity_other,intensity,1,14,14,39,104,8,1,1,NA,1,60,0,9,9,9,# of genome equivalents,FALSE,SD,647.141,NA,5740.3303,15949.67262,FALSE,Pseudacris regilla,Pseudacris regilla,Hylidae,wild,no,larva,larva,SAME,laboratory,unclear,unclear,unclear,same,unclear,unclear,1,NA,15949.67262,1,104_T_8,104_C_1
Bd,McMahon_et_al_2024,Bd_McMahon_et_al_2024_1,2024,natural_chem,intensity_other,intensity,1,14,14,39,104,12,2,2,2,1,60,0,9,9,9,# of genome equivalents,FALSE,SD,383.8958,63.67956,5740.3303,15949.67262,FALSE,Pseudacris regilla,Pseudacris regilla,Hylidae,wild,no,larva,larva,SAME,laboratory,unclear,unclear,unclear,same,unclear,unclear,1,63.67956,15949.67262,1,104_T_12,104_C_1
Bd,McMahon_et_al_2024,Bd_McMahon_et_al_2024_1,2024,natural_chem,intensity_other,intensity,1,14,14,39,104,13,1,1,NA,1,60,0,9,9,9,# of genome equivalents,FALSE,SD,209.5843,NA,5740.3303,15949.67262,FALSE,Pseudacris regilla,Pseudacris regilla,Hylidae,wild,no,larva,larva,SAME,laboratory,unclear,unclear,unclear,same,unclear,unclear,1,NA,15949.67262,1,104_T_13,104_C_1
Bd,McMahon_et_al_2024,Bd_McMahon_et_al_2024_2,2024,natural_chem,mortality,mortality,NA,24,24,40,105,1,8,8,NA,1,86.66666667,11.11111111,18,18,NA,%,FALSE,NA,12.5,NA,11.11111111,NA,FALSE,Pseudacris regilla,Pseudacris regilla,Hylidae,wild,no,juvenile,juvenile,SAME,laboratory,unclear,unclear,unclear,same,unclear,unclear,1,NA,NA,2,105_T_1,105_C_1
Bd,McMahon_et_al_2024,Bd_McMahon_et_al_2024_2,2024,natural_chem,mortality,mortality,NA,24,24,40,105,2,8,8,NA,1,86.66666667,11.11111111,18,18,NA,%,FALSE,NA,37.5,NA,11.11111111,NA,FALSE,Pseudacris regilla,Pseudacris regilla,Hylidae,wild,no,juvenile,juvenile,SAME,laboratory,unclear,unclear,unclear,same,unclear,unclear,1,NA,NA,2,105_T_2,105_C_1
Bd,McMahon_et_al_2024,Bd_McMahon_et_al_2024_2,2024,natural_chem,mortality,mortality,NA,24,24,40,105,3,10,10,NA,1,86.66666667,11.11111111,18,18,NA,%,FALSE,NA,0,NA,11.11111111,NA,FALSE,Pseudacris regilla,Pseudacris regilla,Hylidae,wild,no,juvenile,juvenile,SAME,laboratory,unclear,unclear,unclear,same,unclear,unclear,1,NA,NA,2,105_T_3,105_C_1
Bd,McMahon_et_al_2024,Bd_McMahon_et_al_2024_2,2024,natural_chem,mortality,mortality,NA,24,24,40,105,4,7,7,NA,1,86.66666667,11.11111111,18,18,NA,%,FALSE,NA,28.57142857,NA,11.11111111,NA,FALSE,Pseudacris regilla,Pseudacris regilla,Hylidae,wild,no,juvenile,juvenile,SAME,laboratory,unclear,unclear,unclear,same,unclear,unclear,1,NA,NA,2,105_T_4,105_C_1
Bd,McMahon_et_al_2024,Bd_McMahon_et_al_2024_2,2024,natural_chem,mortality,mortality,NA,24,24,40,105,5,9,9,NA,1,86.66666667,11.11111111,18,18,NA,%,FALSE,NA,11.11111111,NA,11.11111111,NA,FALSE,Pseudacris regilla,Pseudacris regilla,Hylidae,wild,no,juvenile,juvenile,SAME,laboratory,unclear,unclear,unclear,same,unclear,unclear,1,NA,NA,2,105_T_5,105_C_1
Bd,McMahon_et_al_2024,Bd_McMahon_et_al_2024_2,2024,natural_chem,mortality,mortality,NA,24,24,40,105,6,9,9,NA,1,86.66666667,11.11111111,18,18,NA,%,FALSE,NA,11.11111111,NA,11.11111111,NA,FALSE,Pseudacris regilla,Pseudacris regilla,Hylidae,wild,no,juvenile,juvenile,SAME,laboratory,unclear,unclear,unclear,same,unclear,unclear,1,NA,NA,2,105_T_6,105_C_1
Bd,McMahon_et_al_2024,Bd_McMahon_et_al_2024_2,2024,natural_chem,mortality,mortality,NA,24,24,40,105,7,10,10,NA,1,86.66666667,11.11111111,18,18,NA,%,FALSE,NA,20,NA,11.11111111,NA,FALSE,Pseudacris regilla,Pseudacris regilla,Hylidae,wild,no,juvenile,juvenile,SAME,laboratory,unclear,unclear,unclear,same,unclear,unclear,1,NA,NA,2,105_T_7,105_C_1
Bd,McMahon_et_al_2024,Bd_McMahon_et_al_2024_2,2024,natural_chem,mortality,mortality,NA,24,24,40,105,8,9,9,NA,1,86.66666667,11.11111111,18,18,NA,%,FALSE,NA,22.22222222,NA,11.11111111,NA,FALSE,Pseudacris regilla,Pseudacris regilla,Hylidae,wild,no,juvenile,juvenile,SAME,laboratory,unclear,unclear,unclear,same,unclear,unclear,1,NA,NA,2,105_T_8,105_C_1
Bd,McMahon_et_al_2024,Bd_McMahon_et_al_2024_2,2024,natural_chem,mortality,mortality,NA,24,24,40,105,9,10,10,NA,1,86.66666667,11.11111111,18,18,NA,%,FALSE,NA,20,NA,11.11111111,NA,FALSE,Pseudacris regilla,Pseudacris regilla,Hylidae,wild,no,juvenile,juvenile,SAME,laboratory,unclear,unclear,unclear,same,unclear,unclear,1,NA,NA,2,105_T_9,105_C_1
Bd,McMahon_et_al_2024,Bd_McMahon_et_al_2024_2,2024,natural_chem,prevalence_other,prevalence,1,14,14,40,106,1,7,7,NA,1,NA,11.11111111,15,15,NA,%,FALSE,NA,14.28571429,NA,86.66666667,NA,FALSE,Pseudacris regilla,Pseudacris regilla,Hylidae,wild,no,juvenile,juvenile,SAME,laboratory,unclear,unclear,unclear,same,unclear,unclear,1,NA,NA,2,106_T_1,106_C_1
Bd,McMahon_et_al_2024,Bd_McMahon_et_al_2024_2,2024,natural_chem,prevalence_other,prevalence,1,14,14,40,106,2,5,5,NA,1,NA,11.11111111,15,15,NA,%,FALSE,NA,0,NA,86.66666667,NA,FALSE,Pseudacris regilla,Pseudacris regilla,Hylidae,wild,no,juvenile,juvenile,SAME,laboratory,unclear,unclear,unclear,same,unclear,unclear,1,NA,NA,2,106_T_2,106_C_1
Bd,McMahon_et_al_2024,Bd_McMahon_et_al_2024_2,2024,natural_chem,prevalence_other,prevalence,1,14,14,40,106,3,10,10,NA,1,NA,11.11111111,15,15,NA,%,FALSE,NA,0,NA,86.66666667,NA,FALSE,Pseudacris regilla,Pseudacris regilla,Hylidae,wild,no,juvenile,juvenile,SAME,laboratory,unclear,unclear,unclear,same,unclear,unclear,1,NA,NA,2,106_T_3,106_C_1
Bd,McMahon_et_al_2024,Bd_McMahon_et_al_2024_2,2024,natural_chem,prevalence_other,prevalence,1,14,14,40,106,4,4,4,NA,1,NA,11.11111111,15,15,NA,%,FALSE,NA,25,NA,86.66666667,NA,FALSE,Pseudacris regilla,Pseudacris regilla,Hylidae,wild,no,juvenile,juvenile,SAME,laboratory,unclear,unclear,unclear,same,unclear,unclear,1,NA,NA,2,106_T_4,106_C_1
Bd,McMahon_et_al_2024,Bd_McMahon_et_al_2024_2,2024,natural_chem,prevalence_other,prevalence,1,14,14,40,106,5,8,8,NA,1,NA,11.11111111,15,15,NA,%,FALSE,NA,25,NA,86.66666667,NA,FALSE,Pseudacris regilla,Pseudacris regilla,Hylidae,wild,no,juvenile,juvenile,SAME,laboratory,unclear,unclear,unclear,same,unclear,unclear,1,NA,NA,2,106_T_5,106_C_1
Bd,McMahon_et_al_2024,Bd_McMahon_et_al_2024_2,2024,natural_chem,prevalence_other,prevalence,1,14,14,40,106,6,8,8,NA,1,NA,11.11111111,15,15,NA,%,FALSE,NA,0,NA,86.66666667,NA,FALSE,Pseudacris regilla,Pseudacris regilla,Hylidae,wild,no,juvenile,juvenile,SAME,laboratory,unclear,unclear,unclear,same,unclear,unclear,1,NA,NA,2,106_T_6,106_C_1
Bd,McMahon_et_al_2024,Bd_McMahon_et_al_2024_2,2024,natural_chem,prevalence_other,prevalence,1,14,14,40,106,7,8,8,NA,1,NA,11.11111111,15,15,NA,%,FALSE,NA,50,NA,86.66666667,NA,FALSE,Pseudacris regilla,Pseudacris regilla,Hylidae,wild,no,juvenile,juvenile,SAME,laboratory,unclear,unclear,unclear,same,unclear,unclear,1,NA,NA,2,106_T_7,106_C_1
Bd,McMahon_et_al_2024,Bd_McMahon_et_al_2024_2,2024,natural_chem,prevalence_other,prevalence,1,14,14,40,106,8,7,7,NA,1,NA,11.11111111,15,15,NA,%,FALSE,NA,28.57142857,NA,86.66666667,NA,FALSE,Pseudacris regilla,Pseudacris regilla,Hylidae,wild,no,juvenile,juvenile,SAME,laboratory,unclear,unclear,unclear,same,unclear,unclear,1,NA,NA,2,106_T_8,106_C_1
Bd,McMahon_et_al_2024,Bd_McMahon_et_al_2024_2,2024,natural_chem,prevalence_other,prevalence,1,14,14,40,106,9,8,8,NA,1,NA,11.11111111,15,15,NA,%,FALSE,NA,25,NA,86.66666667,NA,FALSE,Pseudacris regilla,Pseudacris regilla,Hylidae,wild,no,juvenile,juvenile,SAME,laboratory,unclear,unclear,unclear,same,unclear,unclear,1,NA,NA,2,106_T_9,106_C_1
Bd,McMahon_et_al_2024,Bd_McMahon_et_al_2024_2,2024,natural_chem,intensity_other,intensity,1,14,14,40,107,1,1,1,NA,1,86.66666667,11.11111111,13,13,13,# of genome equivalents,FALSE,SD,0.5778149,NA,1450.463379,1046.694483,FALSE,Pseudacris regilla,Pseudacris regilla,Hylidae,wild,no,juvenile,juvenile,SAME,laboratory,unclear,unclear,unclear,same,unclear,unclear,1,NA,1046.694483,2,107_T_1,107_C_1
Bd,McMahon_et_al_2024,Bd_McMahon_et_al_2024_2,2024,natural_chem,intensity_other,intensity,1,14,14,40,107,4,1,1,NA,1,86.66666667,11.11111111,13,13,13,# of genome equivalents,FALSE,SD,35.3638686,NA,1450.463379,1046.694483,FALSE,Pseudacris regilla,Pseudacris regilla,Hylidae,wild,no,juvenile,juvenile,SAME,laboratory,unclear,unclear,unclear,same,unclear,unclear,1,NA,1046.694483,2,107_T_4,107_C_1
Bd,McMahon_et_al_2024,Bd_McMahon_et_al_2024_2,2024,natural_chem,intensity_other,intensity,1,14,14,40,107,5,2,2,2,1,86.66666667,11.11111111,13,13,13,# of genome equivalents,FALSE,SD,5.573876,7.8479397,1450.463379,1046.694483,FALSE,Pseudacris regilla,Pseudacris regilla,Hylidae,wild,no,juvenile,juvenile,SAME,laboratory,unclear,unclear,unclear,same,unclear,unclear,1,7.8479397,1046.694483,2,107_T_5,107_C_1
Bd,McMahon_et_al_2024,Bd_McMahon_et_al_2024_2,2024,natural_chem,intensity_other,intensity,1,14,14,40,107,7,4,4,4,1,86.66666667,11.11111111,13,13,13,# of genome equivalents,FALSE,SD,77.1288972,83.0649077,1450.463379,1046.694483,FALSE,Pseudacris regilla,Pseudacris regilla,Hylidae,wild,no,juvenile,juvenile,SAME,laboratory,unclear,unclear,unclear,same,unclear,unclear,1,83.0649077,1046.694483,2,107_T_7,107_C_1
Bd,McMahon_et_al_2024,Bd_McMahon_et_al_2024_2,2024,natural_chem,intensity_other,intensity,1,14,14,40,107,8,2,2,2,1,86.66666667,11.11111111,13,13,13,# of genome equivalents,FALSE,SD,450.6224639,494.4369828,1450.463379,1046.694483,FALSE,Pseudacris regilla,Pseudacris regilla,Hylidae,wild,no,juvenile,juvenile,SAME,laboratory,unclear,unclear,unclear,same,unclear,unclear,1,494.4369828,1046.694483,2,107_T_8,107_C_1
Bd,McMahon_et_al_2024,Bd_McMahon_et_al_2024_2,2024,natural_chem,intensity_other,intensity,1,14,14,40,107,9,2,2,2,1,86.66666667,11.11111111,13,13,13,# of genome equivalents,FALSE,SD,0.6290871,0.1068181,1450.463379,1046.694483,FALSE,Pseudacris regilla,Pseudacris regilla,Hylidae,wild,no,juvenile,juvenile,SAME,laboratory,unclear,unclear,unclear,same,unclear,unclear,1,0.1068181,1046.694483,2,107_T_9,107_C_1
Bd,Nordheim_et_al_2022,Bd_Nordheim_et_al_2022_1,2022,dead_pathogen,mortality,mortality,NA,14,14,11,31,2,20,20,NA,1,76,0,25,25,NA,%,FALSE,NA,0,NA,0,NA,FALSE,Osteopilus septentrionalis,Osteopilus septentrionalis,Hylidae,wild,no,larva,larva,SAME,laboratory,unclear,unclear,unclear,same,unclear,unclear,1,NA,NA,1,31_T_2,31_C_1
Bd,Nordheim_et_al_2022,Bd_Nordheim_et_al_2022_1,2022,natural_chem,mortality,mortality,NA,14,14,11,31,1,27,27,NA,1,76,0,25,25,NA,%,FALSE,NA,0,NA,0,NA,FALSE,Osteopilus septentrionalis,Osteopilus septentrionalis,Hylidae,wild,no,larva,larva,SAME,laboratory,unclear,unclear,unclear,same,unclear,unclear,1,NA,NA,1,31_T_1,31_C_1
Bd,Nordheim_et_al_2022,Bd_Nordheim_et_al_2022_1,2022,dead_pathogen,prevalence_other,prevalence,1,14,14,11,32,2,20,20,NA,1,NA,0,25,25,NA,%,FALSE,NA,50,NA,76,NA,FALSE,Osteopilus septentrionalis,Osteopilus septentrionalis,Hylidae,wild,no,larva,larva,SAME,laboratory,unclear,unclear,unclear,same,unclear,unclear,1,NA,NA,1,32_T_2,32_C_1
Bd,Nordheim_et_al_2022,Bd_Nordheim_et_al_2022_1,2022,natural_chem,prevalence_other,prevalence,1,14,14,11,32,1,27,27,NA,1,NA,0,25,25,NA,%,FALSE,NA,25.92592593,NA,76,NA,FALSE,Osteopilus septentrionalis,Osteopilus septentrionalis,Hylidae,wild,no,larva,larva,SAME,laboratory,unclear,unclear,unclear,same,unclear,unclear,1,NA,NA,1,32_T_1,32_C_1
Bd,Nordheim_et_al_2022,Bd_Nordheim_et_al_2022_1,2022,dead_pathogen,intensity_other,intensity,1,14,14,11,33,2,10,10,10,1,76,0,19,19,19,genomic equivalent,FALSE,SD,744.8421,430.61257,997.6606,1148.41444,FALSE,Osteopilus septentrionalis,Osteopilus septentrionalis,Hylidae,wild,no,larva,larva,SAME,laboratory,unclear,unclear,unclear,same,unclear,unclear,1,430.61257,1148.41444,1,33_T_2,33_C_1
Bd,Nordheim_et_al_2022,Bd_Nordheim_et_al_2022_1,2022,natural_chem,intensity_other,intensity,1,14,14,11,33,1,7,7,7,1,76,0,19,19,19,genomic equivalent,FALSE,SD,203.7775,117.21259,997.6606,1148.41444,FALSE,Osteopilus septentrionalis,Osteopilus septentrionalis,Hylidae,wild,no,larva,larva,SAME,laboratory,unclear,unclear,unclear,same,unclear,unclear,1,117.21259,1148.41444,1,33_T_1,33_C_1
Bd,Robak_and_Richards-Zawacki_2018,Bd_Robak_and_Richards-Zawacki_2018_1,2018,probiotic,mortality,mortality,NA,55.33437014,62.05128205,21,53,1,11,11,NA,1,91.13924051,89.77272727,10,10,NA,%,FALSE,NA,100,NA,89.77272727,NA,FALSE,Acris crepitans,Acris crepitans,Hylidae,wild,no,adult,adult,SAME,laboratory,unclear,unclear,Sachatamia ilex,NA,unclear,2005,1,NA,NA,1,53_T_1,53_C_1
Bd,Robak_and_Richards-Zawacki_2018,Bd_Robak_and_Richards-Zawacki_2018_1,2018,probiotic,prevalence_average,prevalence,9,31.5,31.5,21,55,1,11,11,NA,1,NA,89.77272727,10,10,NA,%,FALSE,SE,93.88185654,NA,91.13924051,NA,FALSE,Acris crepitans,Acris crepitans,Hylidae,wild,no,adult,adult,SAME,laboratory,unclear,unclear,Sachatamia ilex,NA,unclear,2005,1,NA,NA,1,55_T_1,55_C_1
Bd,Robak_and_Richards-Zawacki_2018,Bd_Robak_and_Richards-Zawacki_2018_1,2018,probiotic,intensity_average,intensity,9,31.5,31.5,21,57,1,11,11,11,1,91.13924051,89.77272727,10,10,10,# of log10 (plasmid equivalents + 1),log10(X+1),SE,4.756,0.16,4.349,0.256,TRUE,Acris crepitans,Acris crepitans,Hylidae,wild,no,adult,adult,SAME,laboratory,unclear,unclear,Sachatamia ilex,NA,unclear,2005,1,0.5,0.8,1,57_T_1,57_C_1
Bd,Robak_and_Richards-Zawacki_2018,Bd_Robak_and_Richards-Zawacki_2018_2,2018,probiotic,mortality,mortality,NA,62.11538462,62.11538462,22,54,1,11,11,NA,1,20.46413502,90,10,10,NA,%,FALSE,NA,81.81818182,NA,90,NA,FALSE,Acris crepitans,Acris crepitans,Hylidae,wild,no,adult,adult,SAME,laboratory,unclear,unclear,Sachatamia ilex,NA,unclear,2005,1,NA,NA,2,54_T_1,54_C_1
Bd,Robak_and_Richards-Zawacki_2018,Bd_Robak_and_Richards-Zawacki_2018_2,2018,probiotic,prevalence_average,prevalence,9,31.5,31.5,22,56,1,11,11,NA,1,NA,90,10,10,NA,%,FALSE,SE,25.94936709,NA,20.46413502,NA,FALSE,Acris crepitans,Acris crepitans,Hylidae,wild,no,adult,adult,SAME,laboratory,unclear,unclear,Sachatamia ilex,NA,unclear,2005,1,NA,NA,2,56_T_1,56_C_1
Bd,Robak_and_Richards-Zawacki_2018,Bd_Robak_and_Richards-Zawacki_2018_2,2018,probiotic,intensity_average,intensity,9,31.5,31.5,22,58,1,11,11,11,1,20.46413502,90,10,10,10,# of log10 (plasmid equivalents + 1),log10(X+1),SE,0.762,0.19,0.625,0.276,TRUE,Acris crepitans,Acris crepitans,Hylidae,wild,no,adult,adult,SAME,laboratory,unclear,unclear,Sachatamia ilex,NA,unclear,2005,1,0.6,0.9,2,58_T_1,58_C_1
Bd,Rohr_et_al_2017,Bd_Rohr_et_al_2017_1,2017,live_pathogen,prevalence_other,prevalence,1,33,33,44,114,7,3,3,NA,1,NA,0,10,10,NA,%,FALSE,NA,0,NA,40,NA,FALSE,Osteopilus septentrionalis,Osteopilus septentrionalis,Hylidae,wild,no,larva,juvenile,DIFFERENT,laboratory,unclear,unclear,Rana catesbeiana,same,12,2006,71,NA,NA,1,114_T_7,114_C_1
Bd,Rohr_et_al_2017,Bd_Rohr_et_al_2017_1,2017,synthetic_antiparastics,prevalence_other,prevalence,1,33,33,44,114,1,8,8,NA,1,NA,0,10,10,NA,%,FALSE,NA,75,NA,40,NA,FALSE,Osteopilus septentrionalis,Osteopilus septentrionalis,Hylidae,wild,no,larva,juvenile,DIFFERENT,laboratory,unclear,unclear,Rana catesbeiana,NA,12,2006,71,NA,NA,1,114_T_1,114_C_1
Bd,Rohr_et_al_2017,Bd_Rohr_et_al_2017_1,2017,synthetic_antiparastics,prevalence_other,prevalence,1,33,33,44,114,2,6,6,NA,1,NA,0,10,10,NA,%,FALSE,NA,66.66666667,NA,40,NA,FALSE,Osteopilus septentrionalis,Osteopilus septentrionalis,Hylidae,wild,no,larva,juvenile,DIFFERENT,laboratory,unclear,unclear,Rana catesbeiana,NA,12,2006,71,NA,NA,1,114_T_2,114_C_1
Bd,Rohr_et_al_2017,Bd_Rohr_et_al_2017_1,2017,synthetic_antiparastics,prevalence_other,prevalence,1,33,33,44,114,3,11,11,NA,1,NA,0,10,10,NA,%,FALSE,NA,81.81818182,NA,40,NA,FALSE,Osteopilus septentrionalis,Osteopilus septentrionalis,Hylidae,wild,no,larva,juvenile,DIFFERENT,laboratory,unclear,unclear,Rana catesbeiana,NA,12,2006,71,NA,NA,1,114_T_3,114_C_1
Bd,Rohr_et_al_2017,Bd_Rohr_et_al_2017_1,2017,synthetic_antiparastics,intensity_other,intensity,1,33,33,44,115,1,6,6,6,1,40,0,4,4,4,# of zoospore equivalents,FALSE,SD,2197.4533,3824.32835,99.4225,54.66453,FALSE,Osteopilus septentrionalis,Osteopilus septentrionalis,Hylidae,wild,no,larva,juvenile,DIFFERENT,laboratory,unclear,unclear,Rana catesbeiana,NA,12,2006,71,3824.32835,54.66453,1,115_T_1,115_C_1
Bd,Rohr_et_al_2017,Bd_Rohr_et_al_2017_1,2017,synthetic_antiparastics,intensity_other,intensity,1,33,33,44,115,2,4,4,4,1,40,0,4,4,4,# of zoospore equivalents,FALSE,SD,2040.245,2683.61648,99.4225,54.66453,FALSE,Osteopilus septentrionalis,Osteopilus septentrionalis,Hylidae,wild,no,larva,juvenile,DIFFERENT,laboratory,unclear,unclear,Rana catesbeiana,NA,12,2006,71,2683.61648,54.66453,1,115_T_2,115_C_1
Bd,Rohr_et_al_2017,Bd_Rohr_et_al_2017_1,2017,synthetic_antiparastics,intensity_other,intensity,1,33,33,44,115,3,9,9,9,1,40,0,4,4,4,# of zoospore equivalents,FALSE,SD,1361.3144,2358.65636,99.4225,54.66453,FALSE,Osteopilus septentrionalis,Osteopilus septentrionalis,Hylidae,wild,no,larva,juvenile,DIFFERENT,laboratory,unclear,unclear,Rana catesbeiana,NA,12,2006,71,2358.65636,54.66453,1,115_T_3,115_C_1
Bd,Rohr_et_al_2017,Bd_Rohr_et_al_2017_1,2017,live_pathogen,mortality,mortality,NA,86,86,44,116,7,4,4,NA,1,40,0,10,10,NA,%,FALSE,NA,25,NA,0,NA,FALSE,Osteopilus septentrionalis,Osteopilus septentrionalis,Hylidae,wild,no,larva,juvenile,DIFFERENT,laboratory,unclear,unclear,Rana catesbeiana,same,12,2006,71,NA,NA,1,116_T_7,116_C_1
Bd,Rohr_et_al_2017,Bd_Rohr_et_al_2017_1,2017,synthetic_antiparastics,mortality,mortality,NA,86,86,44,116,1,25,25,NA,1,40,0,10,10,NA,%,FALSE,SE,32.09606987,NA,0,NA,FALSE,Osteopilus septentrionalis,Osteopilus septentrionalis,Hylidae,wild,no,larva,juvenile,DIFFERENT,laboratory,unclear,unclear,Rana catesbeiana,NA,12,2006,71,NA,NA,1,116_T_1,116_C_1
Bd,Rollins-Smith_et_al_2009,Bd_Rollins-Smith_et_al_2009_1,2009,dead_pathogen,mortality,mortality,NA,35,35,30,77,1,15,15,NA,1,NA,100,14,14,NA,%,FALSE,NA,100,NA,100,NA,FALSE,Anaxyrus boreas,Anaxyrus boreas,Bufonidae,captive,no,juvenile,juvenile,SAME,laboratory,unclear,unclear,Bufo boreas,unclear,unclear,unclear,NA,NA,NA,1,77_T_1,77_C_1
Bd,Sauer_et_al_2018,Bd_Sauer_et_al_2018_1,2018,live_pathogen,mortality,mortality,NA,14,14,55,139,1,14,14,NA,1,0,0,9,9,NA,%,FALSE,NA,0,NA,0,NA,FALSE,Osteopilus septentrionalis,Osteopilus septentrionalis,Hylidae,wild,no,adult,adult,SAME,laboratory,unclear,unclear,unclear,same,unclear,unclear,4,NA,NA,1,139_T_1,139_C_1
Bd,Sauer_et_al_2018,Bd_Sauer_et_al_2018_1,2018,live_pathogen,prevalence_other,prevalence,1,14,14,55,140,1,14,14,NA,1,NA,0,9,9,NA,%,FALSE,NA,0,NA,0,NA,FALSE,Osteopilus septentrionalis,Osteopilus septentrionalis,Hylidae,wild,no,adult,adult,SAME,laboratory,unclear,unclear,unclear,same,unclear,unclear,4,NA,NA,1,140_T_1,140_C_1
Bd,Stice_and_Briggs_2010,Bd_Stice_and_Briggs_2010_1,2010,dead_pathogen,mortality,mortality,NA,108,108,37,96,1,20,20,NA,1,90,35,20,20,NA,%,FALSE,NA,40,NA,35,NA,FALSE,Rana muscosa,Rana muscosa,Ranidae,wild,no,juvenile,juvenile,SAME,laboratory,unclear,unclear,Rana muscosa,same,unclear,2002,30,NA,NA,1,96_T_1,96_C_1
Bd,Stice_and_Briggs_2010,Bd_Stice_and_Briggs_2010_1,2010,dead_pathogen,prevalence_average,prevalence,15,54,54,37,97,1,20,20,NA,1,NA,35,20,20,NA,%,FALSE,NA,75,NA,90,NA,FALSE,Rana muscosa,Rana muscosa,Ranidae,wild,no,juvenile,juvenile,SAME,laboratory,unclear,unclear,Rana muscosa,same,unclear,2002,30,NA,NA,1,97_T_1,97_C_1
Bd,Stice_and_Briggs_2010,Bd_Stice_and_Briggs_2010_1,2010,dead_pathogen,intensity_peak,intensity,15,54,54,37,98,1,20,20,20,1,90,35,20,20,20,# of Bd DNA copies,FALSE,SE,53990,78843,17831,12922,FALSE,Rana muscosa,Rana muscosa,Ranidae,wild,no,juvenile,juvenile,SAME,laboratory,unclear,unclear,Rana muscosa,same,unclear,2002,30,352596.6151,57788.94081,1,98_T_1,98_C_1
Bd,Towe_et_al_2024,Bd_Towe_et_al_2024_1,2024,synthetic_antiparastics,mortality,mortality,NA,30,30,58,145,1,4,4,NA,1,0,0,4,4,NA,%,FALSE,NA,0,NA,0,NA,FALSE,Siren lacertina,Siren lacertina,Sirenidae,wild,no,adult,adult,SAME,laboratory,unclear,unclear,unclear,NA,unclear,unclear,30,NA,NA,1,145_T_1,145_C_1
Bd,Towe_et_al_2024,Bd_Towe_et_al_2024_1,2024,synthetic_antiparastics,prevalence_other,prevalence,1,30,30,58,146,1,4,4,NA,1,NA,0,4,4,NA,%,FALSE,NA,0,NA,0,NA,FALSE,Siren lacertina,Siren lacertina,Sirenidae,wild,no,adult,adult,SAME,laboratory,unclear,unclear,unclear,NA,unclear,unclear,30,NA,NA,1,146_T_1,146_C_1
Bd,Towe_et_al_2024,Bd_Towe_et_al_2024_2,2024,synthetic_antiparastics,mortality,mortality,NA,60,60,58,147,1,4,4,NA,1,75,0,4,4,NA,%,FALSE,NA,0,NA,0,NA,FALSE,Siren lacertina,Siren lacertina,Sirenidae,wild,no,adult,adult,SAME,laboratory,unclear,unclear,unclear,NA,unclear,unclear,60,NA,NA,2,147_T_1,147_C_1
Bd,Towe_et_al_2024,Bd_Towe_et_al_2024_2,2024,synthetic_antiparastics,prevalence_peak,prevalence,10,18,12,58,148,1,4,4,NA,1,NA,0,4,4,NA,%,FALSE,NA,100,NA,75,NA,FALSE,Siren lacertina,Siren lacertina,Sirenidae,wild,no,adult,adult,SAME,laboratory,unclear,unclear,unclear,NA,unclear,unclear,60,NA,NA,2,148_T_1,148_C_1
Bd,Towe_et_al_2024,Bd_Towe_et_al_2024_2,2024,synthetic_antiparastics,intensity_peak,intensity,10,28.5,24,58,149,1,4,4,4,1,75,0,3,3,3,DNA copies / µL extracted sample,FALSE,SD,28.54299363,21.76403661,31.22923588,32.255629,FALSE,Siren lacertina,Siren lacertina,Sirenidae,wild,no,adult,adult,SAME,laboratory,unclear,unclear,unclear,NA,unclear,unclear,60,21.76403661,32.255629,2,149_T_1,149_C_1
Bd,Waddle_et_al_2021,Bd_Waddle_et_al_2021_1,2021,live_pathogen,mortality,mortality,NA,84,49,7,19,1,9,9,NA,1,100,100,11,11,NA,%,FALSE,NA,22.22222222,NA,100,NA,FALSE,Rana onca,Rana onca,Ranidae,wild,no,juvenile,juvenile,SAME,laboratory,unclear,high,Litoria caerulea,different,5,2016,238,NA,NA,1,19_T_1,19_C_1
Bd,Waddle_et_al_2021,Bd_Waddle_et_al_2021_1,2021,live_pathogen,prevalence_peak,prevalence,12,28,28,7,20,1,9,9,NA,1,NA,100,11,11,NA,%,FALSE,NA,100,NA,100,NA,FALSE,Rana onca,Rana onca,Ranidae,wild,no,juvenile,juvenile,SAME,laboratory,unclear,high,Litoria caerulea,different,5,2016,238,NA,NA,1,20_T_1,20_C_1
Bd,Waddle_et_al_2021,Bd_Waddle_et_al_2021_1,2021,live_pathogen,intensity_peak,intensity,12,48.22222,41.36364,7,21,1,9,9,9,1,100,100,11,11,11,zoospore equivalents,FALSE,SD,6148.889,12378.36,111105.909,143771.28,FALSE,Rana onca,Rana onca,Ranidae,wild,no,juvenile,juvenile,SAME,laboratory,unclear,high,Litoria caerulea,different,5,2016,238,12378.36,143771.28,1,21_T_1,21_C_1
Bd,Waddle_et_al_2021,Bd_Waddle_et_al_2021_2,2021,live_pathogen,mortality,mortality,NA,140,140,8,22,1,12,12,NA,1,100,58.33333333,12,12,NA,%,FALSE,NA,8.333333333,NA,58.33333333,NA,FALSE,Rana onca,Rana onca,Ranidae,wild,no,juvenile,juvenile,SAME,laboratory,GPL,unclear,Pseudacris regilla,same,3,2016,14,NA,NA,2,22_T_1,22_C_1
Bd,Waddle_et_al_2021,Bd_Waddle_et_al_2021_2,2021,synthetic_antiparastics,mortality,mortality,NA,140,140,8,22,2,12,12,NA,2,100,58.33333333,12,12,NA,%,FALSE,NA,58.33333333,NA,58.33333333,NA,FALSE,Rana onca,Rana onca,Ranidae,wild,no,juvenile,juvenile,SAME,laboratory,GPL,unclear,Pseudacris regilla,NA,3,2016,14,NA,NA,2,22_C_1,22_C_2
Bd,Waddle_et_al_2021,Bd_Waddle_et_al_2021_2,2021,live_pathogen,prevalence_peak,prevalence,20,14,14,8,23,1,12,12,NA,1,NA,58.33333333,12,12,NA,%,FALSE,NA,100,NA,100,NA,FALSE,Rana onca,Rana onca,Ranidae,wild,no,juvenile,juvenile,SAME,laboratory,GPL,unclear,Pseudacris regilla,same,3,2016,14,NA,NA,2,23_T_1,23_C_1
Bd,Waddle_et_al_2021,Bd_Waddle_et_al_2021_2,2021,synthetic_antiparastics,prevalence_peak,prevalence,20,14,7,8,23,2,12,12,NA,2,NA,58.33333333,12,12,NA,%,FALSE,NA,100,NA,100,NA,FALSE,Rana onca,Rana onca,Ranidae,wild,no,juvenile,juvenile,SAME,laboratory,GPL,unclear,Pseudacris regilla,NA,3,2016,14,NA,NA,2,23_C_1,23_C_2
Bd,Waddle_et_al_2021,Bd_Waddle_et_al_2021_2,2021,live_pathogen,intensity_peak,intensity,20,39.66667,41.41667,8,24,1,12,12,12,1,100,58.33333333,12,12,12,zoospore equivalents,FALSE,SD,1715.417,2767.393,18068,26259.622,FALSE,Rana onca,Rana onca,Ranidae,wild,no,juvenile,juvenile,SAME,laboratory,GPL,unclear,Pseudacris regilla,same,3,2016,14,2767.393,26259.622,2,24_T_1,24_C_1
Bd,Waddle_et_al_2021,Bd_Waddle_et_al_2021_2,2021,synthetic_antiparastics,intensity_peak,intensity,20,41.41667,35.58333,8,24,2,12,12,12,2,100,58.33333333,12,12,12,zoospore equivalents,FALSE,SD,18068,26259.622,18481.417,21712.486,FALSE,Rana onca,Rana onca,Ranidae,wild,no,juvenile,juvenile,SAME,laboratory,GPL,unclear,Pseudacris regilla,NA,3,2016,14,26259.622,21712.486,2,24_C_1,24_C_2
Bd,Waddle_et_al_2021,Bd_Waddle_et_al_2021_3,2021,live_pathogen,mortality,mortality,NA,140,140,9,25,1,12,12,NA,1,100,33.33333333,12,12,NA,%,FALSE,NA,0,NA,33.33333333,NA,FALSE,Lithobates pipiens,Rana pipiens,Ranidae,wild,no,adult,adult,SAME,laboratory,unclear,unclear,Pseudacris triseriata,same,3,2016,14,NA,NA,3,25_T_1,25_C_1
Bd,Waddle_et_al_2021,Bd_Waddle_et_al_2021_3,2021,live_pathogen,prevalence_peak,prevalence,20,7,21,9,26,1,12,12,NA,1,NA,33.33333333,12,12,NA,%,FALSE,NA,100,NA,100,NA,FALSE,Lithobates pipiens,Rana pipiens,Ranidae,wild,no,adult,adult,SAME,laboratory,unclear,unclear,Pseudacris triseriata,same,3,2016,14,NA,NA,3,26_T_1,26_C_1
Bd,Waddle_et_al_2021,Bd_Waddle_et_al_2021_3,2021,live_pathogen,intensity_peak,intensity,20,56,51.91667,9,27,1,12,12,12,1,100,33.33333333,12,12,12,zoospore equivalents,FALSE,SD,18366.92,24002.18,115583.5,138631.81,FALSE,Lithobates pipiens,Rana pipiens,Ranidae,wild,no,adult,adult,SAME,laboratory,unclear,unclear,Pseudacris triseriata,same,3,2016,14,24002.18,138631.81,3,27_T_1,27_C_1
Bd,Waddle_et_al_2021,Bd_Waddle_et_al_2021_3,2021,synthetic_antiparastics,mortality,mortality,NA,140,140,9,25,2,12,12,NA,2,100,66.66666667,12,12,NA,%,FALSE,NA,33.33333333,NA,66.66666667,NA,FALSE,Lithobates pipiens,Rana pipiens,Ranidae,wild,no,adult,adult,SAME,laboratory,unclear,unclear,Pseudacris triseriata,NA,3,2016,14,NA,NA,3,25_C_1,25_C_2
Bd,Waddle_et_al_2021,Bd_Waddle_et_al_2021_3,2021,synthetic_antiparastics,prevalence_peak,prevalence,20,21,7,9,26,2,12,12,NA,2,NA,66.66666667,12,12,NA,%,FALSE,NA,100,NA,100,NA,FALSE,Lithobates pipiens,Rana pipiens,Ranidae,wild,no,adult,adult,SAME,laboratory,unclear,unclear,Pseudacris triseriata,NA,3,2016,14,NA,NA,3,26_C_1,26_C_2
Bd,Waddle_et_al_2021,Bd_Waddle_et_al_2021_3,2021,synthetic_antiparastics,intensity_peak,intensity,20,51.91667,39.08333,9,27,2,12,12,12,2,100,66.66666667,12,12,12,zoospore equivalents,FALSE,SD,115583.5,138631.81,117657.92,74833.41,FALSE,Lithobates pipiens,Rana pipiens,Ranidae,wild,no,adult,adult,SAME,laboratory,unclear,unclear,Pseudacris triseriata,NA,3,2016,14,138631.81,74833.41,3,27_C_1,27_C_2
Bd,Waddle_et_al_2024,Bd_Waddle_et_al_2024_1,2024,live_pathogen,mortality,mortality,NA,98,98,3,9,1,22,22,NA,1,100,78,23,23,NA,%,FALSE,NA,14,NA,78,NA,FALSE,Litoria aurea,Ranoidea aurea,Hylidae,captive,no,juvenile,juvenile,SAME,laboratory,GPL,unclear,Litoria fallax,different,3,2020,42,NA,NA,1,9_T_1,9_C_1
Bd,Waddle_et_al_2024,Bd_Waddle_et_al_2024_1,2024,live_pathogen,prevalence_peak,prevalence,13,14,14,3,10,1,22,22,NA,1,NA,78,23,23,NA,%,FALSE,NA,100,NA,100,NA,FALSE,Litoria aurea,Ranoidea aurea,Hylidae,captive,no,juvenile,juvenile,SAME,laboratory,GPL,unclear,Litoria fallax,different,3,2020,42,NA,NA,1,10_T_1,10_C_1
Bd,Waddle_et_al_2024,Bd_Waddle_et_al_2024_1,2024,live_pathogen,intensity_peak,intensity,13,41.045452,47.17391,3,11,1,22,22,22,1,100,78,23,23,23,Bd-specific internal transcribed spacer (ITS) ,FALSE,SD,608585.8,2267492.46,2509267.46,3861661.99,FALSE,Litoria aurea,Ranoidea aurea,Hylidae,captive,no,juvenile,juvenile,SAME,laboratory,GPL,unclear,Litoria fallax,different,3,2020,42,2267492.46,3861661.99,1,11_T_1,11_C_1
Bd,Waddle_et_al_2024,Bd_Waddle_et_al_2024_2,2024,live_pathogen,mortality,mortality,NA,105,105,4,12,1,40,4,NA,1,93.5483871,25,40,4,NA,%,FALSE,NA,27.5,NA,25,NA,FALSE,Litoria aurea,Ranoidea aurea,Hylidae,captive,no,juvenile,juvenile,SAME,semi-natural,GPL,unclear,Litoria fallax,different,3,2020,14,NA,NA,2,12_T_1,12_C_1
Bd,Waddle_et_al_2024,Bd_Waddle_et_al_2024_2,2024,live_pathogen,prevalence_peak,prevalence,7,42,42,4,14,1,33,4,NA,1,NA,25,31,4,NA,%,FALSE,NA,84.84848485,NA,93.5483871,NA,FALSE,Litoria aurea,Ranoidea aurea,Hylidae,captive,no,juvenile,juvenile,SAME,semi-natural,GPL,unclear,Litoria fallax,different,3,2020,14,NA,NA,2,14_T_1,14_C_1
Bd,Waddle_et_al_2024,Bd_Waddle_et_al_2024_2,2024,live_pathogen,intensity_peak,intensity,7,42,42,4,16,1,28,4,28,1,93.5483871,25,29,4,29,Bd-specific internal transcribed spacer (ITS) ,FALSE,SD,269607.2,795588.3,996229.4,3800410.8,FALSE,Litoria aurea,Ranoidea aurea,Hylidae,captive,no,juvenile,juvenile,SAME,semi-natural,GPL,unclear,Litoria fallax,different,3,2020,14,795588.3,3800410.8,2,16_T_1,16_C_1
Bd,Waddle_et_al_2024,Bd_Waddle_et_al_2024_3,2024,live_pathogen,mortality,mortality,NA,105,105,5,13,1,40,4,NA,1,100,35,40,4,NA,%,FALSE,NA,20,NA,35,NA,FALSE,Litoria aurea,Ranoidea aurea,Hylidae,captive,no,juvenile,juvenile,SAME,semi-natural,GPL,unclear,Litoria fallax,different,3,2020,14,NA,NA,3,13_T_1,13_C_1
Bd,Waddle_et_al_2024,Bd_Waddle_et_al_2024_3,2024,live_pathogen,prevalence_peak,prevalence,7,42,42,5,15,1,32,4,NA,1,NA,35,25,4,NA,%,FALSE,NA,96.875,NA,100,NA,FALSE,Litoria aurea,Ranoidea aurea,Hylidae,captive,no,juvenile,juvenile,SAME,semi-natural,GPL,unclear,Litoria fallax,different,3,2020,14,NA,NA,3,15_T_1,15_C_1
Bd,Waddle_et_al_2024,Bd_Waddle_et_al_2024_3,2024,live_pathogen,intensity_peak,intensity,7,42,56,5,17,1,31,4,31,1,100,35,26,4,26,Bd-specific internal transcribed spacer (ITS) ,FALSE,SD,251049.4,681058.1,1967601.7,8907904.1,FALSE,Litoria aurea,Ranoidea aurea,Hylidae,captive,no,juvenile,juvenile,SAME,semi-natural,GPL,unclear,Litoria fallax,different,3,2020,14,681058.1,8907904.1,3,17_T_1,17_C_1
Bd,Waddle_PhD_thesis,Bd_Waddle_PhD_thesis_1,2022,live_pathogen,mortality,mortality,NA,84,84,3,150,1,19,19,NA,1,65,0,23,23,NA,%,FALSE,NA,0,NA,0,NA,FALSE,Litoria aurea,Ranoidea aurea,Hylidae,captive,no,juvenile,juvenile,SAME,laboratory,GPL,unclear,Litoria fallax,different,3,2020,50,NA,NA,1,150_T_1,150_C_1
Bd,Waddle_PhD_thesis,Bd_Waddle_PhD_thesis_1,2022,live_pathogen,prevalence_peak,prevalence,12,7,7,3,151,1,19,19,NA,1,NA,0,23,23,NA,%,FALSE,SE,63.57142857,NA,65,NA,FALSE,Litoria aurea,Ranoidea aurea,Hylidae,captive,no,juvenile,juvenile,SAME,laboratory,GPL,unclear,Litoria fallax,different,3,2020,50,NA,NA,1,151_T_1,151_C_1
Bd,Waddle_PhD_thesis,Bd_Waddle_PhD_thesis_1,2022,live_pathogen,intensity_peak,intensity,12,7,42,3,152,1,11.62353,11.62353,11.62353,1,65,0,13.93529,13.93529,13.93529,# of log10 (Bd-specific internal transcribed spacer (ITS) +1),log10(X+1)_NOSD,NA,2.993186,NA,4.667267,NA,FALSE,Litoria aurea,Ranoidea aurea,Hylidae,captive,no,juvenile,juvenile,SAME,laboratory,GPL,unclear,Litoria fallax,different,3,2020,50,NA,NA,1,152_T_1,152_C_1
Bd,Waddle_PhD_thesis,Bd_Waddle_PhD_thesis_1,2022,synthetic_antiparastics,mortality,mortality,NA,84,84,3,150,2,23,23,NA,2,100,56.52173913,23,23,NA,%,FALSE,NA,0,NA,56.52173913,NA,FALSE,Litoria aurea,Ranoidea aurea,Hylidae,captive,no,juvenile,juvenile,SAME,laboratory,GPL,unclear,Litoria fallax,NA,3,2020,50,NA,NA,1,150_C_1,150_C_2
Bd,Waddle_PhD_thesis,Bd_Waddle_PhD_thesis_1,2022,synthetic_antiparastics,prevalence_peak,prevalence,12,49,7,3,151,2,23,23,NA,2,NA,56.52173913,23,23,NA,%,FALSE,SE,65,NA,100,NA,FALSE,Litoria aurea,Ranoidea aurea,Hylidae,captive,no,juvenile,juvenile,SAME,laboratory,GPL,unclear,Litoria fallax,NA,3,2020,50,NA,NA,1,151_C_1,151_C_2
Bd,Waddle_PhD_thesis,Bd_Waddle_PhD_thesis_1,2022,synthetic_antiparastics,intensity_peak,intensity,12,42,42,3,152,2,13.93529,13.93529,13.93529,2,100,56.52173913,21,21,21,# of log10 (Bd-specific internal transcribed spacer (ITS) +1),log10(X+1)_NOSD,NA,4.667267,NA,5.354305,NA,FALSE,Litoria aurea,Ranoidea aurea,Hylidae,captive,no,juvenile,juvenile,SAME,laboratory,GPL,unclear,Litoria fallax,NA,3,2020,50,NA,NA,1,152_C_1,152_C_2
Bd,Walke_et_al_2015,Bd_Walke_et_al_2015_1,2015,probiotic,mortality,mortality,NA,42,42,45,117,1,6.5,6.5,NA,1,NA,0,6.5,6.5,NA,%,FALSE,NA,0,NA,0,NA,FALSE,Lithobates catesbeianus,Rana catesbeiana,Ranidae,wild,no,juvenile,juvenile,SAME,laboratory,unclear,high,unclear,NA,unclear,unclear,4,NA,NA,1,117_T_1,117_C_1
Bd,Walke_et_al_2015,Bd_Walke_et_al_2015_1,2015,probiotic,intensity_other,intensity,1,7,7,45,118,1,13,13,13,1,NA,0,13,13,13,# of log (zoospore equivalents),log10(X),SE,NA,NA,NA,NA,FALSE,Lithobates catesbeianus,Rana catesbeiana,Ranidae,wild,no,juvenile,juvenile,SAME,laboratory,unclear,high,unclear,NA,unclear,unclear,4,NA,NA,1,118_T_1,118_C_1
Bd,Weeks_et_al_2020,Bd_Weeks_et_al_2020_1,2020,probiotic,prevalence_average,prevalence,2,12,12,38,99,1,10,10,NA,1,NA,0,7,7,NA,%,FALSE,NA,60,NA,100,NA,FALSE,Lithobates sphenocephalus,Rana sphenocephala,Ranidae,wild,no,adult,adult,SAME,laboratory,unclear,unclear,Lithobates sphenocephalus,NA,unclear,2010,7,NA,NA,1,99_T_1,99_C_1
Bd,Weeks_et_al_2020,Bd_Weeks_et_al_2020_1,2020,probiotic,intensity_peak,intensity,2,15,15,38,100,1,6,6,6,1,100,0,7,7,7,# of zoospore genomic equivalents,FALSE,SE,2672.6,666.8,6581.3,2311.9,MAYBE,Lithobates sphenocephalus,Rana sphenocephala,Ranidae,wild,no,adult,adult,SAME,laboratory,unclear,unclear,Lithobates sphenocephalus,NA,unclear,2010,7,1633.31976,6116.712456,1,100_T_1,100_C_1
Bd,Weeks_et_al_2020,Bd_Weeks_et_al_2020_1,2020,probiotic,mortality,mortality,NA,15,15,38,101,1,10,10,NA,1,100,0,7,7,NA,%,FALSE,NA,0,NA,0,NA,FALSE,Lithobates sphenocephalus,Rana sphenocephala,Ranidae,wild,no,adult,adult,SAME,laboratory,unclear,unclear,Lithobates sphenocephalus,NA,unclear,2010,7,NA,NA,1,101_T_1,101_C_1
Bd,Woodhams_et_al_2012,Bd_Woodhams_et_al_2012_1,2012,natural_chem,mortality,mortality,NA,35,35,43,112,1,17,17,NA,1,100,82.4,17,17,NA,%,FALSE,NA,88.2,NA,82.4,NA,MAYBE,Bufo bufo,Bufo bufo,Bufonidae,wild,no,juvenile,juvenile,SAME,laboratory,unclear,unclear,Bufo Bufo + Alytes obstetricans,NA,unclear,unclear,0,NA,NA,1,112_T_1,112_C_1
Bd,Woodhams_et_al_2012,Bd_Woodhams_et_al_2012_1,2012,natural_chem,prevalence_other,prevalence,1,35,35,43,113,1,2,2,NA,1,NA,82.4,3,3,NA,%,FALSE,NA,0,NA,100,NA,MAYBE,Bufo bufo,Bufo bufo,Bufonidae,wild,no,juvenile,juvenile,SAME,laboratory,unclear,unclear,Bufo Bufo + Alytes obstetricans,NA,unclear,unclear,0,NA,NA,1,113_T_1,113_C_1
Bd,Woodhams_et_al_2020,Bd_Woodhams_et_al_2020_1,2020,probiotic,mortality,mortality,NA,37,37,42,111,1,16,16,NA,1,NA,85.09803922,14,14,NA,%,FALSE,NA,93.7254902,NA,85.09803922,NA,FALSE,Rana sierrae,Rana sierrae,Ranidae,wild,no,juvenile,juvenile,SAME,laboratory,unclear,unclear,Rana muscosa,NA,unclear,unclear,14,NA,NA,1,111_T_1,111_C_1