pathogen_type,study_id,team_id,doi,exp_id,treatment,continent,region_country,latitude,longitude,host_species,family,host_origin,split_clutch,n_T_clutches,n_C_clutches,known_sex,life_stage_treated,life_stage_tested,life_stage_matched,Location_post_exposure,post_pathogen_strain,lineage,pathogen_virulence,pathogen_origin,origin_vs_tested_species,pathogen_passage_history,year_isolation,time_interval,extra_exp_info,note,individual_rawdata
Bd,Adams_et_al_2022,Adams_Grasso,10.1002/ecs2.4294,1,LiveFungi,USA,"California, USA",38.87143427,-123.255463,Rana draytonii,Ranidae,wild,split,unclear,unclear,yes,adult,adult,SAME,laboratory,a mix of four strains: TST77; CJB4; CJB5; CJB7,unclear,"high (CJB5, CJB7) + low (TST77, CJB4)","Rana sierrae (TST77, CJB4) and Rana muscosa (CJB5, CJB7)",different,unclear,unclear,20,Laboratory Experiment 1,"(1) Only the final field experiment reported animals sex. The sex of only some individuals for experiment 1 and 2 can be known by frogID in field study becase they shared some of the focal individuals.
(2) The authors did not explicitly state the life stage of focal individuals, but they said ""96% (1,072) survived to the adult stage"" in the supplementary method, so the life stage was assumed to be 'adult'
(3) Time interval: the treatment last 31 days (method: 20 days for Bd infection + 11 days for clearance) and the post-treatment Bd exposure occurred on Day 51 (see Table 1: Bd exposure 2). Thus, the time interval is 20 days (51-31 days)
(4) While the authors stated that the infection step during the 'infection-clearance' treatment was not successful for 1 of the 19 frogs, the raw data file (Adams_etal_2022_Frog_Lab_Data) indicates that the animal (ID: 89939) was actually infected on 27/2/2017 and later self-cured. Therefore, all 19 individuals can be included in the 'infection-clearance' group. ",yes
Bd,Adams_et_al_2022,Adams_Grasso,10.1002/ecs2.4294,2,LiveFungi,USA,"California, USA",38.87143427,-123.255463,Rana draytonii,Ranidae,wild,split,unclear,unclear,yes,adult,adult,SAME,laboratory,a mix of four strains: TST77; CJB4; CJB5; CJB7,unclear,"high (CJB5, CJB7) + low (TST77, CJB4)","Rana sierrae (TST77, CJB4) and Rana muscosa (CJB5, CJB7)",different,unclear,unclear,332,Laboratory Experiment 2,"(1) Only the final field experiment reported animals sex. The sex of only some individuals for experiment 1 and 2 can be known by frogID in field study becase they shared some of the focal individuals.
(2) The authors did not explicitly state the life stage of focal individuals, but they said ""96% (1,072) survived to the adult stage"" in the supplementary method, so the life stage was assumed to be 'adult'
(3) Time interval: Experiment 1 ended on 14/5/2017 (the final day of post-treatment Bd exposure: 3/5/2017 [see raw data: Adams_etal_2022_Frog_Lab_Data] + 11 days for itraconazole treatment), and Bd re-exposure in Experiment 2 occurred on 11/4/2018 (the first date of Bd detection was 16/4/2018 [see raw data file], based on a 7-day interval). Therefore, the time interval between experiments is 332 days (i.e. 14/5/2017 to 11/4/2018)",yes
Bd,Barnett_et_al_2021,Rohr_McMahon_Civitello,10.1098/rsbl.2021.0207,1,NatChem,USA,"Florida, USA",29.05791317,-83.42374536,Osteopilus septentrionalis,Hylidae,wild,split,unclear,unclear,no,adult,adult,SAME,laboratory,JEL 270 (California strain),unclear,low,unclear,unclear,unclear,unclear,1,NA,NA,"yes, but only one measure per animal throughout the experiment"
Bd,Barnett_et_al_2021,Rohr_McMahon_Civitello,10.1098/rsbl.2021.0207,2,NatChem,USA,"Florida, USA",29.05791317,-83.42374536,Osteopilus septentrionalis,Hylidae,wild,split,unclear,unclear,no,adult,adult,SAME,laboratory,JEL 419 (isolated in Panam‡),unclear,high,unclear,unclear,unclear,2004,1,NA,NA,"yes, but only one measure per animal throughout the experiment"
Bd,Barnett_et_al_2023,Rohr_McMahon_Civitello,10.7589/JWD-D-22-00073,1,NatChem,USA,"Connecticut, USA",42.37990973,-73.10432145,Pseudacris regilla,Hylidae,wild,unclear,unclear,unclear,no,larva,larva,SAME,laboratory,JEL 270 (California strain),unclear,unclear,unclear,unclear,unclear,unclear,1,NA,"(1) Treatment = ""pre-exposure"". (2) Initial sample size = 30 tadpoles per treatment, and any deaths before Bd exposure were excluded, so the number of animals that experienced Bd inoculation should be less than 30. However, the authors did not state the number of animals used to estimate mortality during the Bd exposure period (days 12Ð24).",no
Bsal,Barnhart_et_al_2020,Rollins-Smith_Woodhams,10.1111/acv.12565,1,LiveFungi,USA,"Massachusetts, USA",42.31445305,-71.0419953,Ambystoma maculatum,Ambystomatidae,wild,split,3,3,no,juvenile,juvenile,SAME,laboratory,Bsal ==> unclear ,unclear,unclear,unclear,unclear,unclear,unclear,153,Juvenile Infection Trail II: Control = group (1) previously control on unbleached towels with Bsal (2) previously exposed on unbleached towels with Bsal ,"(1) time_interval = March to July (Figure 1)
(2) eastern newts (Notophthalmus viridescens) --> using a control to test for normal Bsal susceptibility --> not extracted
(3) fire salamanders (Salamandra salamandra) --> using for collection of mucosome (skin bacteria community) --> not extracted 
(4) Do not consider ""Group (3)"" due to no common Bsal exposure environment (i.e. soil) and ""Group (4)"" due to no re-exposure to Bsal",no
Bd,Becker_et_al_2009,Becker_Harris_Walke_Gratwicke_Minbiole,10.1128/AEM.01294-09,1,Probiotics,USA,"Virginia, USA",38.22850387,-79.42349181,Plethodon cinereus,Plethodontidae,wild,split,unclear,unclear,no,adult,adult,SAME,laboratory,JEL310,unclear,unclear,unclear,unclear,unclear,unclear,3,NA,"(1) add Janthinobacterium lividum to the skin, increasing the concentration of violacein (anti-Bd compound) on the skin 
(2) Bd load or Bd prevalence were not reported",no
Bd,Becker_et_al_2011,Becker_Harris_Walke_Gratwicke_Minbiole,10.1007/s10393-012-0743-0,1,Probiotics,USA,"Virginia, USA",37.22850387,-80.42349181,Atelopus zeteki,Bufonidae,captive,split,unclear,unclear,no,juvenile,juvenile,SAME,laboratory,JEL310,unclear,unclear,Smilisca phaeota,different,unclear,unclear,2,NA,"(1) Exposures and culturing of B. dendrobatidis and J. lividum (e.g., time interval and sham procedures for the Bd group that did not receive probiotic treatment) followed the methods described in Harris et al. (2009), The ISME Journal.
(2) Infection rate is not reported.",no
Bd,Becker_et_al_2015,Becker_Harris_Walke_Gratwicke_Minbiole,10.1098/rspb.2014.2881,1,Probiotics,USA,"DC and Maryland, USA",38.92982423,-77.04974149,Atelopus zeteki,Bufonidae,captive,split,unclear,unclear,no,adult,adult,SAME,laboratory,JEL310,unclear,unclear,Smilisca phaeota,different,unclear,unclear,3,NA,"(1) Bd load data were shown by individual infection condition (Fig. 2), but pooled across different probiotic treatments. Bd load was not extracted.",no
Bd,Becker_et_al_2021,Becker_Harris_Walke_Gratwicke_Minbiole,10.1038/s43705-021-00044-w,1,Probiotics,USA,"Maryland, USA",39.32289766,-76.64987398,Atelopus zeteki,Bufonidae,captive,unclear,unclear,unclear,no,juvenile,adult,DIFFERENT,laboratory,JEL423,GPL,high,Hylomantis lemur,different,unclear,unclear,1,NA,"(1) I did not extract the effect of genetically modified Diaphorobacter. sp. (= ""Bd + 63 F:vio"" vs ""Bd"") because ""Bd + 63 F: vio"" frogs underwent BOTH ""antibiotic"" + ""probiotic"", while ""Bd only"" frogs did not undergo either antibiotic or probiotic procedure. Therefore, it is unclear whether any differences between these two groups were due to the manipulation of antibiotics (that remove original microbes) or the addtion of new modified micriobe.
(2) in supplementary material ""60-80 subadult-adult frogsÉ"": life_stage_treated = juvenile, life_stage_Tested = adult
(3) time_interval = 1 days given ""1 day after probiotic treatment = immediately before Bd exposure""",no
Bd,Cashins_et_al_2013,Waddle_Skerratt_Shine_Aquilina_Clulow,10.1371/journal.pone.0056747,1,SynChem,AU,"Queensland, Australia",-19.32436564,146.7602737,Litoria booroolongensis,Hylidae,captive,split,unclear,unclear,no,juvenile,juvenile,SAME,laboratory,AbercrombieNP-L.booroolongensis-09-LB-P7,unclear,unclear, Litoria booroolongensis,same,unclear,unclear,80,NA,"(1) The effect of immunisation: Control = ""Treated"" and treatment = ""inoculated"" in Fig 1
(2) The effect of itraconazole: Control = ""Naive"" and treatment = ""Treated"" in Fig 1
(3) frogs were 6 months old after metamorphosis -> the males usually take 2 years and females takes three years to reach sexual maturation- --> so they were still juvenile",no
Bd,Davidson_et_al_2012,Davidson_Palmer,10.3354/dao02505,1,LiveFungi,USA,"Arizona, USA",33.41983712,-111.9339787,Ambystoma tigrinum,Ambystomatidae,unclear,split,unclear,unclear,no,juvenile,juvenile,SAME,laboratory,Pseudacris triseriata,unclear,unclear,Pseudacris triseriata,different,unclear,unclear,180,Result section: Curing experiments,"(1) This was an accidental discovery when the authors attempted to infect animals for the curing experiment (to assess how different leaf extracts cured Bd-infected animals). The method was not described in detail.
(2) Do not extract data from in vivo experiments (either Eucalyptus camaldulensis or Quercus spp.) because the rearing environment during Bd exposure consistently differed between treatments, meaning there was no common environment for post-treatment Bd exposure.
(3) Do not extract data from the main part of the ÒCuring experimentsÓ because the animals were first infected before the curing treatment, resulting in no post-treatment Bd exposure.
(4) host_origin: the animals were lab-reared, but it is unclear whether they were from wild-caught parents or wild-collected eggs
(5) life_stage = metamorphs = juveniles",no
Bd,Ellison_et_al_2014,Ellison_Zamudio,10.1534/g3.114.010744,1,LiveFungi,USA,"New York, USA",41.44695115,-77.48177852,Atelopus zeteki,Bufonidae,captive,split,1,1,yes,adult,adult,SAME,laboratory,JEL423,GPL,high,Hylomantis lemur,different,unclear,2004 (cryopreserved),30,NA,"(1) The animals were from Langhammer et al. 2013 PLoS One, so most frog info can be found there (i.e., the 10 captive-bred adults for ""pure control"" and ""na•ve-infected"" have experineced a proper shame procedure when the ""survived-infected"" frogs were exposed to JEL-427-P39). (2) Two ""survived-infected"" animals: one had never infected by J-427-P39, one had infected but then fully cleared. (3) time_interval = the time gap between two studies (30 days); (4) sex: all females; (5) the animals seemed the same as those used in ""DiRenzo et al (2014) PLoS One"" (6) Bd loads were pooled across all Bd-exposed animals (i.e. naive-infected + survived-infected), so cannot be extracted.",no
Bd,Greener_et_al_2020,Greener,10.1038/s41467-020-19241-7,1,LiveFungi,EU,"Flanders, Belgium",51.09923685,4.439779314,Alytes obstetricans,Alytidae,captive,split,unclear,unclear,no,juvenile,juvenile,SAME,laboratory,JEL423,GPL,high,unclear,unclear,unclear,unclear,99,Fig 3a. Toads exposed to hypo-virulent Bd (without infected at the start of post-treatment exposure to hyper-virulent BdJEL),"(1) their model included ""sex"" but animal sex was not shown in raw data; 
(2) time_interval = the final measurement date of ""infection"" in Source data_Figure 3 
(3) Only the toads without infection (Load_dec = 0 in ""Reinfection Alytes: loads and survival"") at the start of post-treatment Bd exposure (Time = 0 in ""Reinfection Alytes: loads and survival"") were considered as focal animals
(4) ""Underlying mechanism"" for the protective effect of infection with a low-virulence Bd isolate: a  pathogen-mediated effect (e.g. niche pre-emption or competitive exclusion). The low-virulence strain can colonise the hostÕs skin without causing lethal disease, potentially occupying infection niches or outcompeting the hypervirulent strain during subsequent exposure.
(5) Do not consider another set of BdBE3 experiment (Figure 3b) -> there are infected before post-treatment Bd exposure: see text ""Exposure to BdBE3 resulted in ""infection in ALL animals"" in the absence of mortality and a median peak load of 140 GE (range 14Ð1164 GE).",yes
Bsal,Greener_et_al_2020,Greener,10.1038/s41467-020-19241-7,1,LiveFungi,EU,"Merelbeke, Belgium",51.04685398,3.727373297,Pleurodeles waltl,Salamandridae,unclear,split,unclear,unclear,no,juvenile,juvenile,NA,laboratory,Bsal ==> AMFP18/02,unclear,unclear,unclear,unclear,unclear,unclear,21,Fig 4a,NA,yes
Bsal,Greener_et_al_2020,Greener,10.1038/s41467-020-19241-7,2,LiveFungi,EU,"Merelbeke, Belgium",51.04685398,3.727373297,Salamandra salamandra,Salamandridae,unclear,split,unclear,unclear,no,juvenile,juvenile,NA,laboratory,Bsal ==> AMFP18/02,unclear,unclear,unclear,unclear,unclear,unclear,21,Fig 4b,NA,yes
Bsal,Greener_et_al_2020,Greener,10.1038/s41467-020-19241-7,3,LiveFungi,EU,"Merelbeke, Belgium",51.04685398,3.727373297,Triturus marmoratus,Salamandridae,unclear,split,unclear,unclear,no,juvenile,juvenile,NA,laboratory,Bsal ==> AMFP18/02,unclear,unclear,unclear,unclear,unclear,unclear,21,Fig 4c,NA,yes
Bd,Harris_et_al_2009a,Becker_Harris_Walke_Gratwicke_Minbiole,10.1038/ismej.2009.27,1,Probiotics,USA,"California, USA",37.87143427,-122.255463,Rana muscosa,Ranidae,wild,split,unclear,unclear,no,juvenile,juvenile,SAME,laboratory,JEL215,unclear,unclear,Rana muscosa,same,unclear,unclear,2,NA,NA,no
Bd,Harris_et_al_2009b,Becker_Harris_Walke_Gratwicke_Minbiole,10.3354/dao02004,1,Probiotics,USA,"Virginia, USA",38.22850387,-79.42349181,Plethodon cinereus,Plethodontidae,wild,split,unclear,unclear,no,adult,adult,SAME,laboratory,JEL 215,unclear,unclear,unclear,unclear,unclear,unclear,3,NA,NA,no
Bd,Hauser_et_al_2024,Hauser_Grayfer,10.7554/eLife.92168,1,Other,USA,"Washington, USA",38.89984807,-77.04863139,Xenopus laevis,Pipidae,captive,unclear,unclear,unclear,no,juvenile,juvenile,SAME,laboratory,JEL197,GPL,unclear,unclear,unclear,unclear,unclear,0.5,mast cell enrichment via subcutaneous rSCF injection,"(1) no data of mortality and infection rate, 
(2) Neutrophils are expected to amplify the inflammation (and thus make Bd infection more severe). The experiment on ""neutrophils enrichment via subcetaneous rCSF3 administration"" is not considered because it is expected to increase Bd susceptibility.
(3) mechanism: 
(a) Mast cell-enriched frogs have greater Bd-inhibitory bacteria richness (despite less abundance of antifungal bacteria) during the post-treatment Bd exposure period (Fig 7C,D) --> hence, mast cell enrichment can serve as a ""selective substratum for commensal microbes"" 
(b) Mast cell enrichment did not improve direct Bd-killing capacities in vitro
(c) Mast-cell enrichment can upregulate the expression of AMP-enconding genes post-Bd exposure (in vitro), but not in vivo 
(d) Mast cell-enriched animal skins have greater transcripts of il4 than control animals --> this resulted in the next set of experiment (to test the difference in Bd load between il4-enriched animals versus control animals)
","yes, but difficult to understand"
Bd,Hauser_et_al_2024,Hauser_Grayfer,10.7554/eLife.92168,2,Other,USA,"Washington, USA",38.89984807,-77.04863139,Xenopus laevis,Pipidae,captive,unclear,unclear,unclear,no,juvenile,juvenile,SAME,laboratory,JEL197,GPL,unclear,unclear,unclear,unclear,unclear,0.5,Pleotropic anti-inflammatory cytokine (interleukin-4; il4) enrichment via subcetaneous rIL4 injection,"(1) no data of mortality and infection rate, 
(2) The authors first found that mast cellÐenriched animals exhibited greater il4 expression than control animals. Based on this, they manipulated subcutaneous IL-4 levels to test whether increasing its abundance could help reduce Bd loads.
(3) There are two types of IL-4 experiments: (a) animals were injected with rIL4 --> after 12 hours, exposed to Bd; (b) animals were first exposed to Bd --> after 1 day, injected with rIL4. I only included (a), as my inclusion criteria require that Bd exposure occurs after the resistance-enhancing treatment.","yes, but difficult to understand"
Bd,Kaganer_et_al_2023,Kaganer_Bunting,10.1098/rsos.220810,1,DeadFungi,USA,"New York, USA",42.44695115,-76.48177852,Cryptobranchus alleganiensis,Cryptobranchidae,wild,split,unclear,unclear,yes,juvenile,juvenile,SAME,laboratory,JEL422,unclear,unclear,Sachatamia albomaculata,different,unclear,unclear,26,high Bd dose for post-treatment Bd exposure,"(1) time_interval = Figure 1: Day 89 - Day 63. (2) method for post-treatment Bd exposure = topical onto the skin. (3) raw data were provided by the authors (4) although many animals were kept in a communal tank, the procedures for Bd inocuation and vacciniation were conducted in an individual container/bin for each individual (so technical replicate = number of animals)","yes, sought from the author"
Bd,Kaganer_et_al_2023,Kaganer_Bunting,10.1098/rsos.220810,2,DeadFungi,USA,"New York, USA",42.44695115,-76.48177852,Cryptobranchus alleganiensis,Cryptobranchidae,wild,split,unclear,unclear,yes,juvenile,juvenile,SAME,laboratory,JEL422,unclear,unclear,Sachatamia albomaculata,different,unclear,unclear,26,low Bd dose for post-treatment Bd exposure,"(1) time_interval = Figure 1: Day 89 - Day 63. (2) method for post-treatment Bd exposure = topical onto the skin. (3) raw data were provided by the authors (4) although many animals were kept in a communal tank, the procedures for Bd inocuation and vacciniation were conducted in an individual container/bin for each individual (so technical replicate = number of animals)","yes, sought from the author"
Bd,Knutie_et_al_2018,Rohr_McMahon_Civitello,10.1111/1365-2656.12769,1,Other,USA,"Florida, USA",27.05791317,-83.42374536,Osteopilus septentrionalis,Hylidae,wild,split,unclear,unclear,no,larva,larva,SAME,laboratory,SRS 812,unclear,unclear,Rana catesbeiana,different,unclear,unclear,1,"With atrazine in the environment [control = group (1); treated = group (3)], tadpole Bd exposure","(1) The author stated ""pollutants (i.e. herbicide atrazine) could increase infection risk"", so the exposure to atrazine is NOT considered as ""resistance-enhancing treatment""
(2) Metryrapone experiment is extracted because the authors assume ""Metyrapone exposure _ _ corticosterone _ _ microbiota diversity _ _ Bd resistance""
(3) Here I extracted data for the effect of metryrapone when atrazine was always in the treatment environment
(4) Tadpole and adult samples were collected from different individuals within the same replicate (tank)
(5) mortality was not reported","yes, but only one average value per replicate (tub) throughout the experiment"
Bd,Knutie_et_al_2018,Rohr_McMahon_Civitello,10.1111/1365-2656.12769,2,Other,USA,"Florida, USA",27.05791317,-83.42374536,Osteopilus septentrionalis,Hylidae,wild,split,unclear,unclear,no,larva,larva,SAME,laboratory,SRS 812,unclear,unclear,Rana catesbeiana,different,unclear,unclear,1,"Without atrazine in the environment [control = group (4); treated = group (2)], tadpole Bd exposure","(1) The author stated ""pollutants (i.e. herbicide atrazine) could increase infection risk"", so the exposure to atrazine is NOT considered as ""resistance-enhancing treatment""
(2) Metryrapone experiment is extracted because the authors assume ""Metyrapone exposure _ _ corticosterone _ _ microbiota diversity _ _ Bd resistance""
(3) Here I extracted data for the effect of metryrapone in the absence of atrazine
(4) Tadpole and adult samples were collected from different individuals within the same replicate (tank)
(5) mortality was not reported","yes, but only one average value per replicate (tub) throughout the experiment"
Bd,Knutie_et_al_2018,Rohr_McMahon_Civitello,10.1111/1365-2656.12769,3,Other,USA,"Florida, USA",28.05791317,-82.42374536,Osteopilus septentrionalis,Hylidae,wild,split,unclear,unclear,no,larva,juvenile,DIFFERENT,laboratory,SRS 812,unclear,unclear,Rana catesbeiana,different,unclear,unclear,78,"With atrazine in the environment [control = group (1); treated = group (3)], juvenile exposure","(1) The author stated ""pollutants (i.e. herbicide atrazine) could increase infection risk"", so the exposure to atrazine is NOT considered as ""resistance-enhancing treatment"".
(2) Metryrapone experiment is extracted because the authors assume ""Metyrapone exposure _ _ corticosterone _ _ microbiota diversity _ _ Bd resistance""
(3) time_interval = day 84 (adult Bd expousure) - day 6 (the end of tadpole water treatment) = 78 days (Fig 2) 
(4) metyrapone was redosed every three days. atrazine was not redosed
(5) Here I extracted data for the effect of metryrapone in the presence of atrazine
(6) Tadpole and adult samples were collected from different individuals within the same replicate (tank)
(7) life-stage = 1 month post-metamorphosis. The authors called it ""adult"", but I am not sure
(8) mortality was not reported","yes, but only one measure per animal throughout the experiment"
Bd,Knutie_et_al_2018,Rohr_McMahon_Civitello,10.1111/1365-2656.12769,4,Other,USA,"Florida, USA",28.05791317,-82.42374536,Osteopilus septentrionalis,Hylidae,wild,split,unclear,unclear,no,larva,juvenile,DIFFERENT,laboratory,SRS 812,unclear,unclear,Rana catesbeiana,different,unclear,unclear,78,"Without atrazine in the environment [control = group (4); treated = group (2)], juvenile exposure","(1) The author stated ""pollutants (i.e. herbicide atrazine) could increase infection risk"", so the exposure to atrazine is NOT considered as ""resistance-enhancing treatment"".
(2) Metryrapone experiment is extracted because the authors assume ""Metyrapone exposure _ _ corticosterone _ _ microbiota diversity _ _ Bd resistance""
(3) time_interval = day 84 (adult Bd expousure) - day 6 (the end of tadpole water treatment) = 78 days (Fig 2) 
(4) metyrapone was redosed every three days. atrazine was not redosed
(5) Here I extracted data for the effect of metryrapone in the absence of atrazine
(6) Tadpole and adult samples were collected from different individuals within the same replicate (tank)
(7) life-stage = 1 month post-metamorphosis. The authors called it ""adult"", but I am not sure
(8) mortality was not reported","yes, but only one measure per animal throughout the experiment"
Bd,Korpita_PhD_thesis,McKenzie,NA,1,Probiotics,USA,"Colorado, USA",39.85686705,-105.0089233,Anaxyrus boreas,Bufonidae,wild,unclear,unclear,unclear,no,larva,juvenile,DIFFERENT,semi-natural,unclear,unclear,unclear,unclear,unclear,unclear,unclear,0,Chapter 3- South Cottonwood,"(1) Browns Creek is a Bd-na•ve environment, so experiment in Browns Creeks was excluded (as no post-treatment Bd exposure). (2) In South Cottonwood, the treatment started when focal individuals were late-larval stage (Gosner stage 39-41), The treatment continued for 15 days, and the author said ""we did observe treatment of all metamorphosis stage at South Cottonwood"". Therefore, I chose ""life_stage_treated = larva"" and ""life_stage_tested = juvenile"". (3) The probotic treatment ends on Day4; the animals were swabbed at Day 8 and Day 15 (selecting 10 individuals per container; n = 3 container per treatment); The animals were released at Day 16 but the recapture rate is low (34 [see Figure 3.3] out of 212 [page 37]= 16%). Therefore, I only considered the data on Day 8 and Day 15. (4) While the experiment was in the wild pond, but the animals were housed in containers, so I considered this as 'semi-natural'. (5)Exclude ""Chapter 2"": already published (the published paper has been screened from meta-analysis). Exclude ""Chapter"" 4: habitat manipulation via environmental microbiome augmentation. Exclude ""Chapter 5"": no resistance-enhancing treatment tested.",no
Bd,Madison_et_al_2019,Madison,10.1098/rspb.2019.1833,1,Probiotics,USA,"South Dakota, USA",42.78852193,-96.92540248,Acris blanchardi,Hylidae,wild,unclear,unclear,unclear,no,juvenile,juvenile,SAME,laboratory,JEL423,GPL,high,unclear,unclear,unclear,unclear,3,frogs washed (via pipetting sterilized spring water) before Serratia marcescens inoculation,"(1) I exclude the individuals that tested Bd postive at capture (Day 1; see Fig S7B), because there was not clearance procedure in this study, so they were not Bd negative at the beginning of the post-treatment Bd exposure period. (2) about the predictive effect of treatment: Washed vs unwashed: no directional prediction, the authors treated it as exploratory. (3) Bd load was not reported (only infected or not)","yes, but only infection rate but not Bd loads"
Bd,Madison_et_al_2019,Madison,10.1098/rspb.2019.1833,2,Probiotics,USA,"South Dakota, USA",42.78852193,-96.92540248,Acris blanchardi,Hylidae,wild,unclear,unclear,unclear,no,juvenile,juvenile,SAME,laboratory,JEL423,GPL,high,unclear,unclear,unclear,unclear,3,frogs unwashed before Serratia marcescens inoculation,"(1) I exclude the individuals that tested Bd postive at capture (Day 1; see Fig S7B), because there was not clearance procedure in this study, so they were not Bd negative at the beginning of the post-treatment Bd exposure period. (2) about the predictive effect of treatment: Washed vs unwashed: no directional prediction, the authors treated it as exploratory. (3) Bd load was not reported (only infected or not)","yes, but only infection rate but not Bd loads"
Bsal,McCartney_MS_thesis,Rollins-Smith_Woodhams,NA,1,LiveFungi,USA,"Massachusetts, USA",42.31445305,-71.0419953,Notophthalmus viridescens,Salamandridae,wild,unclear,unclear,unclear,no,juvenile,juvenile,SAME,laboratory,Bsal ==> from Salamandra salamandra,unclear,unclear,Salamandra salamandra,different,unclear,unclear,42,Chapter 2 - Juvenile,"(1) I only considered the second re-exposure because the infection rate of the first re-exposure is low (only 5% in total without individual report for each treatment)
(2) time_interval = 14 + 28 days = 2 weeks lower-temperature acclimation + 1 month for the first re-exposure (which failed due to low infection rate).",no
Bsal,McCartney_MS_thesis,Rollins-Smith_Woodhams,NA,2,LiveFungi,USA,"Tennessee, USA",35.95459234,-83.92944567,Notophthalmus viridescens,Salamandridae,wild,unclear,unclear,unclear,no,adult,adult,SAME,laboratory,Bsal ==> unclear ,unclear,unclear,unclear,unclear,unclear,unclear,7,Chapter 3 - Adult,NA,no
Bd,McMahon_et_al_2014,Rohr_McMahon_Civitello,10.1038/nature13491,1,LiveFungi,USA,"Florida, USA",28.05791317,-82.42374536,Osteopilus septentrionalis ,Hylidae,wild,split,unclear,unclear,no,juvenile,juvenile,SAME,laboratory,SRS 812,unclear,unclear,Rana catesbeiana,different,unclear,unclear,1,First immunological resistance - exposure period 3 (Extended Data Table 3). Clean infection using 32C (Extended Data Table 2),"(1) Mechanism: Increased number of ""infection + clearance"" cycles elevates lymphocyte abundance in the spleen (Fig. 3).
(2) Life stage: Not specified. Frogs were 5 months post-metamorphosis, but this species typically reaches sexual maturity at 6Ð12 months. I considered them ""juvenile/subadult"".
(3) Time_interval: Unclear. No rest period or gap between immunisation cycles was mentioned. Since post-treatment Bd exposure corresponds to the fourth cycle, I assumed it started immediatelyÑconsistent with the approach used by McMahon in other studies (2024, J Appl Ecol).
(4) Behaviour experiments were not extracted because the first and second Bd exposure data came from the same individuals (i.e., repeated measurements over time). The procedure therefore differed across Exposure 0, 1, and 2, with increasing handling over exposures and variation in the timing of estimates
",no
Bd,McMahon_et_al_2014,Rohr_McMahon_Civitello,10.1038/nature13491,2,LiveFungi,USA,"Florida, USA",28.05791317,-82.42374536,Osteopilus septentrionalis ,Hylidae,wild,split,unclear,unclear,no,juvenile,juvenile,SAME,laboratory,SRS 812,unclear,unclear,Rana catesbeiana,different,unclear,unclear,1,First immunological resistance - exposure period 4 (Extended Data Table 3). Clean infection using 32C (Extended Data Table 2),"(1) Mechanism: Increased number of ""infection + clearance"" cycles elevates lymphocyte abundance in the spleen (Fig. 3).
(2) Life stage: Not specified. Frogs were 5 months post-metamorphosis, but this species typically reaches sexual maturity at 6Ð12 months. I considered them ""juvenile/subadult"".
(3) Time_interval: Unclear. No rest period or gap between immunisation cycles was mentioned. Since post-treatment Bd exposure corresponds to the fourth cycle, I assumed it started immediatelyÑconsistent with the approach used by McMahon in other studies (2024, J Appl Ecol).
(4) Behaviour experiments were not extracted because the first and second Bd exposure data came from the same individuals (i.e., repeated measurements over time). The procedure therefore differed across Exposure 0, 1, and 2, with increasing handling over exposures and variation in the timing of estimates",no
Bd,McMahon_et_al_2014,Rohr_McMahon_Civitello,10.1038/nature13491,3,LiveFungi,USA,"Florida, USA",28.05791317,-82.42374536,Osteopilus septentrionalis ,Hylidae,wild,split,unclear,unclear,no,juvenile,juvenile,SAME,laboratory,SRS 812,unclear,unclear,Rana catesbeiana,different,unclear,unclear,1,Second immunological resistance  - exposure period 4 (Extened Data Table 3). Clean infection using 30C (Extended Data Table 2),"(1) Mechanism: Increased number of ""infection + clearance"" cycles elevates lymphocyte abundance in the spleen (Fig. 3).
(2) Life stage: Not specified. Frogs were 5 months post-metamorphosis, but this species typically reaches sexual maturity at 6Ð12 months. I considered them ""juvenile/subadult"".
(3) Time_interval: Unclear. No rest period or gap between immunisation cycles was mentioned. Since post-treatment Bd exposure corresponds to the fourth cycle, I assumed it started immediatelyÑconsistent with the approach used by McMahon in other studies (2024, J Appl Ecol).
(4) frogs across all treatments (including those for killed Bd incoluation) were exposed to the same temperature regimes (Extended Data Table 1 and Table 3) -> so they also experienced the temperature increased for heat clearance
(5) Behaviour experiments were not extracted because the first and second Bd exposure data came from the same individuals (i.e., repeated measurements over time). The procedure therefore differed across Exposure 0, 1, and 2, with increasing handling over exposures and variation in the timing of estimates",no
Bd,McMahon_et_al_2021,Rohr_McMahon_Civitello,10.1371/journal.pone.0258185,1,SynChem,USA,"Florida, USA",29.05791317,-83.42374536,Osteopilus septentrionalis,Hylidae,wild,split,unclear,unclear,no,juvenile,adult,DIFFERENT,laboratory,JEL 419 (from Panama),unclear,unclear,unclear,unclear,unclear,unclear,896,NA,"(1) Life_stage_treated: 4 weeks post-metamorphosis. = juveniles
(2) Life_stage_tested for Bd: 4 weeks post-metamorphosis plus 2.5 years (130 weeks). The Bd exposure occurred 2 weeks before the end of the 2.5 years, so 4 + 130 _ 2 = 132 weeks post-metamorphosis. Cuban tree frogs take approximately 17 weeks (males) or 36 weeks (females) to become sexually mature (see ref [20]), so at 132 weeks post-metamorphosis, all individuals were sexually mature.
(3) While the method stated ""the frogs were weighed every week... approximately 2.5 years (~130 weeks)"". However, when I check the supplementary information S1 Raw Data, the weight data were only shown until Week 82 + 6 weeks (45 Days post-Bd exposure) = 88 weeks (not 130 weeks). Also see Fig 2","yes, but only one measure per animal throughout the experiment"
Bd,McMahon_et_al_2023,Rohr_McMahon_Civitello,10.3354/dao03753,1,DeadFungi,USA,"Florida, USA",28.05791317,-82.42374536,Pseudacris regilla,Hylidae,wild,split,unclear,unclear,no,juvenile,juvenile,SAME,laboratory,JEL 419 (from Panama),unclear,unclear,unclear,unclear,unclear,2004,1,NA,"(1) life stage = juvenile = recently metamorphosed, after Gosner stage 46.
(2) This study investigated two types of resistance-enhancing intervention, with three treatment groups: (1) sham control, (2) killed Bd, (3) Bd metabolites + killed Bd. I compared (1) vs (2) for the effect of ""dead pathogen"". 
(3) The comparison between (2) and (3) may be used to test the effect of Ônatural chemicalsÕ in the presence of killed Bd. However, I did not extract this comparison because the effect of natural chemicals in the presence of killed Bd may differ from the effect of natural chemicals alone, and it is unclear whether the two interventions act additively or interactively.",no
Bd,McMahon_et_al_2024,Rohr_McMahon_Civitello,10.1111/1365-2664.14818,1,NatChem,USA,"Florida, USA",27.05791317,-83.42374536,Pseudacris regilla,Hylidae,wild,unclear,unclear,unclear,no,larva,larva,SAME,laboratory,JEL270 (California strain),unclear,unclear,unclear,unclear,unclear,unclear,1,NA,"(1) There is a 5 _ 5 factorial design (metabolite concentration _ duration), but the authors adopted a Òstandard response surface designÓ (Table S1) with only 14 actual experimental groups. (2) The time interval is unclear, but the live Bd exposure started immediately after the vaccination period, so I assume it to be 1 day.","yes, but only one measure per animal throughout the experiment"
Bd,McMahon_et_al_2024,Rohr_McMahon_Civitello,10.1111/1365-2664.14818,2,NatChem,USA,"Connecticut, USA",41.37990973,-72.10427853,Pseudacris regilla,Hylidae,wild,unclear,unclear,unclear,no,juvenile,juvenile,SAME,laboratory,JEL270 (California strain),unclear,unclear,unclear,unclear,unclear,unclear,1,NA,"(1) The time interval is unclear, but the live Bd exposure started immediately after the vaccination period, so I assume it to be 1 day.","yes, but only one measure per animal throughout the experiment"
Bd,Nordheim_et_al_2022,Rohr_McMahon_Civitello,10.1111/1365-2664.14242,1,NatChem,USA,"Florida, USA",27.05791317,-83.42374536,Osteopilus septentrionalis,Hylidae,wild,split,unclear,unclear,no,larva,larva,SAME,laboratory,JEL 419 (isolated in Panam‡),unclear,unclear,unclear,unclear,unclear,unclear,1,NA,"(1) This study investigated two types of resistance-enhancing intervention, with four treatment groups: (1) Bd metabolites, (2) killed Bd by frozen using liquid nitrogen, (3) Bd metabolites + killed Bd, (4) sham control. I compared (1) vs (4) for the effect of ""natural chemical""; (2) vs (4) for the effect of ""dead pathogen"". I do not extract data from (3) the combined effect because the individual effects of natural chemical [(1) vs (4)] and dead pathogen [(2) vs (4)] have been extracted.","yes, but only one measure per animal throughout the experiment"
Bd,Robak_and_Richards-Zawacki_2018,Richards-Zawacki,10.3389/fmicb.2018.00410,1,Probiotics,USA,"Louisiana, USA",29.8852489,-89.9694904,Acris crepitans,Hylidae,wild,split,unclear,unclear,no,adult,adult,SAME,laboratory,JEL 412,unclear,unclear,Sachatamia ilex,different,unclear,2005,1,animals kept at 14¡C,"(1) Frogs were wild-caught and then heat treated. The initial infection status was unclear (2) There were three treatments: ""BCI: NO reduced original bacteria + NO added new bacteria"", ""BCR: YES reduced original bacteria + NO added new bacteria"", ""SMA: YES reduced original bacteria + YES added new bacteria"", I consider ""BCR"" as control. as they are comparable with SMA to test for the effect of adding new bacteria (both groups underwent antibiotic baths) (see Day -2 in Table 2). ""BCI"" cannot be a proper control, because any differences between BCI and SMA could have resulted from either antibiotic bath or adding new bacteria (we don't know). (3) life stage was answered by the author ""I donÕt remember us being picky about whether the frogs were juvenile or sexually mature when we collected the animals for this study but I imagine they were mostly adult frogs, or at least adult sized as juvenile cricket frogs are pretty tiny and I imagine we would have worried about how they would have fared in the experiment.""",no
Bd,Robak_and_Richards-Zawacki_2018,Richards-Zawacki,10.3389/fmicb.2018.00410,2,Probiotics,USA,"Louisiana, USA",29.8852489,-89.9694904,Acris crepitans,Hylidae,wild,split,unclear,unclear,no,adult,adult,SAME,laboratory,JEL 412,unclear,unclear,Sachatamia ilex,different,unclear,2005,1,animals kept at 26¡C,"(1) Frogs were wild-caught and then heat treated. The initial infection status was unclear (2) There were three treatments: ""BCI: NO reduced original bacteria + NO added new bacteria"", ""BCR: YES reduced original bacteria + NO added new bacteria"", ""SMA: YES reduced original bacteria + YES added new bacteria"", I consider ""BCR"" as control. as they are comparable with SMA to test for the effect of adding new bacteria (both groups underwent antibiotic baths) (see Day -2 in Table 2). ""BCI"" cannot be a proper control, because any differences between BCI and SMA could have resulted from either antibiotic bath or adding new bacteria (we don't know). (3) life stage was answered by the author ""I donÕt remember us being picky about whether the frogs were juvenile or sexually mature when we collected the animals for this study but I imagine they were mostly adult frogs, or at least adult sized as juvenile cricket frogs are pretty tiny and I imagine we would have worried about how they would have fared in the experiment.""",no
Bd,Rohr_et_al_2017,Rohr_McMahon_Civitello,10.1002/eap.1607,1,LiveFungi,USA,"Florida, USA",28.05791317,-82.42374536,Osteopilus septentrionalis,Hylidae,wild,split,unclear,unclear,no,larva,juvenile,DIFFERENT,laboratory,SRS 812,unclear,unclear,Rana catesbeiana,different,12,2006,71,"Delay exposure and double exposure in the section ""Effects of fungicides on Bd growth on frogs in the laboratory""","(1) Effects of fungicides on Bd growth on frogs in the laboratory: Extracted --> 4 fungicide treatments (Mancozeb, Azoxystrobin, Chlorothalonil, or no drug; reapplied weekly until metamorphosis) * 4 dfferent timings when the frogs were exposed to Bd (tadpole only; metamorph only; both tadpole and metamorph; no Bd). Do not consider ""no Bd"" or ""tadpole Bd only"" (= simultaneous exposure; because the timing of drug exposure and Bd exposure occurred simultaneously, so cannot separate causeÐeffect). Only consider the data with ""metamorph Bd exposure"" because the fungicide treatment ended at metamorphosis 
_ There are two groups: Bd exposure for metamorphs (=delayed exposure) & Bd exposure for both tadpole and metamorph (=double exposure)
_ We can test the effect of 'synthetic pesticide' using the data within ""delayed exposure"" group (i.e. no tadpole Bd exposure -> metamorph ""with"" versus ""without"" tadpole antifungal bath) => animals with one type of antifungal versus animals with sham bath
_ We can test the effect of 'live pathogen' by comparing data between Òdouble exposure: no fungicideÓ and Òdelayed exposure: no fungicideÓ. That is, in the absence of fungicide, comparing metamorphs with versus without tadpole-stage Bd exposure. Importantly, for animals in the Òdouble exposureÓ treatment, I only extracted data from those that were Bd-free at the beginning of their second exposure (i.e., uninfected at metamorphosis).
_ Note: I did not consider the comparison between Òtadpole fungicide exposure + tadpole Bd exposureÓ in double exposure versus Òtadpole fungicide exposure + no tadpole Bd exposure.Ó Ð i.e. in the presence of a fungicide, metamorphs ""with"" versus ""without"" tadpole-stage Bd exposure. Not to include such comparison is because it is unclear whether tadpole Bd exposure acts additively or interactively in the presence of fungicide. Thus, the comparison of with versus without tadpole Bd exposure in the presence of fungicide is not equivalent to studies that only compare with versus without prior Bd exposure in the absence of any fungicide. To more accurately capture the effect of live pathogen only in our meta-analysis, I conservatively extracted this effect only in the absence of any other fungicides.
(2) Effect of the fungicide itraconazole on Bd growth on frogs in the laboratory: Not extracted _ re-analysis of literature data.
(3) Effect of the fungicide on Bd prevalence in the field: Not extracted _ Study detected drug concentrations in the field and associated Bd infection status, but the timing of drug exposure and Bd exposure occurred simultaneously (cannot separate cause-effect).
(4) time_intervals = 71 days in the Result text","yes, but only one measure per animal throughout the experiment"
Bd,Rollins-Smith_et_al_2009,Rollins-Smith_Woodhams,10.2741/e8,1,DeadFungi,USA,"Colorado, USA",39.85686705,-105.0089233,Anaxyrus boreas,Bufonidae,captive,unclear,unclear,unclear,no,juvenile,juvenile,SAME,laboratory,JEL275,unclear,unclear,Bufo boreas,different,unclear,unclear,NA,NA,"(1) Life_stage = juvenile, as the text said ""young boreal toads"". Also, animals in a highly related study (Carey et al 2006 EcoHealth) said ""toadlet"" (2) Post_Bd_strain was not mentioned, associated with a cited paper ""Carey et al 2006 EcoHealth"", so I putted the same strain  (the focal species is the same in both studies)",no
Bd,Sauer_et_al_2018,Rohr_McMahon_Civitello,10.1098/rspb.2018.1111,1,LiveFungi,USA,"Florida, USA",29.05791317,-83.42374536,Osteopilus septentrionalis,Hylidae,wild,split,unclear,unclear,no,adult,adult,SAME,laboratory,SRS 812,unclear,unclear,unclear,unclear,unclear,unclear,4,allowed to thermoregulate [group (ii)],"(1) Anaxyrus terrestris, Atelopus zeteki, Acris crepitans, and Anaxyrus americanus _ not extracted (no resistance-enhancing treatment)
(2) Do not extract data from (a) sham-exposed control group = no post-treatment Bd exposure & (b) Bd-exposed non-regulating group = each individuals were held at their own preferred body temperature (ranging from 9 to 27 degrees) , so there was no common environment during the post-Bd exposure period.
(3) Not useful files: supplementary (only reporting data about non-focal species or preferred temperature), Tpref database tab (temperature data; no Bd-exposed non-regulating group for Osteopilus septentrionalis) -> directly check on the file provided by the author
(4) time_interval = 4 days (answered by the author)
","yes, sought from the author, but no infection "
Bd,Stice_and_Briggs_2010,Stice_Briggs,10.7589/0090-3558-46.1.70,1,DeadFungi,USA,"California, USA",37.87143427,-122.255463,Rana muscosa,Ranidae,wild,split,unclear,unclear,no,juvenile,juvenile,SAME,laboratory,LJR119,unclear,unclear,Rana muscosa,same,unclear,2002,30,NA,"(1) I treated the adjuvant-only group as a control (not a resistance-enhancing treatment), as the authors stated: ÔAdjuvants used in this study have been used successfully in fish and other anurans (Olivier et al., 1985) and in promoting the recognition of haptens by the anuran immune systemÕ Ñ suggesting that adjuvants act as ÔhelpersÕ to generate immune memory for Bd pathogens. However, adjuvants alone do not enhance resistance to subsequent Bd exposure (i.e. they help immune cells recognise Bd but cannot generate Bd-specific memory in the absence of Bd).
(2) the comparison between the control and adjuvant-only groups --> tests the effect of the adjuvant itself (innate immunity). 
(3) the comparison between the adjuvant-only and killed-Bd groups --> tests the effect of the killed Bd antigen (adaptive immunity)
(4) Freunds Complete Adjuvants are killed, dried mycobacteria. It does not belong to inactivated pathogen or natural chemicals.",no
Bd,Towe_et_al_2024,Towe_Miller,10.1638/2023-0010,1,SynChem,USA,"Tennessee, USA",35.95459234,-83.92944567,Siren lacertina,Sirenidae,wild,split,unclear,unclear,no,adult,adult,SAME,laboratory,unclear,unclear,unclear,unclear,unclear,unclear,unclear,30,NA,"(1) Animals were Bd positive at capture and then heat treated to clear Bd infection ~16 months before this experiment
(2) Animals were exposed to Bd after 30 days post-implant placement, but none of them got infected. All animals were reexposed to Bd after 60 days post-implant placement (so 30 days after the first Bd inoculation)",no
Bd,Towe_et_al_2024,Towe_Miller,10.1638/2023-0010,2,SynChem,USA,"Tennessee, USA",35.95459234,-83.92944567,Siren lacertina,Sirenidae,wild,split,unclear,unclear,no,adult,adult,SAME,laboratory,unclear,unclear,unclear,unclear,unclear,unclear,unclear,60,NA,"(1) Animals were Bd positive at capture and then heat treated to clear Bd infection ~16 months before this experiment
(2) Animals were exposed to Bd after 30 days post-implant placement, but none of them got infected. All animals were reexposed to Bd after 60 days post-implant placement (so 30 days after the first Bd inoculation)",no
Bd,Waddle_et_al_2021,Waddle_Skerratt_Shine_Aquilina_Clulow,10.1111/1365-2664.13974,1,LiveFungi,USA,"Nevada, USA",36.1104806,-115.1429274,Rana onca,Ranidae,wild,split,6,6,no,juvenile,juvenile,SAME,laboratory,LC63,unclear,high,Litoria caerulea,different,5,2016,238,"SLL-inoculated animals, only 9 individuals that remained Bd negative at the start of post-treatment Bd exposure were considered","(1) time_interval = 34 weeks after their initial exposure to SLL; (3) clutches = ""split"" as ""In each group, we maintained relatively comparable numbers of frogs (=5 or 6) from each source area""",yes
Bd,Waddle_et_al_2021,Waddle_Skerratt_Shine_Aquilina_Clulow,10.1111/1365-2664.13974,2,LiveFungi,USA,"Nevada, USA",36.1104806,-115.1429274,Rana onca,Ranidae,wild,split,6,6,no,juvenile,juvenile,SAME,laboratory,isolate SMR,GPL,unclear,Pseudacris regilla,different,3,2016,14,Infection_clear: Rana onca,"(1) Two comparison can be extracted (see Figure 1): (a) infect_clear: immunisation (prior exposure) vs sham control (itraconazole_only) (b) synthetic_chem: sham control (intraconazole_only) vs pure control (Bd control). (2) cross-isolate prior (CIP) exposure was not considered because it referred to a different Bd strain used for post-treatment Bd exposure., which was not directly comparable to the itraconazole_only (i.e. different post-treatment environment). (3) clutches = split because ""We maintained similar numbers of R. onca from each source area (Northshore and Black Canyon) within each treatment""",yes
Bd,Waddle_et_al_2021,Waddle_Skerratt_Shine_Aquilina_Clulow,10.1111/1365-2664.13974,3,SynChem,USA,"Nevada, USA",37.1104806,-116.1429274,Rana pipiens,Ranidae,wild,unclear,unclear,unclear,no,adult,adult,SAME,laboratory,isolate CL,unclear,unclear,Pseudacris triseriata,different,3,2016,14,Infection_clear: Rana pipiens,"(1) Two comparison can be extracted (see Figure 1): (a) infect_clear: immunisation (prior exposure) vs sham control (itraconazole_only) (b) synthetic_chem: sham control (intraconazole_only) vs pure control (Bd control). (2)  clutches = split because ""We maintained similar numbers of R. onca from each source area (Northshore and Black Canyon) within each treatment"" ",yes
Bd,Waddle_et_al_2024,Waddle_Skerratt_Shine_Aquilina_Clulow,10.1038/s41586-024-07582-y,1,LiveFungi,AU,"Sydney, Australia",-33.77039903,151.1128215,Litoria aurea,Hylidae,captive,split,unclear,unclear,no,juvenile,juvenile,SAME,laboratory,"LFMU ÔMacquarie University-Litoria fallax-2020-AWÕ, AUS 86",GPL,unclear,Litoria fallax,different,3,2020,42,section: Pathogen-experienced frogs are resistant,(1) Data was not extracted from thermal regulation part of the experiment due to environmental difference in Bd exposure period.,yes
Bd,Waddle_et_al_2024,Waddle_Skerratt_Shine_Aquilina_Clulow,10.1038/s41586-024-07582-y,2,LiveFungi,AU,"Sydney, Australia",-33.77039903,151.1128215,Litoria aurea,Hylidae,captive,split,unclear,unclear,no,juvenile,juvenile,SAME,semi-natural,"LFMU ÔMacquarie University-Litoria fallax-2020-AWÕ, AUS 86",GPL,unclear,Litoria fallax,different,3,2020,14,Unshaded greenhouse in 'Hotspot shelters prevent disease',"(1) Treatment frogs were immunised either once or twice (see Supplementary Table 1), but both immunised groups were pool in the raw data (Source_Data_Fig3). (2) I considered control = ""na•ve"" and treatment ""prior-exposure"" in (Source_Data_Fig3). I am not sure what is treatment = ""previous infection"" and exclude any data from this group",yes
Bd,Waddle_et_al_2024,Waddle_Skerratt_Shine_Aquilina_Clulow,10.1038/s41586-024-07582-y,3,LiveFungi,AU,"Sydney, Australia",-33.77039903,151.1128215,Litoria aurea,Hylidae,captive,split,unclear,unclear,no,juvenile,juvenile,SAME,semi-natural,"LFMU ÔMacquarie University-Litoria fallax-2020-AWÕ, AUS 86",GPL,unclear,Litoria fallax,different,3,2020,14,Shaded greenhouse in 'Hotspot shelters prevent disease',"(1) Treatment frogs were immunised either once or twice (see Supplementary Table 1), but both immunised groups were pool in the raw data (Source_Data_Fig3). (2) I considered control = ""na•ve"" and treatment ""prior-exposure"" in (Source_Data_Fig3). I am not sure what is treatment = ""previous infection"" and exclude any data from this group",yes
Bd,Waddle_PhD_thesis,Waddle_Skerratt_Shine_Aquilina_Clulow,NA,1,LiveFungi,AU,"Sydney, Australia",-33.77039903,151.1122962,Litoria aurea,Hylidae,captive,split,7,7,no,juvenile,juvenile,SAME,laboratory,"LFMU ÔMacquarie University-Litoria fallax-2020-AWÕ, AUS 86",GPL,unclear,Litoria fallax,different,3,2020,50,Chapter 5 in thesis,"(1) life_stage = 12 weeks post-metamorphosis = juveniles, as females take up to 2 years to be sexually mature
(2) time_interval = the start of Bd re-exposure (Day 105) - the end of itraconazole treatment (Day 55) = 50 days
(3)  side-effect of immunisation (i.e., infection - drug clearance): 4 out of 23 individuals died",no
Bd,Walke_et_al_2015,Becker_Harris_Walke_Gratwicke_Minbiole,10.1371/journal.pone.0139848,1,Probiotics,USA,"Virginia, USA",37.22850387,-80.42349181,Lithobates catesbieanus,Ranidae,wild,split,unclear,unclear,no,juvenile,juvenile,SAME,laboratory,JEL310,unclear,high,unclear,unclear,unclear,unclear,4,NA,"(1) There were 60 frogs in each of the 6 treatments. Thirty of them were naturally infected (with a low Bd load and not cleared of infection before the experiment) and thirty were uninfected. They were randomly assigned to each treatment, so I assume half of the frogs in each group should be excluded. I kept the data because the infected and uninfected frogs were randomly (and likely evenly) assigned to different treatments, but this may need to be excluded. (3) Bd prevalence data --> not reported.",no
Bd,Weeks_et_al_2020,Weeks_Brown,10.1186/s42523-020-00053-5,1,Probiotics,USA,"Tennessee, USA",35.95459234,-83.92944567,Lithobates sphenocephalus,Ranidae,wild,split,7,7,no,adult,adult,SAME,laboratory,FMB003,unclear,unclear,Lithobates sphenocephalus,same,unclear,2010,7,NA,"(1) Bacillus thuringiensis subsp. kurstaki is microbial pesticides as insecticidal biocides, which also has the anti-Bd function in vitro
(2) time_intravel = Day 14 (Bd exposure) - Day 7 (the second microbiome exposure) = 7 days
",no
Bd,Woodhams_et_al_2012,Rollins-Smith_Woodhams,10.3354/dao02429,1,NatChem,EU,"Zurich, Switzerland",47.37470582,8.548695083,Bufo Bufo,Bufonidae,wild,split,4,4,no,juvenile,juvenile,SAME,laboratory,a mix of UK Bufo Bufo isolate + Swiss Alytes obstetricans isolate 0739,unclear,unclear,Bufo Bufo + Alytes obstetricans,same,unclear,unclear,0,NA,"(1) Bufo bufo experiment: (a) Treatment 3: Bd-exposed control (n = 17) (b) Treatment 4: treated with antimicrobial peptides (AMPs) and then exposed to Bd (n = 17) ==> Data extractable from this comparison for Bd resistance.
(2) Other species (Rana muscosa, Lithobates pipiens, Limnodynastes peronii, Alytes obstetricans): Not included, as animals were naturally infected before any disinfectant or AMP treatments, and no controlled post-treatment Bd exposure occurred.
(3) time_interval = 0 => Bd exposure immediately after peptide treatment",no
Bd,Woodhams_et_al_2020,Rollins-Smith_Woodhams,10.1007/s00248-019-01385-9,1,Probiotics,USA,"Virginia, USA",37.22850387,-80.42349181,Rana sierrae,Ranidae,wild,split,unclear,unclear,no,juvenile,juvenile,SAME,laboratory,TST75,unclear,unclear,Rana muscosa,different,unclear,unclear,14,NA,"(1) Given the significant mortality driven by Bd, the authors did not test for Bd load",no